# File generated by ImageToStl.com - Free Image and 3D model conversion tools

mtllib Statue.mtl

o obj1
v -21.48396301 -7.72322884 -49.97852325
v -21.48396301 -7.72322884 -45.97938232
v -17.48482208 -7.72322884 -45.97938232
v -17.48482208 -7.72322884 -49.97852325
v -21.48396301 -3.72408791 -49.97852325
v -21.48396301 -3.72408791 -45.97938232
v -17.48482208 -3.72408791 -45.97938232
v -17.48482208 -3.72408791 -49.97852325
v -21.48396301 -7.72322884 -5.98797302
v -21.48396301 -7.72322884 -1.98883209
v -17.48482208 -7.72322884 -1.98883209
v -17.48482208 -7.72322884 -5.98797302
v -21.48396301 -3.72408791 -5.98797302
v -21.48396301 -3.72408791 -1.98883209
v -17.48482208 -3.72408791 -1.98883209
v -17.48482208 -3.72408791 -5.98797302
v -21.48396301 -7.72322884 2.01030884
v -17.48482208 -7.72322884 2.01030884
v -21.48396301 -3.72408791 2.01030884
v -17.48482208 -3.72408791 2.01030884
v -21.48396301 -7.72322884 2.01030884
v -21.48396301 -7.72322884 6.00944977
v -17.48482208 -7.72322884 6.00944977
v -17.48482208 -7.72322884 2.01030884
v -21.48396301 -3.72408791 2.01030884
v -21.48396301 -3.72408791 6.00944977
v -17.48482208 -3.72408791 6.00944977
v -17.48482208 -3.72408791 2.01030884
v -21.48396301 -7.72322884 10.0085907
v -17.48482208 -7.72322884 10.0085907
v -21.48396301 -3.72408791 10.0085907
v -17.48482208 -3.72408791 10.0085907
v -21.48396301 -7.72322884 14.00773163
v -17.48482208 -7.72322884 14.00773163
v -21.48396301 -3.72408791 14.00773163
v -17.48482208 -3.72408791 14.00773163
v -21.48396301 -7.72322884 14.00773163
v -21.48396301 -7.72322884 18.00687256
v -17.48482208 -7.72322884 18.00687256
v -17.48482208 -7.72322884 14.00773163
v -21.48396301 -3.72408791 14.00773163
v -21.48396301 -3.72408791 18.00687256
v -17.48482208 -3.72408791 18.00687256
v -17.48482208 -3.72408791 14.00773163
v -21.48396301 -3.72408791 -49.97852325
v -21.48396301 -3.72408791 -45.97938232
v -17.48482208 -3.72408791 -45.97938232
v -17.48482208 -3.72408791 -49.97852325
v -21.48396301 0.27505302 -49.97852325
v -21.48396301 0.27505302 -45.97938232
v -17.48482208 0.27505302 -45.97938232
v -17.48482208 0.27505302 -49.97852325
v -21.48396301 -3.72408791 -41.98024139
v -17.48482208 -3.72408791 -41.98024139
v -21.48396301 0.27505302 -41.98024139
v -17.48482208 0.27505302 -41.98024139
v -21.48396301 -3.72408791 -37.98110046
v -17.48482208 -3.72408791 -37.98110046
v -21.48396301 0.27505302 -37.98110046
v -17.48482208 0.27505302 -37.98110046
v -21.48396301 -3.72408791 -33.98195953
v -17.48482208 -3.72408791 -33.98195953
v -21.48396301 0.27505302 -33.98195953
v -17.48482208 0.27505302 -33.98195953
v -21.48396301 -3.72408791 -21.98453674
v -21.48396301 -3.72408791 -17.98539581
v -17.48482208 -3.72408791 -17.98539581
v -17.48482208 -3.72408791 -21.98453674
v -21.48396301 0.27505302 -21.98453674
v -21.48396301 0.27505302 -17.98539581
v -17.48482208 0.27505302 -17.98539581
v -17.48482208 0.27505302 -21.98453674
v -21.48396301 -3.72408791 -13.98625488
v -21.48396301 -3.72408791 -9.98711395
v -17.48482208 -3.72408791 -9.98711395
v -17.48482208 -3.72408791 -13.98625488
v -21.48396301 0.27505302 -13.98625488
v -21.48396301 0.27505302 -9.98711395
v -17.48482208 0.27505302 -9.98711395
v -17.48482208 0.27505302 -13.98625488
v -21.48396301 -3.72408791 -5.98797302
v -17.48482208 -3.72408791 -5.98797302
v -21.48396301 0.27505302 -5.98797302
v -17.48482208 0.27505302 -5.98797302
v -21.48396301 -3.72408791 -5.98797302
v -21.48396301 -3.72408791 -1.98883209
v -17.48482208 -3.72408791 -1.98883209
v -17.48482208 -3.72408791 -5.98797302
v -21.48396301 0.27505302 -5.98797302
v -21.48396301 0.27505302 -1.98883209
v -17.48482208 0.27505302 -1.98883209
v -17.48482208 0.27505302 -5.98797302
v -21.48396301 -3.72408791 2.01030884
v -17.48482208 -3.72408791 2.01030884
v -21.48396301 0.27505302 2.01030884
v -17.48482208 0.27505302 2.01030884
v -21.48396301 -3.72408791 2.01030884
v -21.48396301 -3.72408791 6.00944977
v -17.48482208 -3.72408791 6.00944977
v -17.48482208 -3.72408791 2.01030884
v -21.48396301 0.27505302 2.01030884
v -21.48396301 0.27505302 6.00944977
v -17.48482208 0.27505302 6.00944977
v -17.48482208 0.27505302 2.01030884
v -21.48396301 -3.72408791 10.0085907
v -17.48482208 -3.72408791 10.0085907
v -21.48396301 0.27505302 10.0085907
v -17.48482208 0.27505302 10.0085907
v -21.48396301 -3.72408791 14.00773163
v -21.48396301 -3.72408791 18.00687256
v -17.48482208 -3.72408791 18.00687256
v -17.48482208 -3.72408791 14.00773163
v -21.48396301 0.27505302 14.00773163
v -21.48396301 0.27505302 18.00687256
v -17.48482208 0.27505302 18.00687256
v -17.48482208 0.27505302 14.00773163
v -21.48396301 4.27419395 -49.97852325
v -21.48396301 4.27419395 -45.97938232
v -17.48482208 4.27419395 -45.97938232
v -17.48482208 4.27419395 -49.97852325
v -21.48396301 8.27333488 -49.97852325
v -21.48396301 8.27333488 -45.97938232
v -17.48482208 8.27333488 -45.97938232
v -17.48482208 8.27333488 -49.97852325
v -17.48482208 -15.7215107 -49.97852325
v -17.48482208 -15.7215107 -45.97938232
v -13.48568115 -15.7215107 -45.97938232
v -13.48568115 -15.7215107 -49.97852325
v -17.48482208 -11.72236977 -49.97852325
v -17.48482208 -11.72236977 -45.97938232
v -13.48568115 -11.72236977 -45.97938232
v -13.48568115 -11.72236977 -49.97852325
v -17.48482208 -7.72322884 -49.97852325
v -17.48482208 -7.72322884 -45.97938232
v -13.48568115 -7.72322884 -45.97938232
v -13.48568115 -7.72322884 -49.97852325
v -17.48482208 -11.72236977 6.00944977
v -17.48482208 -11.72236977 10.0085907
v -13.48568115 -11.72236977 10.0085907
v -13.48568115 -11.72236977 6.00944977
v -17.48482208 -7.72322884 6.00944977
v -17.48482208 -7.72322884 10.0085907
v -13.48568115 -7.72322884 10.0085907
v -13.48568115 -7.72322884 6.00944977
v -17.48482208 -11.72236977 14.00773163
v -13.48568115 -11.72236977 14.00773163
v -17.48482208 -7.72322884 14.00773163
v -13.48568115 -7.72322884 14.00773163
v -17.48482208 -11.72236977 14.00773163
v -17.48482208 -11.72236977 18.00687256
v -13.48568115 -11.72236977 18.00687256
v -13.48568115 -11.72236977 14.00773163
v -17.48482208 -7.72322884 14.00773163
v -17.48482208 -7.72322884 18.00687256
v -13.48568115 -7.72322884 18.00687256
v -13.48568115 -7.72322884 14.00773163
v -17.48482208 -7.72322884 -49.97852325
v -17.48482208 -7.72322884 -45.97938232
v -13.48568115 -7.72322884 -45.97938232
v -13.48568115 -7.72322884 -49.97852325
v -17.48482208 -3.72408791 -49.97852325
v -17.48482208 -3.72408791 -45.97938232
v -13.48568115 -3.72408791 -45.97938232
v -13.48568115 -3.72408791 -49.97852325
v -17.48482208 -7.72322884 -17.98539581
v -17.48482208 -7.72322884 -13.98625488
v -13.48568115 -7.72322884 -13.98625488
v -13.48568115 -7.72322884 -17.98539581
v -17.48482208 -3.72408791 -17.98539581
v -17.48482208 -3.72408791 -13.98625488
v -13.48568115 -3.72408791 -13.98625488
v -13.48568115 -3.72408791 -17.98539581
v -17.48482208 -7.72322884 -9.98711395
v -13.48568115 -7.72322884 -9.98711395
v -17.48482208 -3.72408791 -9.98711395
v -13.48568115 -3.72408791 -9.98711395
v -17.48482208 -7.72322884 -5.98797302
v -13.48568115 -7.72322884 -5.98797302
v -17.48482208 -3.72408791 -5.98797302
v -13.48568115 -3.72408791 -5.98797302
v -17.48482208 -7.72322884 -5.98797302
v -17.48482208 -7.72322884 -1.98883209
v -13.48568115 -7.72322884 -1.98883209
v -13.48568115 -7.72322884 -5.98797302
v -17.48482208 -3.72408791 -5.98797302
v -17.48482208 -3.72408791 -1.98883209
v -13.48568115 -3.72408791 -1.98883209
v -13.48568115 -3.72408791 -5.98797302
v -17.48482208 -7.72322884 2.01030884
v -13.48568115 -7.72322884 2.01030884
v -17.48482208 -3.72408791 2.01030884
v -13.48568115 -3.72408791 2.01030884
v -17.48482208 -7.72322884 2.01030884
v -17.48482208 -7.72322884 6.00944977
v -13.48568115 -7.72322884 6.00944977
v -13.48568115 -7.72322884 2.01030884
v -17.48482208 -3.72408791 2.01030884
v -17.48482208 -3.72408791 6.00944977
v -13.48568115 -3.72408791 6.00944977
v -13.48568115 -3.72408791 2.01030884
v -17.48482208 -7.72322884 10.0085907
v -13.48568115 -7.72322884 10.0085907
v -17.48482208 -3.72408791 10.0085907
v -13.48568115 -3.72408791 10.0085907
v -17.48482208 -7.72322884 14.00773163
v -13.48568115 -7.72322884 14.00773163
v -17.48482208 -3.72408791 14.00773163
v -13.48568115 -3.72408791 14.00773163
v -17.48482208 -7.72322884 14.00773163
v -17.48482208 -7.72322884 18.00687256
v -13.48568115 -7.72322884 18.00687256
v -13.48568115 -7.72322884 14.00773163
v -17.48482208 -3.72408791 14.00773163
v -17.48482208 -3.72408791 18.00687256
v -13.48568115 -3.72408791 18.00687256
v -13.48568115 -3.72408791 14.00773163
v -17.48482208 -7.72322884 18.00687256
v -17.48482208 -7.72322884 22.00601349
v -13.48568115 -7.72322884 22.00601349
v -13.48568115 -7.72322884 18.00687256
v -17.48482208 -3.72408791 18.00687256
v -17.48482208 -3.72408791 22.00601349
v -13.48568115 -3.72408791 22.00601349
v -13.48568115 -3.72408791 18.00687256
v -17.48482208 -3.72408791 -49.97852325
v -17.48482208 -3.72408791 -45.97938232
v -13.48568115 -3.72408791 -45.97938232
v -13.48568115 -3.72408791 -49.97852325
v -17.48482208 0.27505302 -49.97852325
v -17.48482208 0.27505302 -45.97938232
v -13.48568115 0.27505302 -45.97938232
v -13.48568115 0.27505302 -49.97852325
v -17.48482208 -3.72408791 -41.98024139
v -13.48568115 -3.72408791 -41.98024139
v -17.48482208 0.27505302 -41.98024139
v -13.48568115 0.27505302 -41.98024139
v -17.48482208 -3.72408791 -37.98110046
v -13.48568115 -3.72408791 -37.98110046
v -17.48482208 0.27505302 -37.98110046
v -13.48568115 0.27505302 -37.98110046
v -17.48482208 -3.72408791 -33.98195953
v -13.48568115 -3.72408791 -33.98195953
v -17.48482208 0.27505302 -33.98195953
v -13.48568115 0.27505302 -33.98195953
v -17.48482208 -3.72408791 -29.9828186
v -13.48568115 -3.72408791 -29.9828186
v -17.48482208 0.27505302 -29.9828186
v -13.48568115 0.27505302 -29.9828186
v -17.48482208 -3.72408791 -29.9828186
v -17.48482208 -3.72408791 -25.98367767
v -13.48568115 -3.72408791 -25.98367767
v -13.48568115 -3.72408791 -29.9828186
v -17.48482208 0.27505302 -29.9828186
v -17.48482208 0.27505302 -25.98367767
v -13.48568115 0.27505302 -25.98367767
v -13.48568115 0.27505302 -29.9828186
v -17.48482208 -3.72408791 -25.98367767
v -17.48482208 -3.72408791 -21.98453674
v -13.48568115 -3.72408791 -21.98453674
v -13.48568115 -3.72408791 -25.98367767
v -17.48482208 0.27505302 -25.98367767
v -17.48482208 0.27505302 -21.98453674
v -13.48568115 0.27505302 -21.98453674
v -13.48568115 0.27505302 -25.98367767
v -17.48482208 -3.72408791 -21.98453674
v -17.48482208 -3.72408791 -17.98539581
v -13.48568115 -3.72408791 -17.98539581
v -13.48568115 -3.72408791 -21.98453674
v -17.48482208 0.27505302 -21.98453674
v -17.48482208 0.27505302 -17.98539581
v -13.48568115 0.27505302 -17.98539581
v -13.48568115 0.27505302 -21.98453674
v -17.48482208 -3.72408791 -17.98539581
v -17.48482208 -3.72408791 -13.98625488
v -13.48568115 -3.72408791 -13.98625488
v -13.48568115 -3.72408791 -17.98539581
v -17.48482208 0.27505302 -17.98539581
v -17.48482208 0.27505302 -13.98625488
v -13.48568115 0.27505302 -13.98625488
v -13.48568115 0.27505302 -17.98539581
v -17.48482208 -3.72408791 -9.98711395
v -13.48568115 -3.72408791 -9.98711395
v -17.48482208 0.27505302 -9.98711395
v -13.48568115 0.27505302 -9.98711395
v -17.48482208 -3.72408791 -5.98797302
v -13.48568115 -3.72408791 -5.98797302
v -17.48482208 0.27505302 -5.98797302
v -13.48568115 0.27505302 -5.98797302
v -17.48482208 -3.72408791 -5.98797302
v -17.48482208 -3.72408791 -1.98883209
v -13.48568115 -3.72408791 -1.98883209
v -13.48568115 -3.72408791 -5.98797302
v -17.48482208 0.27505302 -5.98797302
v -17.48482208 0.27505302 -1.98883209
v -13.48568115 0.27505302 -1.98883209
v -13.48568115 0.27505302 -5.98797302
v -17.48482208 -3.72408791 2.01030884
v -13.48568115 -3.72408791 2.01030884
v -17.48482208 0.27505302 2.01030884
v -13.48568115 0.27505302 2.01030884
v -17.48482208 -3.72408791 2.01030884
v -17.48482208 -3.72408791 6.00944977
v -13.48568115 -3.72408791 6.00944977
v -13.48568115 -3.72408791 2.01030884
v -17.48482208 0.27505302 2.01030884
v -17.48482208 0.27505302 6.00944977
v -13.48568115 0.27505302 6.00944977
v -13.48568115 0.27505302 2.01030884
v -17.48482208 -3.72408791 10.0085907
v -13.48568115 -3.72408791 10.0085907
v -17.48482208 0.27505302 10.0085907
v -13.48568115 0.27505302 10.0085907
v -17.48482208 -3.72408791 14.00773163
v -13.48568115 -3.72408791 14.00773163
v -17.48482208 0.27505302 14.00773163
v -13.48568115 0.27505302 14.00773163
v -17.48482208 -3.72408791 14.00773163
v -17.48482208 -3.72408791 18.00687256
v -13.48568115 -3.72408791 18.00687256
v -13.48568115 -3.72408791 14.00773163
v -17.48482208 0.27505302 14.00773163
v -17.48482208 0.27505302 18.00687256
v -13.48568115 0.27505302 18.00687256
v -13.48568115 0.27505302 14.00773163
v -17.48482208 -3.72408791 18.00687256
v -17.48482208 -3.72408791 22.00601349
v -13.48568115 -3.72408791 22.00601349
v -13.48568115 -3.72408791 18.00687256
v -17.48482208 0.27505302 18.00687256
v -17.48482208 0.27505302 22.00601349
v -13.48568115 0.27505302 22.00601349
v -13.48568115 0.27505302 18.00687256
v -17.48482208 -3.72408791 22.00601349
v -17.48482208 -3.72408791 26.00515442
v -13.48568115 -3.72408791 26.00515442
v -13.48568115 -3.72408791 22.00601349
v -17.48482208 0.27505302 22.00601349
v -17.48482208 0.27505302 26.00515442
v -13.48568115 0.27505302 26.00515442
v -13.48568115 0.27505302 22.00601349
v -17.48482208 -3.72408791 26.00515442
v -17.48482208 -3.72408791 30.00429535
v -13.48568115 -3.72408791 30.00429535
v -13.48568115 -3.72408791 26.00515442
v -17.48482208 0.27505302 26.00515442
v -17.48482208 0.27505302 30.00429535
v -13.48568115 0.27505302 30.00429535
v -13.48568115 0.27505302 26.00515442
v -17.48482208 -3.72408791 30.00429535
v -17.48482208 -3.72408791 34.00343628
v -13.48568115 -3.72408791 34.00343628
v -13.48568115 -3.72408791 30.00429535
v -17.48482208 0.27505302 30.00429535
v -17.48482208 0.27505302 34.00343628
v -13.48568115 0.27505302 34.00343628
v -13.48568115 0.27505302 30.00429535
v -17.48482208 4.27419395 -49.97852325
v -17.48482208 4.27419395 -45.97938232
v -13.48568115 4.27419395 -45.97938232
v -13.48568115 4.27419395 -49.97852325
v -17.48482208 4.27419395 -41.98024139
v -13.48568115 4.27419395 -41.98024139
v -17.48482208 4.27419395 -37.98110046
v -13.48568115 4.27419395 -37.98110046
v -17.48482208 4.27419395 -33.98195953
v -13.48568115 4.27419395 -33.98195953
v -17.48482208 4.27419395 -29.9828186
v -13.48568115 4.27419395 -29.9828186
v -17.48482208 4.27419395 -29.9828186
v -17.48482208 4.27419395 -25.98367767
v -13.48568115 4.27419395 -25.98367767
v -13.48568115 4.27419395 -29.9828186
v -17.48482208 4.27419395 -25.98367767
v -17.48482208 4.27419395 -21.98453674
v -13.48568115 4.27419395 -21.98453674
v -13.48568115 4.27419395 -25.98367767
v -17.48482208 4.27419395 -21.98453674
v -17.48482208 4.27419395 -17.98539581
v -13.48568115 4.27419395 -17.98539581
v -13.48568115 4.27419395 -21.98453674
v -17.48482208 4.27419395 -17.98539581
v -17.48482208 4.27419395 -13.98625488
v -13.48568115 4.27419395 -13.98625488
v -13.48568115 4.27419395 -17.98539581
v -17.48482208 4.27419395 -9.98711395
v -13.48568115 4.27419395 -9.98711395
v -17.48482208 4.27419395 -5.98797302
v -13.48568115 4.27419395 -5.98797302
v -17.48482208 4.27419395 -5.98797302
v -17.48482208 4.27419395 -1.98883209
v -13.48568115 4.27419395 -1.98883209
v -13.48568115 4.27419395 -5.98797302
v -17.48482208 4.27419395 2.01030884
v -13.48568115 4.27419395 2.01030884
v -17.48482208 4.27419395 2.01030884
v -17.48482208 4.27419395 6.00944977
v -13.48568115 4.27419395 6.00944977
v -13.48568115 4.27419395 2.01030884
v -17.48482208 4.27419395 10.0085907
v -13.48568115 4.27419395 10.0085907
v -17.48482208 4.27419395 14.00773163
v -13.48568115 4.27419395 14.00773163
v -17.48482208 4.27419395 14.00773163
v -17.48482208 4.27419395 18.00687256
v -13.48568115 4.27419395 18.00687256
v -13.48568115 4.27419395 14.00773163
v -17.48482208 4.27419395 18.00687256
v -17.48482208 4.27419395 22.00601349
v -13.48568115 4.27419395 22.00601349
v -13.48568115 4.27419395 18.00687256
v -17.48482208 4.27419395 22.00601349
v -17.48482208 4.27419395 26.00515442
v -13.48568115 4.27419395 26.00515442
v -13.48568115 4.27419395 22.00601349
v -17.48482208 4.27419395 26.00515442
v -17.48482208 4.27419395 30.00429535
v -13.48568115 4.27419395 30.00429535
v -13.48568115 4.27419395 26.00515442
v -17.48482208 4.27419395 30.00429535
v -17.48482208 4.27419395 34.00343628
v -13.48568115 4.27419395 34.00343628
v -13.48568115 4.27419395 30.00429535
v -17.48482208 8.27333488 -49.97852325
v -17.48482208 8.27333488 -45.97938232
v -13.48568115 8.27333488 -45.97938232
v -13.48568115 8.27333488 -49.97852325
v -17.48482208 8.27333488 -41.98024139
v -13.48568115 8.27333488 -41.98024139
v -17.48482208 8.27333488 -37.98110046
v -13.48568115 8.27333488 -37.98110046
v -17.48482208 8.27333488 -17.98539581
v -17.48482208 8.27333488 -13.98625488
v -13.48568115 8.27333488 -13.98625488
v -13.48568115 8.27333488 -17.98539581
v -17.48482208 8.27333488 -9.98711395
v -13.48568115 8.27333488 -9.98711395
v -17.48482208 8.27333488 2.01030884
v -17.48482208 8.27333488 6.00944977
v -13.48568115 8.27333488 6.00944977
v -13.48568115 8.27333488 2.01030884
v -17.48482208 12.27247581 -49.97852325
v -17.48482208 12.27247581 -45.97938232
v -13.48568115 12.27247581 -45.97938232
v -13.48568115 12.27247581 -49.97852325
v -9.48654022 -15.7215107 -45.97938232
v -9.48654022 -15.7215107 -49.97852325
v -9.48654022 -11.72236977 -45.97938232
v -9.48654022 -11.72236977 -49.97852325
v -13.48568115 -15.7215107 2.01030884
v -13.48568115 -15.7215107 6.00944977
v -9.48654022 -15.7215107 6.00944977
v -9.48654022 -15.7215107 2.01030884
v -13.48568115 -11.72236977 2.01030884
v -9.48654022 -11.72236977 6.00944977
v -9.48654022 -11.72236977 2.01030884
v -13.48568115 -15.7215107 10.0085907
v -13.48568115 -15.7215107 14.00773163
v -9.48654022 -15.7215107 14.00773163
v -9.48654022 -15.7215107 10.0085907
v -9.48654022 -11.72236977 14.00773163
v -9.48654022 -11.72236977 10.0085907
v -13.48568115 -15.7215107 14.00773163
v -13.48568115 -15.7215107 18.00687256
v -9.48654022 -15.7215107 18.00687256
v -9.48654022 -15.7215107 14.00773163
v -9.48654022 -11.72236977 18.00687256
v -9.48654022 -11.72236977 14.00773163
v -9.48654022 -7.72322884 -45.97938232
v -9.48654022 -7.72322884 -49.97852325
v -13.48568115 -11.72236977 -41.98024139
v -9.48654022 -11.72236977 -41.98024139
v -13.48568115 -7.72322884 -41.98024139
v -9.48654022 -7.72322884 -41.98024139
v -13.48568115 -7.72322884 2.01030884
v -9.48654022 -7.72322884 6.00944977
v -9.48654022 -7.72322884 2.01030884
v -9.48654022 -7.72322884 10.0085907
v -9.48654022 -7.72322884 14.00773163
v -9.48654022 -7.72322884 18.00687256
v -9.48654022 -7.72322884 14.00773163
v -9.48654022 -7.72322884 -45.97938232
v -9.48654022 -7.72322884 -49.97852325
v -9.48654022 -3.72408791 -45.97938232
v -9.48654022 -3.72408791 -49.97852325
v -13.48568115 -7.72322884 -41.98024139
v -9.48654022 -7.72322884 -41.98024139
v -13.48568115 -3.72408791 -41.98024139
v -9.48654022 -3.72408791 -41.98024139
v -13.48568115 -7.72322884 -37.98110046
v -9.48654022 -7.72322884 -37.98110046
v -13.48568115 -3.72408791 -37.98110046
v -9.48654022 -3.72408791 -37.98110046
v -13.48568115 -7.72322884 -33.98195953
v -13.48568115 -7.72322884 -29.9828186
v -9.48654022 -7.72322884 -29.9828186
v -9.48654022 -7.72322884 -33.98195953
v -13.48568115 -3.72408791 -33.98195953
v -13.48568115 -3.72408791 -29.9828186
v -9.48654022 -3.72408791 -29.9828186
v -9.48654022 -3.72408791 -33.98195953
v -9.48654022 -7.72322884 14.00773163
v -9.48654022 -7.72322884 10.0085907
v -9.48654022 -3.72408791 14.00773163
v -9.48654022 -3.72408791 10.0085907
v -13.48568115 -7.72322884 22.00601349
v -13.48568115 -7.72322884 26.00515442
v -9.48654022 -7.72322884 26.00515442
v -9.48654022 -7.72322884 22.00601349
v -13.48568115 -3.72408791 22.00601349
v -13.48568115 -3.72408791 26.00515442
v -9.48654022 -3.72408791 26.00515442
v -9.48654022 -3.72408791 22.00601349
v -9.48654022 -3.72408791 -45.97938232
v -9.48654022 -3.72408791 -49.97852325
v -9.48654022 0.27505302 -45.97938232
v -9.48654022 0.27505302 -49.97852325
v -9.48654022 -3.72408791 -41.98024139
v -9.48654022 0.27505302 -41.98024139
v -9.48654022 -3.72408791 -37.98110046
v -9.48654022 0.27505302 -37.98110046
v -9.48654022 -3.72408791 -33.98195953
v -9.48654022 0.27505302 -33.98195953
v -9.48654022 -3.72408791 -29.9828186
v -9.48654022 0.27505302 -29.9828186
v -9.48654022 -3.72408791 -25.98367767
v -9.48654022 -3.72408791 -29.9828186
v -9.48654022 0.27505302 -25.98367767
v -9.48654022 0.27505302 -29.9828186
v -9.48654022 -3.72408791 -21.98453674
v -9.48654022 -3.72408791 -25.98367767
v -9.48654022 0.27505302 -21.98453674
v -9.48654022 0.27505302 -25.98367767
v -9.48654022 -3.72408791 -17.98539581
v -9.48654022 -3.72408791 -21.98453674
v -9.48654022 0.27505302 -17.98539581
v -9.48654022 0.27505302 -21.98453674
v -9.48654022 -3.72408791 -13.98625488
v -9.48654022 -3.72408791 -17.98539581
v -9.48654022 0.27505302 -13.98625488
v -9.48654022 0.27505302 -17.98539581
v -9.48654022 -3.72408791 -9.98711395
v -9.48654022 0.27505302 -9.98711395
v -9.48654022 -3.72408791 -5.98797302
v -9.48654022 0.27505302 -5.98797302
v -9.48654022 -3.72408791 -1.98883209
v -9.48654022 -3.72408791 -5.98797302
v -9.48654022 0.27505302 -1.98883209
v -9.48654022 0.27505302 -5.98797302
v -9.48654022 -3.72408791 2.01030884
v -9.48654022 0.27505302 2.01030884
v -9.48654022 -3.72408791 6.00944977
v -9.48654022 -3.72408791 2.01030884
v -9.48654022 0.27505302 6.00944977
v -9.48654022 0.27505302 2.01030884
v -9.48654022 -3.72408791 10.0085907
v -9.48654022 0.27505302 10.0085907
v -9.48654022 -3.72408791 14.00773163
v -9.48654022 0.27505302 14.00773163
v -9.48654022 -3.72408791 18.00687256
v -9.48654022 -3.72408791 14.00773163
v -9.48654022 0.27505302 18.00687256
v -9.48654022 0.27505302 14.00773163
v -9.48654022 -3.72408791 22.00601349
v -9.48654022 -3.72408791 18.00687256
v -9.48654022 0.27505302 22.00601349
v -9.48654022 0.27505302 18.00687256
v -9.48654022 -3.72408791 26.00515442
v -9.48654022 -3.72408791 22.00601349
v -9.48654022 0.27505302 26.00515442
v -9.48654022 0.27505302 22.00601349
v -9.48654022 -3.72408791 30.00429535
v -9.48654022 -3.72408791 26.00515442
v -9.48654022 0.27505302 30.00429535
v -9.48654022 0.27505302 26.00515442
v -9.48654022 -3.72408791 34.00343628
v -9.48654022 -3.72408791 30.00429535
v -9.48654022 0.27505302 34.00343628
v -9.48654022 0.27505302 30.00429535
v -9.48654022 4.27419395 -45.97938232
v -9.48654022 4.27419395 -49.97852325
v -9.48654022 4.27419395 -37.98110046
v -9.48654022 4.27419395 -41.98024139
v -9.48654022 4.27419395 -33.98195953
v -9.48654022 4.27419395 -29.9828186
v -9.48654022 4.27419395 -25.98367767
v -9.48654022 4.27419395 -29.9828186
v -9.48654022 4.27419395 -21.98453674
v -9.48654022 4.27419395 -25.98367767
v -9.48654022 4.27419395 -17.98539581
v -9.48654022 4.27419395 -21.98453674
v -9.48654022 4.27419395 -13.98625488
v -9.48654022 4.27419395 -17.98539581
v -9.48654022 4.27419395 -9.98711395
v -9.48654022 4.27419395 -5.98797302
v -9.48654022 4.27419395 -1.98883209
v -9.48654022 4.27419395 -5.98797302
v -9.48654022 4.27419395 2.01030884
v -9.48654022 4.27419395 6.00944977
v -9.48654022 4.27419395 2.01030884
v -9.48654022 4.27419395 10.0085907
v -9.48654022 4.27419395 14.00773163
v -9.48654022 4.27419395 18.00687256
v -9.48654022 4.27419395 14.00773163
v -9.48654022 4.27419395 22.00601349
v -9.48654022 4.27419395 18.00687256
v -9.48654022 4.27419395 26.00515442
v -9.48654022 4.27419395 22.00601349
v -9.48654022 4.27419395 30.00429535
v -9.48654022 4.27419395 26.00515442
v -9.48654022 4.27419395 34.00343628
v -9.48654022 4.27419395 30.00429535
v -9.48654022 8.27333488 -45.97938232
v -9.48654022 8.27333488 -49.97852325
v -9.48654022 8.27333488 -41.98024139
v -9.48654022 8.27333488 -37.98110046
v -13.48568115 8.27333488 -33.98195953
v -9.48654022 8.27333488 -33.98195953
v -13.48568115 8.27333488 -29.9828186
v -9.48654022 8.27333488 -29.9828186
v -13.48568115 8.27333488 -29.9828186
v -13.48568115 8.27333488 -25.98367767
v -9.48654022 8.27333488 -25.98367767
v -9.48654022 8.27333488 -29.9828186
v -13.48568115 8.27333488 -25.98367767
v -13.48568115 8.27333488 -21.98453674
v -9.48654022 8.27333488 -21.98453674
v -9.48654022 8.27333488 -25.98367767
v -13.48568115 8.27333488 -21.98453674
v -13.48568115 8.27333488 -17.98539581
v -9.48654022 8.27333488 -17.98539581
v -9.48654022 8.27333488 -21.98453674
v -9.48654022 8.27333488 -13.98625488
v -9.48654022 8.27333488 -17.98539581
v -9.48654022 8.27333488 -9.98711395
v -13.48568115 8.27333488 -5.98797302
v -9.48654022 8.27333488 -5.98797302
v -13.48568115 8.27333488 -5.98797302
v -13.48568115 8.27333488 -1.98883209
v -9.48654022 8.27333488 -1.98883209
v -9.48654022 8.27333488 -5.98797302
v -13.48568115 8.27333488 2.01030884
v -9.48654022 8.27333488 2.01030884
v -9.48654022 8.27333488 6.00944977
v -9.48654022 8.27333488 2.01030884
v -13.48568115 8.27333488 10.0085907
v -9.48654022 8.27333488 10.0085907
v -13.48568115 8.27333488 14.00773163
v -9.48654022 8.27333488 14.00773163
v -13.48568115 8.27333488 14.00773163
v -13.48568115 8.27333488 18.00687256
v -9.48654022 8.27333488 18.00687256
v -9.48654022 8.27333488 14.00773163
v -13.48568115 8.27333488 18.00687256
v -13.48568115 8.27333488 22.00601349
v -9.48654022 8.27333488 22.00601349
v -9.48654022 8.27333488 18.00687256
v -13.48568115 8.27333488 22.00601349
v -13.48568115 8.27333488 26.00515442
v -9.48654022 8.27333488 26.00515442
v -9.48654022 8.27333488 22.00601349
v -13.48568115 8.27333488 26.00515442
v -13.48568115 8.27333488 30.00429535
v -9.48654022 8.27333488 30.00429535
v -9.48654022 8.27333488 26.00515442
v -9.48654022 12.27247581 -45.97938232
v -9.48654022 12.27247581 -49.97852325
v -13.48568115 12.27247581 -41.98024139
v -9.48654022 12.27247581 -41.98024139
v -13.48568115 12.27247581 -37.98110046
v -9.48654022 12.27247581 -37.98110046
v -13.48568115 16.27161674 -49.97852325
v -13.48568115 16.27161674 -45.97938232
v -9.48654022 16.27161674 -45.97938232
v -9.48654022 16.27161674 -49.97852325
v -9.48654022 -19.72065163 -49.97852325
v -9.48654022 -19.72065163 -45.97938232
v -5.48739929 -19.72065163 -45.97938232
v -5.48739929 -19.72065163 -49.97852325
v -9.48654022 -15.7215107 -49.97852325
v -9.48654022 -15.7215107 -45.97938232
v -5.48739929 -15.7215107 -45.97938232
v -5.48739929 -15.7215107 -49.97852325
v -5.48739929 -15.7215107 -45.97938232
v -5.48739929 -15.7215107 -49.97852325
v -5.48739929 -11.72236977 -45.97938232
v -5.48739929 -11.72236977 -49.97852325
v -5.48739929 -15.7215107 6.00944977
v -5.48739929 -15.7215107 2.01030884
v -5.48739929 -11.72236977 6.00944977
v -5.48739929 -11.72236977 2.01030884
v -5.48739929 -15.7215107 18.00687256
v -5.48739929 -15.7215107 14.00773163
v -5.48739929 -11.72236977 18.00687256
v -5.48739929 -11.72236977 14.00773163
v -5.48739929 -7.72322884 -45.97938232
v -5.48739929 -7.72322884 -49.97852325
v -5.48739929 -11.72236977 -41.98024139
v -5.48739929 -7.72322884 -41.98024139
v -5.48739929 -11.72236977 10.0085907
v -5.48739929 -7.72322884 10.0085907
v -5.48739929 -7.72322884 6.00944977
v -5.48739929 -7.72322884 18.00687256
v -5.48739929 -7.72322884 14.00773163
v -5.48739929 -7.72322884 -45.97938232
v -5.48739929 -7.72322884 -49.97852325
v -5.48739929 -3.72408791 -45.97938232
v -5.48739929 -3.72408791 -49.97852325
v -5.48739929 -7.72322884 -41.98024139
v -5.48739929 -3.72408791 -41.98024139
v -5.48739929 -7.72322884 -37.98110046
v -5.48739929 -3.72408791 -37.98110046
v -5.48739929 -7.72322884 -33.98195953
v -5.48739929 -3.72408791 -33.98195953
v -5.48739929 -7.72322884 -29.9828186
v -5.48739929 -3.72408791 -29.9828186
v -9.48654022 -7.72322884 -29.9828186
v -9.48654022 -7.72322884 -25.98367767
v -5.48739929 -7.72322884 -25.98367767
v -5.48739929 -7.72322884 -29.9828186
v -9.48654022 -3.72408791 -29.9828186
v -9.48654022 -3.72408791 -25.98367767
v -5.48739929 -3.72408791 -25.98367767
v -5.48739929 -3.72408791 -29.9828186
v -9.48654022 -7.72322884 -25.98367767
v -9.48654022 -7.72322884 -21.98453674
v -5.48739929 -7.72322884 -21.98453674
v -5.48739929 -7.72322884 -25.98367767
v -9.48654022 -3.72408791 -25.98367767
v -9.48654022 -3.72408791 -21.98453674
v -5.48739929 -3.72408791 -21.98453674
v -5.48739929 -3.72408791 -25.98367767
v -9.48654022 -7.72322884 -21.98453674
v -9.48654022 -7.72322884 -17.98539581
v -5.48739929 -7.72322884 -17.98539581
v -5.48739929 -7.72322884 -21.98453674
v -9.48654022 -3.72408791 -21.98453674
v -9.48654022 -3.72408791 -17.98539581
v -5.48739929 -3.72408791 -17.98539581
v -5.48739929 -3.72408791 -21.98453674
v -9.48654022 -7.72322884 -17.98539581
v -9.48654022 -7.72322884 -13.98625488
v -5.48739929 -7.72322884 -13.98625488
v -5.48739929 -7.72322884 -17.98539581
v -9.48654022 -3.72408791 -17.98539581
v -9.48654022 -3.72408791 -13.98625488
v -5.48739929 -3.72408791 -13.98625488
v -5.48739929 -3.72408791 -17.98539581
v -9.48654022 -7.72322884 -9.98711395
v -5.48739929 -7.72322884 -9.98711395
v -9.48654022 -3.72408791 -9.98711395
v -5.48739929 -3.72408791 -9.98711395
v -9.48654022 -7.72322884 -5.98797302
v -5.48739929 -7.72322884 -5.98797302
v -9.48654022 -3.72408791 -5.98797302
v -5.48739929 -3.72408791 -5.98797302
v -9.48654022 -7.72322884 -5.98797302
v -9.48654022 -7.72322884 -1.98883209
v -5.48739929 -7.72322884 -1.98883209
v -5.48739929 -7.72322884 -5.98797302
v -9.48654022 -3.72408791 -5.98797302
v -9.48654022 -3.72408791 -1.98883209
v -5.48739929 -3.72408791 -1.98883209
v -5.48739929 -3.72408791 -5.98797302
v -9.48654022 -7.72322884 2.01030884
v -5.48739929 -7.72322884 2.01030884
v -9.48654022 -3.72408791 2.01030884
v -5.48739929 -3.72408791 2.01030884
v -9.48654022 -7.72322884 2.01030884
v -9.48654022 -7.72322884 6.00944977
v -5.48739929 -7.72322884 6.00944977
v -5.48739929 -7.72322884 2.01030884
v -9.48654022 -3.72408791 2.01030884
v -9.48654022 -3.72408791 6.00944977
v -5.48739929 -3.72408791 6.00944977
v -5.48739929 -3.72408791 2.01030884
v -5.48739929 -7.72322884 10.0085907
v -5.48739929 -3.72408791 10.0085907
v -9.48654022 -7.72322884 18.00687256
v -9.48654022 -7.72322884 22.00601349
v -5.48739929 -7.72322884 22.00601349
v -5.48739929 -7.72322884 18.00687256
v -9.48654022 -3.72408791 18.00687256
v -9.48654022 -3.72408791 22.00601349
v -5.48739929 -3.72408791 22.00601349
v -5.48739929 -3.72408791 18.00687256
v -9.48654022 -7.72322884 26.00515442
v -9.48654022 -7.72322884 30.00429535
v -5.48739929 -7.72322884 30.00429535
v -5.48739929 -7.72322884 26.00515442
v -9.48654022 -3.72408791 26.00515442
v -9.48654022 -3.72408791 30.00429535
v -5.48739929 -3.72408791 30.00429535
v -5.48739929 -3.72408791 26.00515442
v -5.48739929 -3.72408791 -45.97938232
v -5.48739929 -3.72408791 -49.97852325
v -5.48739929 0.27505302 -45.97938232
v -5.48739929 0.27505302 -49.97852325
v -5.48739929 -3.72408791 -37.98110046
v -5.48739929 -3.72408791 -41.98024139
v -5.48739929 0.27505302 -37.98110046
v -5.48739929 0.27505302 -41.98024139
v -5.48739929 -3.72408791 -33.98195953
v -5.48739929 0.27505302 -33.98195953
v -5.48739929 -3.72408791 -29.9828186
v -5.48739929 0.27505302 -29.9828186
v -5.48739929 -3.72408791 -25.98367767
v -5.48739929 -3.72408791 -29.9828186
v -5.48739929 0.27505302 -25.98367767
v -5.48739929 0.27505302 -29.9828186
v -5.48739929 -3.72408791 -21.98453674
v -5.48739929 -3.72408791 -25.98367767
v -5.48739929 0.27505302 -21.98453674
v -5.48739929 0.27505302 -25.98367767
v -5.48739929 -3.72408791 -17.98539581
v -5.48739929 -3.72408791 -21.98453674
v -5.48739929 0.27505302 -17.98539581
v -5.48739929 0.27505302 -21.98453674
v -5.48739929 -3.72408791 -13.98625488
v -5.48739929 -3.72408791 -17.98539581
v -5.48739929 0.27505302 -13.98625488
v -5.48739929 0.27505302 -17.98539581
v -5.48739929 -3.72408791 -9.98711395
v -5.48739929 0.27505302 -9.98711395
v -5.48739929 -3.72408791 -5.98797302
v -5.48739929 0.27505302 -5.98797302
v -5.48739929 -3.72408791 -1.98883209
v -5.48739929 -3.72408791 -5.98797302
v -5.48739929 0.27505302 -1.98883209
v -5.48739929 0.27505302 -5.98797302
v -5.48739929 -3.72408791 2.01030884
v -5.48739929 0.27505302 2.01030884
v -5.48739929 -3.72408791 6.00944977
v -5.48739929 -3.72408791 2.01030884
v -5.48739929 0.27505302 6.00944977
v -5.48739929 0.27505302 2.01030884
v -5.48739929 -3.72408791 10.0085907
v -5.48739929 0.27505302 10.0085907
v -5.48739929 -3.72408791 14.00773163
v -5.48739929 0.27505302 14.00773163
v -5.48739929 -3.72408791 18.00687256
v -5.48739929 -3.72408791 14.00773163
v -5.48739929 0.27505302 18.00687256
v -5.48739929 0.27505302 14.00773163
v -5.48739929 -3.72408791 22.00601349
v -5.48739929 -3.72408791 18.00687256
v -5.48739929 0.27505302 22.00601349
v -5.48739929 0.27505302 18.00687256
v -5.48739929 -3.72408791 26.00515442
v -5.48739929 -3.72408791 22.00601349
v -5.48739929 0.27505302 26.00515442
v -5.48739929 0.27505302 22.00601349
v -5.48739929 -3.72408791 30.00429535
v -5.48739929 -3.72408791 26.00515442
v -5.48739929 0.27505302 30.00429535
v -5.48739929 0.27505302 26.00515442
v -5.48739929 -3.72408791 34.00343628
v -5.48739929 -3.72408791 30.00429535
v -5.48739929 0.27505302 34.00343628
v -5.48739929 0.27505302 30.00429535
v -9.48654022 -3.72408791 38.00257721
v -5.48739929 -3.72408791 38.00257721
v -9.48654022 0.27505302 38.00257721
v -5.48739929 0.27505302 38.00257721
v -5.48739929 4.27419395 -45.97938232
v -5.48739929 4.27419395 -49.97852325
v -5.48739929 4.27419395 30.00429535
v -5.48739929 4.27419395 26.00515442
v -5.48739929 4.27419395 34.00343628
v -5.48739929 4.27419395 30.00429535
v -9.48654022 4.27419395 38.00257721
v -5.48739929 4.27419395 38.00257721
v -5.48739929 8.27333488 -45.97938232
v -5.48739929 8.27333488 -49.97852325
v -5.48739929 4.27419395 -37.98110046
v -5.48739929 4.27419395 -41.98024139
v -5.48739929 8.27333488 -37.98110046
v -5.48739929 8.27333488 -41.98024139
v -5.48739929 4.27419395 -33.98195953
v -5.48739929 8.27333488 -33.98195953
v -5.48739929 4.27419395 -29.9828186
v -5.48739929 8.27333488 -29.9828186
v -5.48739929 4.27419395 -25.98367767
v -5.48739929 4.27419395 -29.9828186
v -5.48739929 8.27333488 -25.98367767
v -5.48739929 8.27333488 -29.9828186
v -5.48739929 4.27419395 -21.98453674
v -5.48739929 4.27419395 -25.98367767
v -5.48739929 8.27333488 -21.98453674
v -5.48739929 8.27333488 -25.98367767
v -5.48739929 4.27419395 -17.98539581
v -5.48739929 4.27419395 -21.98453674
v -5.48739929 8.27333488 -17.98539581
v -5.48739929 8.27333488 -21.98453674
v -5.48739929 4.27419395 -13.98625488
v -5.48739929 4.27419395 -17.98539581
v -5.48739929 8.27333488 -13.98625488
v -5.48739929 8.27333488 -17.98539581
v -5.48739929 4.27419395 -9.98711395
v -5.48739929 8.27333488 -9.98711395
v -5.48739929 4.27419395 -5.98797302
v -5.48739929 8.27333488 -5.98797302
v -5.48739929 4.27419395 -1.98883209
v -5.48739929 4.27419395 -5.98797302
v -5.48739929 8.27333488 -1.98883209
v -5.48739929 8.27333488 -5.98797302
v -5.48739929 4.27419395 2.01030884
v -5.48739929 8.27333488 2.01030884
v -5.48739929 4.27419395 6.00944977
v -5.48739929 4.27419395 2.01030884
v -5.48739929 8.27333488 6.00944977
v -5.48739929 8.27333488 2.01030884
v -5.48739929 4.27419395 10.0085907
v -5.48739929 8.27333488 10.0085907
v -5.48739929 4.27419395 14.00773163
v -5.48739929 8.27333488 14.00773163
v -5.48739929 4.27419395 18.00687256
v -5.48739929 4.27419395 14.00773163
v -5.48739929 8.27333488 18.00687256
v -5.48739929 8.27333488 14.00773163
v -5.48739929 4.27419395 22.00601349
v -5.48739929 4.27419395 18.00687256
v -5.48739929 8.27333488 22.00601349
v -5.48739929 8.27333488 18.00687256
v -5.48739929 4.27419395 26.00515442
v -5.48739929 4.27419395 22.00601349
v -5.48739929 8.27333488 26.00515442
v -5.48739929 8.27333488 22.00601349
v -5.48739929 8.27333488 30.00429535
v -5.48739929 8.27333488 26.00515442
v -9.48654022 8.27333488 30.00429535
v -9.48654022 8.27333488 34.00343628
v -5.48739929 8.27333488 34.00343628
v -5.48739929 8.27333488 30.00429535
v -5.48739929 12.27247581 -45.97938232
v -5.48739929 12.27247581 -49.97852325
v -5.48739929 12.27247581 -41.98024139
v -5.48739929 12.27247581 -37.98110046
v -9.48654022 12.27247581 -33.98195953
v -5.48739929 12.27247581 -33.98195953
v -9.48654022 12.27247581 -29.9828186
v -5.48739929 12.27247581 -29.9828186
v -9.48654022 12.27247581 -29.9828186
v -9.48654022 12.27247581 -25.98367767
v -5.48739929 12.27247581 -25.98367767
v -5.48739929 12.27247581 -29.9828186
v -9.48654022 12.27247581 -25.98367767
v -9.48654022 12.27247581 -21.98453674
v -5.48739929 12.27247581 -21.98453674
v -5.48739929 12.27247581 -25.98367767
v -9.48654022 12.27247581 -21.98453674
v -9.48654022 12.27247581 -17.98539581
v -5.48739929 12.27247581 -17.98539581
v -5.48739929 12.27247581 -21.98453674
v -9.48654022 12.27247581 -13.98625488
v -9.48654022 12.27247581 -9.98711395
v -5.48739929 12.27247581 -9.98711395
v -5.48739929 12.27247581 -13.98625488
v -9.48654022 12.27247581 -5.98797302
v -5.48739929 12.27247581 -5.98797302
v -9.48654022 12.27247581 -5.98797302
v -9.48654022 12.27247581 -1.98883209
v -5.48739929 12.27247581 -1.98883209
v -5.48739929 12.27247581 -5.98797302
v -5.48739929 16.27161674 -45.97938232
v -5.48739929 16.27161674 -49.97852325
v -9.48654022 16.27161674 -41.98024139
v -5.48739929 16.27161674 -41.98024139
v -9.48654022 20.27075768 -49.97852325
v -9.48654022 20.27075768 -45.97938232
v -5.48739929 20.27075768 -45.97938232
v -5.48739929 20.27075768 -49.97852325
v -5.48739929 -19.72065163 -49.97852325
v -5.48739929 -19.72065163 -45.97938232
v -1.48825836 -19.72065163 -45.97938232
v -1.48825836 -19.72065163 -49.97852325
v -5.48739929 -15.7215107 -49.97852325
v -5.48739929 -15.7215107 -45.97938232
v -1.48825836 -15.7215107 -45.97938232
v -1.48825836 -15.7215107 -49.97852325
v -5.48739929 -19.72065163 14.00773163
v -5.48739929 -19.72065163 18.00687256
v -1.48825836 -19.72065163 18.00687256
v -1.48825836 -19.72065163 14.00773163
v -5.48739929 -15.7215107 14.00773163
v -5.48739929 -15.7215107 18.00687256
v -1.48825836 -15.7215107 18.00687256
v -1.48825836 -15.7215107 14.00773163
v -5.48739929 -15.7215107 -49.97852325
v -5.48739929 -15.7215107 -45.97938232
v -1.48825836 -15.7215107 -45.97938232
v -1.48825836 -15.7215107 -49.97852325
v -5.48739929 -11.72236977 -49.97852325
v -5.48739929 -11.72236977 -45.97938232
v -1.48825836 -11.72236977 -45.97938232
v -1.48825836 -11.72236977 -49.97852325
v -5.48739929 -15.7215107 6.00944977
v -5.48739929 -15.7215107 10.0085907
v -1.48825836 -15.7215107 10.0085907
v -1.48825836 -15.7215107 6.00944977
v -5.48739929 -11.72236977 6.00944977
v -5.48739929 -11.72236977 10.0085907
v -1.48825836 -11.72236977 10.0085907
v -1.48825836 -11.72236977 6.00944977
v -5.48739929 -15.7215107 14.00773163
v -5.48739929 -15.7215107 18.00687256
v -1.48825836 -15.7215107 18.00687256
v -1.48825836 -15.7215107 14.00773163
v -5.48739929 -11.72236977 14.00773163
v -5.48739929 -11.72236977 18.00687256
v -1.48825836 -11.72236977 18.00687256
v -1.48825836 -11.72236977 14.00773163
v -5.48739929 -7.72322884 -49.97852325
v -5.48739929 -7.72322884 -45.97938232
v -1.48825836 -7.72322884 -45.97938232
v -1.48825836 -7.72322884 -49.97852325
v -5.48739929 -11.72236977 42.00171814
v -5.48739929 -11.72236977 46.00085907
v -1.48825836 -11.72236977 46.00085907
v -1.48825836 -11.72236977 42.00171814
v -5.48739929 -7.72322884 42.00171814
v -5.48739929 -7.72322884 46.00085907
v -1.48825836 -7.72322884 46.00085907
v -1.48825836 -7.72322884 42.00171814
v -5.48739929 -7.72322884 -49.97852325
v -5.48739929 -7.72322884 -45.97938232
v -1.48825836 -7.72322884 -45.97938232
v -1.48825836 -7.72322884 -49.97852325
v -5.48739929 -3.72408791 -49.97852325
v -5.48739929 -3.72408791 -45.97938232
v -1.48825836 -3.72408791 -45.97938232
v -1.48825836 -3.72408791 -49.97852325
v -5.48739929 -7.72322884 -41.98024139
v -1.48825836 -7.72322884 -41.98024139
v -5.48739929 -3.72408791 -41.98024139
v -1.48825836 -3.72408791 -41.98024139
v -5.48739929 -7.72322884 -37.98110046
v -1.48825836 -7.72322884 -37.98110046
v -5.48739929 -3.72408791 -37.98110046
v -1.48825836 -3.72408791 -37.98110046
v -5.48739929 -7.72322884 -33.98195953
v -1.48825836 -7.72322884 -33.98195953
v -5.48739929 -3.72408791 -33.98195953
v -1.48825836 -3.72408791 -33.98195953
v -5.48739929 -7.72322884 -29.9828186
v -1.48825836 -7.72322884 -29.9828186
v -5.48739929 -3.72408791 -29.9828186
v -1.48825836 -3.72408791 -29.9828186
v -5.48739929 -7.72322884 -29.9828186
v -5.48739929 -7.72322884 -25.98367767
v -1.48825836 -7.72322884 -25.98367767
v -1.48825836 -7.72322884 -29.9828186
v -5.48739929 -3.72408791 -29.9828186
v -5.48739929 -3.72408791 -25.98367767
v -1.48825836 -3.72408791 -25.98367767
v -1.48825836 -3.72408791 -29.9828186
v -5.48739929 -7.72322884 -25.98367767
v -5.48739929 -7.72322884 -21.98453674
v -1.48825836 -7.72322884 -21.98453674
v -1.48825836 -7.72322884 -25.98367767
v -5.48739929 -3.72408791 -25.98367767
v -5.48739929 -3.72408791 -21.98453674
v -1.48825836 -3.72408791 -21.98453674
v -1.48825836 -3.72408791 -25.98367767
v -5.48739929 -7.72322884 -21.98453674
v -5.48739929 -7.72322884 -17.98539581
v -1.48825836 -7.72322884 -17.98539581
v -1.48825836 -7.72322884 -21.98453674
v -5.48739929 -3.72408791 -21.98453674
v -5.48739929 -3.72408791 -17.98539581
v -1.48825836 -3.72408791 -17.98539581
v -1.48825836 -3.72408791 -21.98453674
v -5.48739929 -7.72322884 -17.98539581
v -5.48739929 -7.72322884 -13.98625488
v -1.48825836 -7.72322884 -13.98625488
v -1.48825836 -7.72322884 -17.98539581
v -5.48739929 -3.72408791 -17.98539581
v -5.48739929 -3.72408791 -13.98625488
v -1.48825836 -3.72408791 -13.98625488
v -1.48825836 -3.72408791 -17.98539581
v -5.48739929 -7.72322884 -9.98711395
v -1.48825836 -7.72322884 -9.98711395
v -5.48739929 -3.72408791 -9.98711395
v -1.48825836 -3.72408791 -9.98711395
v -5.48739929 -7.72322884 -5.98797302
v -1.48825836 -7.72322884 -5.98797302
v -5.48739929 -3.72408791 -5.98797302
v -1.48825836 -3.72408791 -5.98797302
v -5.48739929 -7.72322884 -5.98797302
v -5.48739929 -7.72322884 -1.98883209
v -1.48825836 -7.72322884 -1.98883209
v -1.48825836 -7.72322884 -5.98797302
v -5.48739929 -3.72408791 -5.98797302
v -5.48739929 -3.72408791 -1.98883209
v -1.48825836 -3.72408791 -1.98883209
v -1.48825836 -3.72408791 -5.98797302
v -5.48739929 -7.72322884 2.01030884
v -1.48825836 -7.72322884 2.01030884
v -5.48739929 -3.72408791 2.01030884
v -1.48825836 -3.72408791 2.01030884
v -5.48739929 -7.72322884 2.01030884
v -5.48739929 -7.72322884 6.00944977
v -1.48825836 -7.72322884 6.00944977
v -1.48825836 -7.72322884 2.01030884
v -5.48739929 -3.72408791 2.01030884
v -5.48739929 -3.72408791 6.00944977
v -1.48825836 -3.72408791 6.00944977
v -1.48825836 -3.72408791 2.01030884
v -5.48739929 -7.72322884 10.0085907
v -1.48825836 -7.72322884 10.0085907
v -5.48739929 -3.72408791 10.0085907
v -1.48825836 -3.72408791 10.0085907
v -5.48739929 -7.72322884 14.00773163
v -1.48825836 -7.72322884 14.00773163
v -5.48739929 -3.72408791 14.00773163
v -1.48825836 -3.72408791 14.00773163
v -5.48739929 -7.72322884 14.00773163
v -5.48739929 -7.72322884 18.00687256
v -1.48825836 -7.72322884 18.00687256
v -1.48825836 -7.72322884 14.00773163
v -5.48739929 -3.72408791 14.00773163
v -5.48739929 -3.72408791 18.00687256
v -1.48825836 -3.72408791 18.00687256
v -1.48825836 -3.72408791 14.00773163
v -5.48739929 -7.72322884 18.00687256
v -5.48739929 -7.72322884 22.00601349
v -1.48825836 -7.72322884 22.00601349
v -1.48825836 -7.72322884 18.00687256
v -5.48739929 -3.72408791 18.00687256
v -5.48739929 -3.72408791 22.00601349
v -1.48825836 -3.72408791 22.00601349
v -1.48825836 -3.72408791 18.00687256
v -5.48739929 -7.72322884 22.00601349
v -5.48739929 -7.72322884 26.00515442
v -1.48825836 -7.72322884 26.00515442
v -1.48825836 -7.72322884 22.00601349
v -5.48739929 -3.72408791 22.00601349
v -5.48739929 -3.72408791 26.00515442
v -1.48825836 -3.72408791 26.00515442
v -1.48825836 -3.72408791 22.00601349
v -5.48739929 -7.72322884 26.00515442
v -5.48739929 -7.72322884 30.00429535
v -1.48825836 -7.72322884 30.00429535
v -1.48825836 -7.72322884 26.00515442
v -5.48739929 -3.72408791 26.00515442
v -5.48739929 -3.72408791 30.00429535
v -1.48825836 -3.72408791 30.00429535
v -1.48825836 -3.72408791 26.00515442
v -5.48739929 -7.72322884 30.00429535
v -5.48739929 -7.72322884 34.00343628
v -1.48825836 -7.72322884 34.00343628
v -1.48825836 -7.72322884 30.00429535
v -5.48739929 -3.72408791 30.00429535
v -5.48739929 -3.72408791 34.00343628
v -1.48825836 -3.72408791 34.00343628
v -1.48825836 -3.72408791 30.00429535
v -5.48739929 -7.72322884 38.00257721
v -5.48739929 -7.72322884 42.00171814
v -1.48825836 -7.72322884 42.00171814
v -1.48825836 -7.72322884 38.00257721
v -5.48739929 -3.72408791 38.00257721
v -5.48739929 -3.72408791 42.00171814
v -1.48825836 -3.72408791 42.00171814
v -1.48825836 -3.72408791 38.00257721
v -5.48739929 -7.72322884 46.00085907
v -1.48825836 -7.72322884 46.00085907
v -5.48739929 -3.72408791 46.00085907
v -1.48825836 -3.72408791 46.00085907
v -5.48739929 -3.72408791 -49.97852325
v -5.48739929 -3.72408791 -45.97938232
v -1.48825836 -3.72408791 -45.97938232
v -1.48825836 -3.72408791 -49.97852325
v -5.48739929 0.27505302 -49.97852325
v -5.48739929 0.27505302 -45.97938232
v -1.48825836 0.27505302 -45.97938232
v -1.48825836 0.27505302 -49.97852325
v -5.48739929 -3.72408791 6.00944977
v -5.48739929 -3.72408791 10.0085907
v -1.48825836 -3.72408791 10.0085907
v -1.48825836 -3.72408791 6.00944977
v -5.48739929 0.27505302 6.00944977
v -5.48739929 0.27505302 10.0085907
v -1.48825836 0.27505302 10.0085907
v -1.48825836 0.27505302 6.00944977
v -5.48739929 -3.72408791 14.00773163
v -1.48825836 -3.72408791 14.00773163
v -5.48739929 0.27505302 14.00773163
v -1.48825836 0.27505302 14.00773163
v -5.48739929 -3.72408791 14.00773163
v -5.48739929 -3.72408791 18.00687256
v -1.48825836 -3.72408791 18.00687256
v -1.48825836 -3.72408791 14.00773163
v -5.48739929 0.27505302 14.00773163
v -5.48739929 0.27505302 18.00687256
v -1.48825836 0.27505302 18.00687256
v -1.48825836 0.27505302 14.00773163
v -5.48739929 -3.72408791 18.00687256
v -5.48739929 -3.72408791 22.00601349
v -1.48825836 -3.72408791 22.00601349
v -1.48825836 -3.72408791 18.00687256
v -5.48739929 0.27505302 18.00687256
v -5.48739929 0.27505302 22.00601349
v -1.48825836 0.27505302 22.00601349
v -1.48825836 0.27505302 18.00687256
v -5.48739929 -3.72408791 22.00601349
v -5.48739929 -3.72408791 26.00515442
v -1.48825836 -3.72408791 26.00515442
v -1.48825836 -3.72408791 22.00601349
v -5.48739929 0.27505302 22.00601349
v -5.48739929 0.27505302 26.00515442
v -1.48825836 0.27505302 26.00515442
v -1.48825836 0.27505302 22.00601349
v -5.48739929 -3.72408791 26.00515442
v -5.48739929 -3.72408791 30.00429535
v -1.48825836 -3.72408791 30.00429535
v -1.48825836 -3.72408791 26.00515442
v -5.48739929 0.27505302 26.00515442
v -5.48739929 0.27505302 30.00429535
v -1.48825836 0.27505302 30.00429535
v -1.48825836 0.27505302 26.00515442
v -5.48739929 -3.72408791 30.00429535
v -5.48739929 -3.72408791 34.00343628
v -1.48825836 -3.72408791 34.00343628
v -1.48825836 -3.72408791 30.00429535
v -5.48739929 0.27505302 30.00429535
v -5.48739929 0.27505302 34.00343628
v -1.48825836 0.27505302 34.00343628
v -1.48825836 0.27505302 30.00429535
v -5.48739929 -3.72408791 38.00257721
v -1.48825836 -3.72408791 38.00257721
v -5.48739929 0.27505302 38.00257721
v -1.48825836 0.27505302 38.00257721
v -5.48739929 -3.72408791 42.00171814
v -1.48825836 -3.72408791 42.00171814
v -5.48739929 0.27505302 42.00171814
v -1.48825836 0.27505302 42.00171814
v -5.48739929 -3.72408791 46.00085907
v -1.48825836 -3.72408791 46.00085907
v -5.48739929 0.27505302 46.00085907
v -1.48825836 0.27505302 46.00085907
v -5.48739929 4.27419395 -49.97852325
v -5.48739929 4.27419395 -45.97938232
v -1.48825836 4.27419395 -45.97938232
v -1.48825836 4.27419395 -49.97852325
v -5.48739929 4.27419395 30.00429535
v -5.48739929 4.27419395 34.00343628
v -1.48825836 4.27419395 34.00343628
v -1.48825836 4.27419395 30.00429535
v -5.48739929 4.27419395 38.00257721
v -1.48825836 4.27419395 38.00257721
v -5.48739929 4.27419395 42.00171814
v -1.48825836 4.27419395 42.00171814
v -5.48739929 8.27333488 -49.97852325
v -5.48739929 8.27333488 -45.97938232
v -1.48825836 8.27333488 -45.97938232
v -1.48825836 8.27333488 -49.97852325
v -5.48739929 4.27419395 -21.98453674
v -5.48739929 4.27419395 -17.98539581
v -1.48825836 4.27419395 -17.98539581
v -1.48825836 4.27419395 -21.98453674
v -5.48739929 8.27333488 -21.98453674
v -5.48739929 8.27333488 -17.98539581
v -1.48825836 8.27333488 -17.98539581
v -1.48825836 8.27333488 -21.98453674
v -5.48739929 4.27419395 -17.98539581
v -5.48739929 4.27419395 -13.98625488
v -1.48825836 4.27419395 -13.98625488
v -1.48825836 4.27419395 -17.98539581
v -5.48739929 8.27333488 -17.98539581
v -5.48739929 8.27333488 -13.98625488
v -1.48825836 8.27333488 -13.98625488
v -1.48825836 8.27333488 -17.98539581
v -5.48739929 4.27419395 -9.98711395
v -1.48825836 4.27419395 -9.98711395
v -5.48739929 8.27333488 -9.98711395
v -1.48825836 8.27333488 -9.98711395
v -5.48739929 4.27419395 -5.98797302
v -1.48825836 4.27419395 -5.98797302
v -5.48739929 8.27333488 -5.98797302
v -1.48825836 8.27333488 -5.98797302
v -5.48739929 4.27419395 -5.98797302
v -5.48739929 4.27419395 -1.98883209
v -1.48825836 4.27419395 -1.98883209
v -1.48825836 4.27419395 -5.98797302
v -5.48739929 8.27333488 -5.98797302
v -5.48739929 8.27333488 -1.98883209
v -1.48825836 8.27333488 -1.98883209
v -1.48825836 8.27333488 -5.98797302
v -5.48739929 4.27419395 2.01030884
v -1.48825836 4.27419395 2.01030884
v -5.48739929 8.27333488 2.01030884
v -1.48825836 8.27333488 2.01030884
v -5.48739929 4.27419395 2.01030884
v -5.48739929 4.27419395 6.00944977
v -1.48825836 4.27419395 6.00944977
v -1.48825836 4.27419395 2.01030884
v -5.48739929 8.27333488 2.01030884
v -5.48739929 8.27333488 6.00944977
v -1.48825836 8.27333488 6.00944977
v -1.48825836 8.27333488 2.01030884
v -5.48739929 4.27419395 10.0085907
v -1.48825836 4.27419395 10.0085907
v -5.48739929 8.27333488 10.0085907
v -1.48825836 8.27333488 10.0085907
v -5.48739929 4.27419395 14.00773163
v -1.48825836 4.27419395 14.00773163
v -5.48739929 8.27333488 14.00773163
v -1.48825836 8.27333488 14.00773163
v -5.48739929 4.27419395 14.00773163
v -5.48739929 4.27419395 18.00687256
v -1.48825836 4.27419395 18.00687256
v -1.48825836 4.27419395 14.00773163
v -5.48739929 8.27333488 14.00773163
v -5.48739929 8.27333488 18.00687256
v -1.48825836 8.27333488 18.00687256
v -1.48825836 8.27333488 14.00773163
v -5.48739929 4.27419395 18.00687256
v -5.48739929 4.27419395 22.00601349
v -1.48825836 4.27419395 22.00601349
v -1.48825836 4.27419395 18.00687256
v -5.48739929 8.27333488 18.00687256
v -5.48739929 8.27333488 22.00601349
v -1.48825836 8.27333488 22.00601349
v -1.48825836 8.27333488 18.00687256
v -5.48739929 4.27419395 22.00601349
v -5.48739929 4.27419395 26.00515442
v -1.48825836 4.27419395 26.00515442
v -1.48825836 4.27419395 22.00601349
v -5.48739929 8.27333488 22.00601349
v -5.48739929 8.27333488 26.00515442
v -1.48825836 8.27333488 26.00515442
v -1.48825836 8.27333488 22.00601349
v -5.48739929 4.27419395 26.00515442
v -5.48739929 4.27419395 30.00429535
v -1.48825836 4.27419395 30.00429535
v -1.48825836 4.27419395 26.00515442
v -5.48739929 8.27333488 26.00515442
v -5.48739929 8.27333488 30.00429535
v -1.48825836 8.27333488 30.00429535
v -1.48825836 8.27333488 26.00515442
v -5.48739929 8.27333488 30.00429535
v -5.48739929 8.27333488 34.00343628
v -1.48825836 8.27333488 34.00343628
v -1.48825836 8.27333488 30.00429535
v -5.48739929 12.27247581 -49.97852325
v -5.48739929 12.27247581 -45.97938232
v -1.48825836 12.27247581 -45.97938232
v -1.48825836 12.27247581 -49.97852325
v -5.48739929 8.27333488 -41.98024139
v -1.48825836 8.27333488 -41.98024139
v -5.48739929 12.27247581 -41.98024139
v -1.48825836 12.27247581 -41.98024139
v -5.48739929 8.27333488 -37.98110046
v -1.48825836 8.27333488 -37.98110046
v -5.48739929 12.27247581 -37.98110046
v -1.48825836 12.27247581 -37.98110046
v -5.48739929 8.27333488 -33.98195953
v -1.48825836 8.27333488 -33.98195953
v -5.48739929 12.27247581 -33.98195953
v -1.48825836 12.27247581 -33.98195953
v -5.48739929 8.27333488 -29.9828186
v -1.48825836 8.27333488 -29.9828186
v -5.48739929 12.27247581 -29.9828186
v -1.48825836 12.27247581 -29.9828186
v -5.48739929 8.27333488 -29.9828186
v -5.48739929 8.27333488 -25.98367767
v -1.48825836 8.27333488 -25.98367767
v -1.48825836 8.27333488 -29.9828186
v -5.48739929 12.27247581 -29.9828186
v -5.48739929 12.27247581 -25.98367767
v -1.48825836 12.27247581 -25.98367767
v -1.48825836 12.27247581 -29.9828186
v -5.48739929 8.27333488 -25.98367767
v -5.48739929 8.27333488 -21.98453674
v -1.48825836 8.27333488 -21.98453674
v -1.48825836 8.27333488 -25.98367767
v -5.48739929 12.27247581 -25.98367767
v -5.48739929 12.27247581 -21.98453674
v -1.48825836 12.27247581 -21.98453674
v -1.48825836 12.27247581 -25.98367767
v -5.48739929 12.27247581 -21.98453674
v -5.48739929 12.27247581 -17.98539581
v -1.48825836 12.27247581 -17.98539581
v -1.48825836 12.27247581 -21.98453674
v -5.48739929 12.27247581 -17.98539581
v -5.48739929 12.27247581 -13.98625488
v -1.48825836 12.27247581 -13.98625488
v -1.48825836 12.27247581 -17.98539581
v -5.48739929 12.27247581 -9.98711395
v -5.48739929 12.27247581 -5.98797302
v -1.48825836 12.27247581 -5.98797302
v -1.48825836 12.27247581 -9.98711395
v -5.48739929 12.27247581 -5.98797302
v -5.48739929 12.27247581 -1.98883209
v -1.48825836 12.27247581 -1.98883209
v -1.48825836 12.27247581 -5.98797302
v -5.48739929 12.27247581 18.00687256
v -5.48739929 12.27247581 22.00601349
v -1.48825836 12.27247581 22.00601349
v -1.48825836 12.27247581 18.00687256
v -5.48739929 16.27161674 -49.97852325
v -5.48739929 16.27161674 -45.97938232
v -1.48825836 16.27161674 -45.97938232
v -1.48825836 16.27161674 -49.97852325
v -5.48739929 16.27161674 -41.98024139
v -1.48825836 16.27161674 -41.98024139
v -5.48739929 16.27161674 -37.98110046
v -1.48825836 16.27161674 -37.98110046
v -5.48739929 20.27075768 -49.97852325
v -5.48739929 20.27075768 -45.97938232
v -1.48825836 20.27075768 -45.97938232
v -1.48825836 20.27075768 -49.97852325
v 2.51088257 -19.72065163 -45.97938232
v 2.51088257 -19.72065163 -49.97852325
v 2.51088257 -15.7215107 -45.97938232
v 2.51088257 -15.7215107 -49.97852325
v 2.51088257 -19.72065163 18.00687256
v 2.51088257 -19.72065163 14.00773163
v 2.51088257 -15.7215107 18.00687256
v 2.51088257 -15.7215107 14.00773163
v -1.48825836 -19.72065163 18.00687256
v -1.48825836 -19.72065163 22.00601349
v 2.51088257 -19.72065163 22.00601349
v 2.51088257 -19.72065163 18.00687256
v -1.48825836 -15.7215107 18.00687256
v -1.48825836 -15.7215107 22.00601349
v 2.51088257 -15.7215107 22.00601349
v 2.51088257 -15.7215107 18.00687256
v 2.51088257 -15.7215107 -45.97938232
v 2.51088257 -15.7215107 -49.97852325
v 2.51088257 -11.72236977 -45.97938232
v 2.51088257 -11.72236977 -49.97852325
v -1.48825836 -15.7215107 -1.98883209
v -1.48825836 -15.7215107 2.01030884
v 2.51088257 -15.7215107 2.01030884
v 2.51088257 -15.7215107 -1.98883209
v -1.48825836 -11.72236977 -1.98883209
v -1.48825836 -11.72236977 2.01030884
v 2.51088257 -11.72236977 2.01030884
v 2.51088257 -11.72236977 -1.98883209
v -1.48825836 -15.7215107 2.01030884
v 2.51088257 -15.7215107 6.00944977
v 2.51088257 -15.7215107 2.01030884
v -1.48825836 -11.72236977 2.01030884
v 2.51088257 -11.72236977 6.00944977
v 2.51088257 -11.72236977 2.01030884
v 2.51088257 -15.7215107 10.0085907
v 2.51088257 -11.72236977 10.0085907
v -1.48825836 -15.7215107 14.00773163
v 2.51088257 -15.7215107 14.00773163
v -1.48825836 -11.72236977 14.00773163
v 2.51088257 -11.72236977 14.00773163
v 2.51088257 -15.7215107 18.00687256
v 2.51088257 -15.7215107 14.00773163
v 2.51088257 -11.72236977 18.00687256
v 2.51088257 -11.72236977 14.00773163
v 2.51088257 -7.72322884 -45.97938232
v 2.51088257 -7.72322884 -49.97852325
v -1.48825836 -11.72236977 -41.98024139
v -1.48825836 -11.72236977 -37.98110046
v 2.51088257 -11.72236977 -37.98110046
v 2.51088257 -11.72236977 -41.98024139
v -1.48825836 -7.72322884 -41.98024139
v -1.48825836 -7.72322884 -37.98110046
v 2.51088257 -7.72322884 -37.98110046
v 2.51088257 -7.72322884 -41.98024139
v -1.48825836 -11.72236977 -33.98195953
v 2.51088257 -11.72236977 -33.98195953
v -1.48825836 -7.72322884 -33.98195953
v 2.51088257 -7.72322884 -33.98195953
v -1.48825836 -11.72236977 -29.9828186
v 2.51088257 -11.72236977 -29.9828186
v -1.48825836 -7.72322884 -29.9828186
v 2.51088257 -7.72322884 -29.9828186
v -1.48825836 -11.72236977 -29.9828186
v -1.48825836 -11.72236977 -25.98367767
v 2.51088257 -11.72236977 -25.98367767
v 2.51088257 -11.72236977 -29.9828186
v -1.48825836 -7.72322884 -29.9828186
v -1.48825836 -7.72322884 -25.98367767
v 2.51088257 -7.72322884 -25.98367767
v 2.51088257 -7.72322884 -29.9828186
v -1.48825836 -11.72236977 -25.98367767
v -1.48825836 -11.72236977 -21.98453674
v 2.51088257 -11.72236977 -21.98453674
v 2.51088257 -11.72236977 -25.98367767
v -1.48825836 -7.72322884 -25.98367767
v -1.48825836 -7.72322884 -21.98453674
v 2.51088257 -7.72322884 -21.98453674
v 2.51088257 -7.72322884 -25.98367767
v -1.48825836 -11.72236977 -21.98453674
v -1.48825836 -11.72236977 -17.98539581
v 2.51088257 -11.72236977 -17.98539581
v 2.51088257 -11.72236977 -21.98453674
v -1.48825836 -7.72322884 -21.98453674
v -1.48825836 -7.72322884 -17.98539581
v 2.51088257 -7.72322884 -17.98539581
v 2.51088257 -7.72322884 -21.98453674
v -1.48825836 -11.72236977 -17.98539581
v -1.48825836 -11.72236977 -13.98625488
v 2.51088257 -11.72236977 -13.98625488
v 2.51088257 -11.72236977 -17.98539581
v -1.48825836 -7.72322884 -17.98539581
v -1.48825836 -7.72322884 -13.98625488
v 2.51088257 -7.72322884 -13.98625488
v 2.51088257 -7.72322884 -17.98539581
v -1.48825836 -11.72236977 -9.98711395
v 2.51088257 -11.72236977 -9.98711395
v -1.48825836 -7.72322884 -9.98711395
v 2.51088257 -7.72322884 -9.98711395
v -1.48825836 -11.72236977 -5.98797302
v 2.51088257 -11.72236977 -5.98797302
v -1.48825836 -7.72322884 -5.98797302
v 2.51088257 -7.72322884 -5.98797302
v -1.48825836 -11.72236977 -5.98797302
v 2.51088257 -11.72236977 -5.98797302
v -1.48825836 -7.72322884 -5.98797302
v -1.48825836 -7.72322884 -1.98883209
v 2.51088257 -7.72322884 -1.98883209
v 2.51088257 -7.72322884 -5.98797302
v -1.48825836 -7.72322884 10.0085907
v -1.48825836 -7.72322884 14.00773163
v 2.51088257 -7.72322884 14.00773163
v 2.51088257 -7.72322884 10.0085907
v -1.48825836 -11.72236977 22.00601349
v -1.48825836 -11.72236977 26.00515442
v 2.51088257 -11.72236977 26.00515442
v 2.51088257 -11.72236977 22.00601349
v -1.48825836 -7.72322884 22.00601349
v -1.48825836 -7.72322884 26.00515442
v 2.51088257 -7.72322884 26.00515442
v 2.51088257 -7.72322884 22.00601349
v 2.51088257 -11.72236977 46.00085907
v 2.51088257 -11.72236977 42.00171814
v 2.51088257 -7.72322884 46.00085907
v 2.51088257 -7.72322884 42.00171814
v 2.51088257 -7.72322884 -45.97938232
v 2.51088257 -7.72322884 -49.97852325
v 2.51088257 -3.72408791 -45.97938232
v 2.51088257 -3.72408791 -49.97852325
v 2.51088257 -7.72322884 -41.98024139
v 2.51088257 -3.72408791 -41.98024139
v 2.51088257 -7.72322884 -37.98110046
v 2.51088257 -3.72408791 -37.98110046
v 2.51088257 -7.72322884 -33.98195953
v 2.51088257 -3.72408791 -33.98195953
v 2.51088257 -7.72322884 -29.9828186
v 2.51088257 -3.72408791 -29.9828186
v 2.51088257 -7.72322884 -25.98367767
v 2.51088257 -7.72322884 -29.9828186
v 2.51088257 -3.72408791 -25.98367767
v 2.51088257 -3.72408791 -29.9828186
v 2.51088257 -7.72322884 -21.98453674
v 2.51088257 -7.72322884 -25.98367767
v 2.51088257 -3.72408791 -21.98453674
v 2.51088257 -3.72408791 -25.98367767
v 2.51088257 -7.72322884 -17.98539581
v 2.51088257 -7.72322884 -21.98453674
v 2.51088257 -3.72408791 -17.98539581
v 2.51088257 -3.72408791 -21.98453674
v 2.51088257 -7.72322884 -13.98625488
v 2.51088257 -7.72322884 -17.98539581
v 2.51088257 -3.72408791 -13.98625488
v 2.51088257 -3.72408791 -17.98539581
v 2.51088257 -7.72322884 -9.98711395
v 2.51088257 -3.72408791 -9.98711395
v 2.51088257 -7.72322884 -5.98797302
v 2.51088257 -3.72408791 -5.98797302
v 2.51088257 -7.72322884 -1.98883209
v 2.51088257 -7.72322884 -5.98797302
v 2.51088257 -3.72408791 -1.98883209
v 2.51088257 -3.72408791 -5.98797302
v 2.51088257 -7.72322884 2.01030884
v 2.51088257 -3.72408791 2.01030884
v 2.51088257 -7.72322884 6.00944977
v 2.51088257 -7.72322884 2.01030884
v 2.51088257 -3.72408791 6.00944977
v 2.51088257 -3.72408791 2.01030884
v 2.51088257 -7.72322884 10.0085907
v 2.51088257 -3.72408791 10.0085907
v 2.51088257 -7.72322884 14.00773163
v 2.51088257 -3.72408791 14.00773163
v 2.51088257 -7.72322884 18.00687256
v 2.51088257 -7.72322884 14.00773163
v 2.51088257 -3.72408791 18.00687256
v 2.51088257 -3.72408791 14.00773163
v 2.51088257 -7.72322884 22.00601349
v 2.51088257 -7.72322884 18.00687256
v 2.51088257 -3.72408791 22.00601349
v 2.51088257 -3.72408791 18.00687256
v 2.51088257 -7.72322884 26.00515442
v 2.51088257 -7.72322884 22.00601349
v 2.51088257 -3.72408791 26.00515442
v 2.51088257 -3.72408791 22.00601349
v 2.51088257 -7.72322884 30.00429535
v 2.51088257 -7.72322884 26.00515442
v 2.51088257 -3.72408791 30.00429535
v 2.51088257 -3.72408791 26.00515442
v 2.51088257 -7.72322884 34.00343628
v 2.51088257 -7.72322884 30.00429535
v 2.51088257 -3.72408791 34.00343628
v 2.51088257 -3.72408791 30.00429535
v 2.51088257 -7.72322884 38.00257721
v 2.51088257 -3.72408791 38.00257721
v 2.51088257 -7.72322884 42.00171814
v 2.51088257 -3.72408791 42.00171814
v 2.51088257 -7.72322884 46.00085907
v 2.51088257 -3.72408791 46.00085907
v -1.48825836 -7.72322884 50
v 2.51088257 -7.72322884 50
v -1.48825836 -3.72408791 50
v 2.51088257 -3.72408791 50
v 2.51088257 -3.72408791 -45.97938232
v 2.51088257 -3.72408791 -49.97852325
v 2.51088257 0.27505302 -45.97938232
v 2.51088257 0.27505302 -49.97852325
v 2.51088257 -3.72408791 34.00343628
v 2.51088257 -3.72408791 30.00429535
v 2.51088257 0.27505302 34.00343628
v 2.51088257 0.27505302 30.00429535
v 2.51088257 -3.72408791 38.00257721
v 2.51088257 0.27505302 38.00257721
v 2.51088257 -3.72408791 42.00171814
v 2.51088257 0.27505302 42.00171814
v 2.51088257 -3.72408791 46.00085907
v 2.51088257 0.27505302 46.00085907
v -1.48825836 -3.72408791 50
v 2.51088257 -3.72408791 50
v -1.48825836 0.27505302 50
v 2.51088257 0.27505302 50
v 2.51088257 4.27419395 -45.97938232
v 2.51088257 4.27419395 -49.97852325
v 2.51088257 4.27419395 34.00343628
v 2.51088257 4.27419395 30.00429535
v 2.51088257 4.27419395 38.00257721
v 2.51088257 4.27419395 42.00171814
v -1.48825836 4.27419395 46.00085907
v 2.51088257 4.27419395 46.00085907
v 2.51088257 8.27333488 -45.97938232
v 2.51088257 8.27333488 -49.97852325
v 2.51088257 4.27419395 -17.98539581
v 2.51088257 4.27419395 -21.98453674
v 2.51088257 8.27333488 -17.98539581
v 2.51088257 8.27333488 -21.98453674
v 2.51088257 4.27419395 -13.98625488
v 2.51088257 4.27419395 -17.98539581
v 2.51088257 8.27333488 -13.98625488
v 2.51088257 8.27333488 -17.98539581
v 2.51088257 4.27419395 -9.98711395
v 2.51088257 8.27333488 -9.98711395
v 2.51088257 4.27419395 -5.98797302
v 2.51088257 8.27333488 -5.98797302
v 2.51088257 4.27419395 -1.98883209
v 2.51088257 4.27419395 -5.98797302
v 2.51088257 8.27333488 -1.98883209
v 2.51088257 8.27333488 -5.98797302
v 2.51088257 4.27419395 2.01030884
v 2.51088257 8.27333488 2.01030884
v 2.51088257 4.27419395 6.00944977
v 2.51088257 4.27419395 2.01030884
v 2.51088257 8.27333488 6.00944977
v 2.51088257 8.27333488 2.01030884
v 2.51088257 4.27419395 10.0085907
v 2.51088257 8.27333488 10.0085907
v 2.51088257 4.27419395 14.00773163
v 2.51088257 8.27333488 14.00773163
v 2.51088257 4.27419395 18.00687256
v 2.51088257 4.27419395 14.00773163
v 2.51088257 8.27333488 18.00687256
v 2.51088257 8.27333488 14.00773163
v 2.51088257 4.27419395 22.00601349
v 2.51088257 4.27419395 18.00687256
v 2.51088257 8.27333488 22.00601349
v 2.51088257 8.27333488 18.00687256
v 2.51088257 4.27419395 26.00515442
v 2.51088257 4.27419395 22.00601349
v 2.51088257 8.27333488 26.00515442
v 2.51088257 8.27333488 22.00601349
v 2.51088257 4.27419395 30.00429535
v 2.51088257 4.27419395 26.00515442
v 2.51088257 8.27333488 30.00429535
v 2.51088257 8.27333488 26.00515442
v 2.51088257 8.27333488 34.00343628
v 2.51088257 8.27333488 30.00429535
v 2.51088257 12.27247581 -45.97938232
v 2.51088257 12.27247581 -49.97852325
v 2.51088257 8.27333488 -37.98110046
v 2.51088257 8.27333488 -41.98024139
v 2.51088257 12.27247581 -37.98110046
v 2.51088257 12.27247581 -41.98024139
v 2.51088257 8.27333488 -33.98195953
v 2.51088257 12.27247581 -33.98195953
v 2.51088257 8.27333488 -29.9828186
v 2.51088257 12.27247581 -29.9828186
v 2.51088257 8.27333488 -25.98367767
v 2.51088257 8.27333488 -29.9828186
v 2.51088257 12.27247581 -25.98367767
v 2.51088257 12.27247581 -29.9828186
v 2.51088257 8.27333488 -21.98453674
v 2.51088257 8.27333488 -25.98367767
v 2.51088257 12.27247581 -21.98453674
v 2.51088257 12.27247581 -25.98367767
v 2.51088257 12.27247581 -17.98539581
v 2.51088257 12.27247581 -21.98453674
v 2.51088257 12.27247581 -13.98625488
v 2.51088257 12.27247581 -17.98539581
v 2.51088257 12.27247581 -9.98711395
v 2.51088257 12.27247581 -5.98797302
v 2.51088257 12.27247581 -1.98883209
v 2.51088257 12.27247581 -5.98797302
v -1.48825836 12.27247581 2.01030884
v 2.51088257 12.27247581 2.01030884
v 2.51088257 12.27247581 22.00601349
v 2.51088257 12.27247581 18.00687256
v 2.51088257 16.27161674 -45.97938232
v 2.51088257 16.27161674 -49.97852325
v 2.51088257 16.27161674 -41.98024139
v 2.51088257 16.27161674 -37.98110046
v -1.48825836 16.27161674 -33.98195953
v -1.48825836 16.27161674 -29.9828186
v 2.51088257 16.27161674 -29.9828186
v 2.51088257 16.27161674 -33.98195953
v 2.51088257 20.27075768 -45.97938232
v 2.51088257 20.27075768 -49.97852325
v 2.51088257 -19.72065163 -49.97852325
v 2.51088257 -19.72065163 -45.97938232
v 6.5100235 -19.72065163 -45.97938232
v 6.5100235 -19.72065163 -49.97852325
v 2.51088257 -15.7215107 -49.97852325
v 2.51088257 -15.7215107 -45.97938232
v 6.5100235 -15.7215107 -45.97938232
v 6.5100235 -15.7215107 -49.97852325
v 2.51088257 -15.7215107 -49.97852325
v 2.51088257 -15.7215107 -45.97938232
v 6.5100235 -15.7215107 -45.97938232
v 6.5100235 -15.7215107 -49.97852325
v 2.51088257 -11.72236977 -49.97852325
v 2.51088257 -11.72236977 -45.97938232
v 6.5100235 -11.72236977 -45.97938232
v 6.5100235 -11.72236977 -49.97852325
v 2.51088257 -15.7215107 6.00944977
v 2.51088257 -15.7215107 10.0085907
v 6.5100235 -15.7215107 10.0085907
v 6.5100235 -15.7215107 6.00944977
v 2.51088257 -11.72236977 6.00944977
v 2.51088257 -11.72236977 10.0085907
v 6.5100235 -11.72236977 10.0085907
v 6.5100235 -11.72236977 6.00944977
v 2.51088257 -15.7215107 14.00773163
v 2.51088257 -15.7215107 18.00687256
v 6.5100235 -15.7215107 18.00687256
v 6.5100235 -15.7215107 14.00773163
v 2.51088257 -11.72236977 14.00773163
v 2.51088257 -11.72236977 18.00687256
v 6.5100235 -11.72236977 18.00687256
v 6.5100235 -11.72236977 14.00773163
v 2.51088257 -7.72322884 -49.97852325
v 2.51088257 -7.72322884 -45.97938232
v 6.5100235 -7.72322884 -45.97938232
v 6.5100235 -7.72322884 -49.97852325
v 2.51088257 -11.72236977 -33.98195953
v 2.51088257 -11.72236977 -29.9828186
v 6.5100235 -11.72236977 -29.9828186
v 6.5100235 -11.72236977 -33.98195953
v 2.51088257 -7.72322884 -33.98195953
v 2.51088257 -7.72322884 -29.9828186
v 6.5100235 -7.72322884 -29.9828186
v 6.5100235 -7.72322884 -33.98195953
v 2.51088257 -11.72236977 -29.9828186
v 2.51088257 -11.72236977 -25.98367767
v 6.5100235 -11.72236977 -25.98367767
v 6.5100235 -11.72236977 -29.9828186
v 2.51088257 -7.72322884 -29.9828186
v 2.51088257 -7.72322884 -25.98367767
v 6.5100235 -7.72322884 -25.98367767
v 6.5100235 -7.72322884 -29.9828186
v 2.51088257 -11.72236977 -25.98367767
v 2.51088257 -11.72236977 -21.98453674
v 6.5100235 -11.72236977 -21.98453674
v 6.5100235 -11.72236977 -25.98367767
v 2.51088257 -7.72322884 -25.98367767
v 2.51088257 -7.72322884 -21.98453674
v 6.5100235 -7.72322884 -21.98453674
v 6.5100235 -7.72322884 -25.98367767
v 2.51088257 -11.72236977 -21.98453674
v 2.51088257 -11.72236977 -17.98539581
v 6.5100235 -11.72236977 -17.98539581
v 6.5100235 -11.72236977 -21.98453674
v 2.51088257 -7.72322884 -21.98453674
v 2.51088257 -7.72322884 -17.98539581
v 6.5100235 -7.72322884 -17.98539581
v 6.5100235 -7.72322884 -21.98453674
v 2.51088257 -11.72236977 -17.98539581
v 2.51088257 -11.72236977 -13.98625488
v 6.5100235 -11.72236977 -13.98625488
v 6.5100235 -11.72236977 -17.98539581
v 2.51088257 -7.72322884 -17.98539581
v 2.51088257 -7.72322884 -13.98625488
v 6.5100235 -7.72322884 -13.98625488
v 6.5100235 -7.72322884 -17.98539581
v 2.51088257 -11.72236977 -9.98711395
v 6.5100235 -11.72236977 -9.98711395
v 2.51088257 -7.72322884 -9.98711395
v 6.5100235 -7.72322884 -9.98711395
v 2.51088257 -11.72236977 -5.98797302
v 6.5100235 -11.72236977 -5.98797302
v 2.51088257 -7.72322884 -5.98797302
v 6.5100235 -7.72322884 -5.98797302
v 2.51088257 -11.72236977 -5.98797302
v 2.51088257 -11.72236977 -1.98883209
v 6.5100235 -11.72236977 -1.98883209
v 6.5100235 -11.72236977 -5.98797302
v 2.51088257 -7.72322884 -5.98797302
v 2.51088257 -7.72322884 -1.98883209
v 6.5100235 -7.72322884 -1.98883209
v 6.5100235 -7.72322884 -5.98797302
v 2.51088257 -7.72322884 -49.97852325
v 2.51088257 -7.72322884 -45.97938232
v 6.5100235 -7.72322884 -45.97938232
v 6.5100235 -7.72322884 -49.97852325
v 2.51088257 -3.72408791 -49.97852325
v 2.51088257 -3.72408791 -45.97938232
v 6.5100235 -3.72408791 -45.97938232
v 6.5100235 -3.72408791 -49.97852325
v 2.51088257 -7.72322884 -41.98024139
v 6.5100235 -7.72322884 -41.98024139
v 2.51088257 -3.72408791 -41.98024139
v 6.5100235 -3.72408791 -41.98024139
v 2.51088257 -7.72322884 -37.98110046
v 6.5100235 -7.72322884 -37.98110046
v 2.51088257 -3.72408791 -37.98110046
v 6.5100235 -3.72408791 -37.98110046
v 2.51088257 -7.72322884 -33.98195953
v 6.5100235 -7.72322884 -33.98195953
v 2.51088257 -3.72408791 -33.98195953
v 6.5100235 -3.72408791 -33.98195953
v 2.51088257 -7.72322884 -29.9828186
v 6.5100235 -7.72322884 -29.9828186
v 2.51088257 -3.72408791 -29.9828186
v 6.5100235 -3.72408791 -29.9828186
v 2.51088257 -7.72322884 -29.9828186
v 2.51088257 -7.72322884 -25.98367767
v 6.5100235 -7.72322884 -25.98367767
v 6.5100235 -7.72322884 -29.9828186
v 2.51088257 -3.72408791 -29.9828186
v 2.51088257 -3.72408791 -25.98367767
v 6.5100235 -3.72408791 -25.98367767
v 6.5100235 -3.72408791 -29.9828186
v 2.51088257 -7.72322884 -13.98625488
v 2.51088257 -7.72322884 -9.98711395
v 6.5100235 -7.72322884 -9.98711395
v 6.5100235 -7.72322884 -13.98625488
v 2.51088257 -3.72408791 -13.98625488
v 2.51088257 -3.72408791 -9.98711395
v 6.5100235 -3.72408791 -9.98711395
v 6.5100235 -3.72408791 -13.98625488
v 2.51088257 -7.72322884 -5.98797302
v 6.5100235 -7.72322884 -5.98797302
v 2.51088257 -3.72408791 -5.98797302
v 6.5100235 -3.72408791 -5.98797302
v 2.51088257 -7.72322884 -5.98797302
v 2.51088257 -7.72322884 -1.98883209
v 6.5100235 -7.72322884 -1.98883209
v 6.5100235 -7.72322884 -5.98797302
v 2.51088257 -3.72408791 -5.98797302
v 2.51088257 -3.72408791 -1.98883209
v 6.5100235 -3.72408791 -1.98883209
v 6.5100235 -3.72408791 -5.98797302
v 2.51088257 -7.72322884 2.01030884
v 6.5100235 -7.72322884 2.01030884
v 2.51088257 -3.72408791 2.01030884
v 6.5100235 -3.72408791 2.01030884
v 2.51088257 -7.72322884 2.01030884
v 2.51088257 -7.72322884 6.00944977
v 6.5100235 -7.72322884 6.00944977
v 6.5100235 -7.72322884 2.01030884
v 2.51088257 -3.72408791 2.01030884
v 2.51088257 -3.72408791 6.00944977
v 6.5100235 -3.72408791 6.00944977
v 6.5100235 -3.72408791 2.01030884
v 2.51088257 -7.72322884 10.0085907
v 6.5100235 -7.72322884 10.0085907
v 2.51088257 -3.72408791 10.0085907
v 6.5100235 -3.72408791 10.0085907
v 2.51088257 -7.72322884 14.00773163
v 6.5100235 -7.72322884 14.00773163
v 2.51088257 -3.72408791 14.00773163
v 6.5100235 -3.72408791 14.00773163
v 2.51088257 -7.72322884 14.00773163
v 2.51088257 -7.72322884 18.00687256
v 6.5100235 -7.72322884 18.00687256
v 6.5100235 -7.72322884 14.00773163
v 2.51088257 -3.72408791 14.00773163
v 2.51088257 -3.72408791 18.00687256
v 6.5100235 -3.72408791 18.00687256
v 6.5100235 -3.72408791 14.00773163
v 2.51088257 -7.72322884 18.00687256
v 2.51088257 -7.72322884 22.00601349
v 6.5100235 -7.72322884 22.00601349
v 6.5100235 -7.72322884 18.00687256
v 2.51088257 -3.72408791 18.00687256
v 2.51088257 -3.72408791 22.00601349
v 6.5100235 -3.72408791 22.00601349
v 6.5100235 -3.72408791 18.00687256
v 2.51088257 -7.72322884 22.00601349
v 2.51088257 -7.72322884 26.00515442
v 6.5100235 -7.72322884 26.00515442
v 6.5100235 -7.72322884 22.00601349
v 2.51088257 -3.72408791 22.00601349
v 2.51088257 -3.72408791 26.00515442
v 6.5100235 -3.72408791 26.00515442
v 6.5100235 -3.72408791 22.00601349
v 2.51088257 -7.72322884 26.00515442
v 2.51088257 -7.72322884 30.00429535
v 6.5100235 -7.72322884 30.00429535
v 6.5100235 -7.72322884 26.00515442
v 2.51088257 -3.72408791 26.00515442
v 2.51088257 -3.72408791 30.00429535
v 6.5100235 -3.72408791 30.00429535
v 6.5100235 -3.72408791 26.00515442
v 2.51088257 -7.72322884 30.00429535
v 2.51088257 -7.72322884 34.00343628
v 6.5100235 -7.72322884 34.00343628
v 6.5100235 -7.72322884 30.00429535
v 2.51088257 -3.72408791 30.00429535
v 2.51088257 -3.72408791 34.00343628
v 6.5100235 -3.72408791 34.00343628
v 6.5100235 -3.72408791 30.00429535
v 2.51088257 -7.72322884 38.00257721
v 2.51088257 -7.72322884 42.00171814
v 6.5100235 -7.72322884 42.00171814
v 6.5100235 -7.72322884 38.00257721
v 2.51088257 -3.72408791 38.00257721
v 2.51088257 -3.72408791 42.00171814
v 6.5100235 -3.72408791 42.00171814
v 6.5100235 -3.72408791 38.00257721
v 2.51088257 -7.72322884 46.00085907
v 6.5100235 -7.72322884 46.00085907
v 2.51088257 -3.72408791 46.00085907
v 6.5100235 -3.72408791 46.00085907
v 2.51088257 -3.72408791 -49.97852325
v 2.51088257 -3.72408791 -45.97938232
v 6.5100235 -3.72408791 -45.97938232
v 6.5100235 -3.72408791 -49.97852325
v 2.51088257 0.27505302 -49.97852325
v 2.51088257 0.27505302 -45.97938232
v 6.5100235 0.27505302 -45.97938232
v 6.5100235 0.27505302 -49.97852325
v 2.51088257 -3.72408791 -41.98024139
v 6.5100235 -3.72408791 -41.98024139
v 2.51088257 0.27505302 -41.98024139
v 6.5100235 0.27505302 -41.98024139
v 2.51088257 -3.72408791 -37.98110046
v 6.5100235 -3.72408791 -37.98110046
v 2.51088257 0.27505302 -37.98110046
v 6.5100235 0.27505302 -37.98110046
v 2.51088257 -3.72408791 -33.98195953
v 6.5100235 -3.72408791 -33.98195953
v 2.51088257 0.27505302 -33.98195953
v 6.5100235 0.27505302 -33.98195953
v 2.51088257 -3.72408791 -29.9828186
v 6.5100235 -3.72408791 -29.9828186
v 2.51088257 0.27505302 -29.9828186
v 6.5100235 0.27505302 -29.9828186
v 2.51088257 -3.72408791 -29.9828186
v 2.51088257 -3.72408791 -25.98367767
v 6.5100235 -3.72408791 -25.98367767
v 6.5100235 -3.72408791 -29.9828186
v 2.51088257 0.27505302 -29.9828186
v 2.51088257 0.27505302 -25.98367767
v 6.5100235 0.27505302 -25.98367767
v 6.5100235 0.27505302 -29.9828186
v 2.51088257 -3.72408791 2.01030884
v 2.51088257 -3.72408791 6.00944977
v 6.5100235 -3.72408791 6.00944977
v 6.5100235 -3.72408791 2.01030884
v 2.51088257 0.27505302 2.01030884
v 2.51088257 0.27505302 6.00944977
v 6.5100235 0.27505302 6.00944977
v 6.5100235 0.27505302 2.01030884
v 2.51088257 -3.72408791 10.0085907
v 6.5100235 -3.72408791 10.0085907
v 2.51088257 0.27505302 10.0085907
v 6.5100235 0.27505302 10.0085907
v 2.51088257 -3.72408791 14.00773163
v 6.5100235 -3.72408791 14.00773163
v 2.51088257 0.27505302 14.00773163
v 6.5100235 0.27505302 14.00773163
v 2.51088257 -3.72408791 14.00773163
v 2.51088257 -3.72408791 18.00687256
v 6.5100235 -3.72408791 18.00687256
v 6.5100235 -3.72408791 14.00773163
v 2.51088257 0.27505302 14.00773163
v 2.51088257 0.27505302 18.00687256
v 6.5100235 0.27505302 18.00687256
v 6.5100235 0.27505302 14.00773163
v 2.51088257 -3.72408791 18.00687256
v 2.51088257 -3.72408791 22.00601349
v 6.5100235 -3.72408791 22.00601349
v 6.5100235 -3.72408791 18.00687256
v 2.51088257 0.27505302 18.00687256
v 2.51088257 0.27505302 22.00601349
v 6.5100235 0.27505302 22.00601349
v 6.5100235 0.27505302 18.00687256
v 2.51088257 -3.72408791 22.00601349
v 2.51088257 -3.72408791 26.00515442
v 6.5100235 -3.72408791 26.00515442
v 6.5100235 -3.72408791 22.00601349
v 2.51088257 0.27505302 22.00601349
v 2.51088257 0.27505302 26.00515442
v 6.5100235 0.27505302 26.00515442
v 6.5100235 0.27505302 22.00601349
v 2.51088257 -3.72408791 26.00515442
v 2.51088257 -3.72408791 30.00429535
v 6.5100235 -3.72408791 30.00429535
v 6.5100235 -3.72408791 26.00515442
v 2.51088257 0.27505302 26.00515442
v 2.51088257 0.27505302 30.00429535
v 6.5100235 0.27505302 30.00429535
v 6.5100235 0.27505302 26.00515442
v 2.51088257 -3.72408791 30.00429535
v 2.51088257 -3.72408791 34.00343628
v 6.5100235 -3.72408791 34.00343628
v 6.5100235 -3.72408791 30.00429535
v 2.51088257 0.27505302 30.00429535
v 2.51088257 0.27505302 34.00343628
v 6.5100235 0.27505302 34.00343628
v 6.5100235 0.27505302 30.00429535
v 2.51088257 -3.72408791 38.00257721
v 6.5100235 -3.72408791 38.00257721
v 2.51088257 0.27505302 38.00257721
v 6.5100235 0.27505302 38.00257721
v 2.51088257 -3.72408791 42.00171814
v 6.5100235 -3.72408791 42.00171814
v 2.51088257 0.27505302 42.00171814
v 6.5100235 0.27505302 42.00171814
v 2.51088257 -3.72408791 46.00085907
v 6.5100235 -3.72408791 46.00085907
v 2.51088257 0.27505302 46.00085907
v 6.5100235 0.27505302 46.00085907
v 2.51088257 4.27419395 -49.97852325
v 2.51088257 4.27419395 -45.97938232
v 6.5100235 4.27419395 -45.97938232
v 6.5100235 4.27419395 -49.97852325
v 2.51088257 4.27419395 26.00515442
v 2.51088257 4.27419395 30.00429535
v 6.5100235 4.27419395 30.00429535
v 6.5100235 4.27419395 26.00515442
v 2.51088257 4.27419395 30.00429535
v 2.51088257 4.27419395 34.00343628
v 6.5100235 4.27419395 34.00343628
v 6.5100235 4.27419395 30.00429535
v 2.51088257 4.27419395 38.00257721
v 6.5100235 4.27419395 38.00257721
v 2.51088257 4.27419395 42.00171814
v 6.5100235 4.27419395 42.00171814
v 2.51088257 8.27333488 -49.97852325
v 2.51088257 8.27333488 -45.97938232
v 6.5100235 8.27333488 -45.97938232
v 6.5100235 8.27333488 -49.97852325
v 2.51088257 4.27419395 -33.98195953
v 2.51088257 4.27419395 -29.9828186
v 6.5100235 4.27419395 -29.9828186
v 6.5100235 4.27419395 -33.98195953
v 2.51088257 8.27333488 -33.98195953
v 2.51088257 8.27333488 -29.9828186
v 6.5100235 8.27333488 -29.9828186
v 6.5100235 8.27333488 -33.98195953
v 2.51088257 4.27419395 -29.9828186
v 2.51088257 4.27419395 -25.98367767
v 6.5100235 4.27419395 -25.98367767
v 6.5100235 4.27419395 -29.9828186
v 2.51088257 8.27333488 -29.9828186
v 2.51088257 8.27333488 -25.98367767
v 6.5100235 8.27333488 -25.98367767
v 6.5100235 8.27333488 -29.9828186
v 2.51088257 4.27419395 -25.98367767
v 2.51088257 4.27419395 -21.98453674
v 6.5100235 4.27419395 -21.98453674
v 6.5100235 4.27419395 -25.98367767
v 2.51088257 8.27333488 -25.98367767
v 2.51088257 8.27333488 -21.98453674
v 6.5100235 8.27333488 -21.98453674
v 6.5100235 8.27333488 -25.98367767
v 2.51088257 4.27419395 -21.98453674
v 2.51088257 4.27419395 -17.98539581
v 6.5100235 4.27419395 -17.98539581
v 6.5100235 4.27419395 -21.98453674
v 2.51088257 8.27333488 -21.98453674
v 2.51088257 8.27333488 -17.98539581
v 6.5100235 8.27333488 -17.98539581
v 6.5100235 8.27333488 -21.98453674
v 2.51088257 4.27419395 -17.98539581
v 2.51088257 4.27419395 -13.98625488
v 6.5100235 4.27419395 -13.98625488
v 6.5100235 4.27419395 -17.98539581
v 2.51088257 8.27333488 -17.98539581
v 2.51088257 8.27333488 -13.98625488
v 6.5100235 8.27333488 -13.98625488
v 6.5100235 8.27333488 -17.98539581
v 2.51088257 4.27419395 -9.98711395
v 6.5100235 4.27419395 -9.98711395
v 2.51088257 8.27333488 -9.98711395
v 6.5100235 8.27333488 -9.98711395
v 2.51088257 4.27419395 -5.98797302
v 6.5100235 4.27419395 -5.98797302
v 2.51088257 8.27333488 -5.98797302
v 6.5100235 8.27333488 -5.98797302
v 2.51088257 4.27419395 -5.98797302
v 2.51088257 4.27419395 -1.98883209
v 6.5100235 4.27419395 -1.98883209
v 6.5100235 4.27419395 -5.98797302
v 2.51088257 8.27333488 -5.98797302
v 2.51088257 8.27333488 -1.98883209
v 6.5100235 8.27333488 -1.98883209
v 6.5100235 8.27333488 -5.98797302
v 2.51088257 4.27419395 2.01030884
v 6.5100235 4.27419395 2.01030884
v 2.51088257 8.27333488 2.01030884
v 6.5100235 8.27333488 2.01030884
v 2.51088257 4.27419395 2.01030884
v 2.51088257 4.27419395 6.00944977
v 6.5100235 4.27419395 6.00944977
v 6.5100235 4.27419395 2.01030884
v 2.51088257 8.27333488 2.01030884
v 2.51088257 8.27333488 6.00944977
v 6.5100235 8.27333488 6.00944977
v 6.5100235 8.27333488 2.01030884
v 2.51088257 4.27419395 10.0085907
v 6.5100235 4.27419395 10.0085907
v 2.51088257 8.27333488 10.0085907
v 6.5100235 8.27333488 10.0085907
v 2.51088257 4.27419395 14.00773163
v 6.5100235 4.27419395 14.00773163
v 2.51088257 8.27333488 14.00773163
v 6.5100235 8.27333488 14.00773163
v 2.51088257 4.27419395 14.00773163
v 2.51088257 4.27419395 18.00687256
v 6.5100235 4.27419395 18.00687256
v 6.5100235 4.27419395 14.00773163
v 2.51088257 8.27333488 14.00773163
v 2.51088257 8.27333488 18.00687256
v 6.5100235 8.27333488 18.00687256
v 6.5100235 8.27333488 14.00773163
v 2.51088257 4.27419395 18.00687256
v 2.51088257 4.27419395 22.00601349
v 6.5100235 4.27419395 22.00601349
v 6.5100235 4.27419395 18.00687256
v 2.51088257 8.27333488 18.00687256
v 2.51088257 8.27333488 22.00601349
v 6.5100235 8.27333488 22.00601349
v 6.5100235 8.27333488 18.00687256
v 2.51088257 4.27419395 22.00601349
v 2.51088257 4.27419395 26.00515442
v 6.5100235 4.27419395 26.00515442
v 6.5100235 4.27419395 22.00601349
v 2.51088257 8.27333488 22.00601349
v 2.51088257 8.27333488 26.00515442
v 6.5100235 8.27333488 26.00515442
v 6.5100235 8.27333488 22.00601349
v 2.51088257 8.27333488 26.00515442
v 2.51088257 8.27333488 30.00429535
v 6.5100235 8.27333488 30.00429535
v 6.5100235 8.27333488 26.00515442
v 2.51088257 8.27333488 30.00429535
v 2.51088257 8.27333488 34.00343628
v 6.5100235 8.27333488 34.00343628
v 6.5100235 8.27333488 30.00429535
v 2.51088257 12.27247581 -49.97852325
v 2.51088257 12.27247581 -45.97938232
v 6.5100235 12.27247581 -45.97938232
v 6.5100235 12.27247581 -49.97852325
v 2.51088257 8.27333488 -41.98024139
v 6.5100235 8.27333488 -41.98024139
v 2.51088257 12.27247581 -41.98024139
v 6.5100235 12.27247581 -41.98024139
v 2.51088257 8.27333488 -37.98110046
v 6.5100235 8.27333488 -37.98110046
v 2.51088257 12.27247581 -37.98110046
v 6.5100235 12.27247581 -37.98110046
v 2.51088257 12.27247581 -33.98195953
v 6.5100235 12.27247581 -33.98195953
v 2.51088257 12.27247581 -29.9828186
v 6.5100235 12.27247581 -29.9828186
v 2.51088257 12.27247581 -29.9828186
v 2.51088257 12.27247581 -25.98367767
v 6.5100235 12.27247581 -25.98367767
v 6.5100235 12.27247581 -29.9828186
v 2.51088257 12.27247581 -25.98367767
v 2.51088257 12.27247581 -21.98453674
v 6.5100235 12.27247581 -21.98453674
v 6.5100235 12.27247581 -25.98367767
v 2.51088257 12.27247581 -21.98453674
v 2.51088257 12.27247581 -17.98539581
v 6.5100235 12.27247581 -17.98539581
v 6.5100235 12.27247581 -21.98453674
v 2.51088257 12.27247581 -13.98625488
v 2.51088257 12.27247581 -9.98711395
v 6.5100235 12.27247581 -9.98711395
v 6.5100235 12.27247581 -13.98625488
v 2.51088257 12.27247581 -5.98797302
v 2.51088257 12.27247581 -1.98883209
v 6.5100235 12.27247581 -1.98883209
v 6.5100235 12.27247581 -5.98797302
v 2.51088257 16.27161674 -49.97852325
v 2.51088257 16.27161674 -45.97938232
v 6.5100235 16.27161674 -45.97938232
v 6.5100235 16.27161674 -49.97852325
v 2.51088257 16.27161674 -41.98024139
v 6.5100235 16.27161674 -41.98024139
v 2.51088257 16.27161674 -37.98110046
v 6.5100235 16.27161674 -37.98110046
v 2.51088257 20.27075768 -49.97852325
v 2.51088257 20.27075768 -45.97938232
v 6.5100235 20.27075768 -45.97938232
v 6.5100235 20.27075768 -49.97852325
v 10.50916443 -15.7215107 -45.97938232
v 10.50916443 -15.7215107 -49.97852325
v 10.50916443 -11.72236977 -45.97938232
v 10.50916443 -11.72236977 -49.97852325
v 10.50916443 -15.7215107 18.00687256
v 10.50916443 -15.7215107 14.00773163
v 10.50916443 -11.72236977 18.00687256
v 10.50916443 -11.72236977 14.00773163
v 10.50916443 -7.72322884 -45.97938232
v 10.50916443 -7.72322884 -49.97852325
v 10.50916443 -11.72236977 -25.98367767
v 10.50916443 -11.72236977 -29.9828186
v 10.50916443 -7.72322884 -25.98367767
v 10.50916443 -7.72322884 -29.9828186
v 10.50916443 -11.72236977 -21.98453674
v 10.50916443 -11.72236977 -25.98367767
v 10.50916443 -7.72322884 -21.98453674
v 10.50916443 -7.72322884 -25.98367767
v 10.50916443 -11.72236977 -17.98539581
v 10.50916443 -11.72236977 -21.98453674
v 10.50916443 -7.72322884 -17.98539581
v 10.50916443 -7.72322884 -21.98453674
v 10.50916443 -11.72236977 -13.98625488
v 10.50916443 -11.72236977 -17.98539581
v 10.50916443 -7.72322884 -13.98625488
v 10.50916443 -7.72322884 -17.98539581
v 10.50916443 -11.72236977 -9.98711395
v 10.50916443 -7.72322884 -9.98711395
v 6.5100235 -7.72322884 14.00773163
v 6.5100235 -7.72322884 18.00687256
v 10.50916443 -7.72322884 18.00687256
v 10.50916443 -7.72322884 14.00773163
v 10.50916443 -7.72322884 -45.97938232
v 10.50916443 -7.72322884 -49.97852325
v 10.50916443 -3.72408791 -45.97938232
v 10.50916443 -3.72408791 -49.97852325
v 10.50916443 -7.72322884 -41.98024139
v 10.50916443 -3.72408791 -41.98024139
v 10.50916443 -7.72322884 -25.98367767
v 10.50916443 -7.72322884 -29.9828186
v 10.50916443 -3.72408791 -25.98367767
v 10.50916443 -3.72408791 -29.9828186
v 6.5100235 -7.72322884 -25.98367767
v 6.5100235 -7.72322884 -21.98453674
v 10.50916443 -7.72322884 -21.98453674
v 10.50916443 -7.72322884 -25.98367767
v 6.5100235 -3.72408791 -25.98367767
v 6.5100235 -3.72408791 -21.98453674
v 10.50916443 -3.72408791 -21.98453674
v 10.50916443 -3.72408791 -25.98367767
v 6.5100235 -7.72322884 -21.98453674
v 6.5100235 -7.72322884 -17.98539581
v 10.50916443 -7.72322884 -17.98539581
v 10.50916443 -7.72322884 -21.98453674
v 6.5100235 -3.72408791 -21.98453674
v 6.5100235 -3.72408791 -17.98539581
v 10.50916443 -3.72408791 -17.98539581
v 10.50916443 -3.72408791 -21.98453674
v 6.5100235 -7.72322884 -17.98539581
v 10.50916443 -7.72322884 -13.98625488
v 10.50916443 -7.72322884 -17.98539581
v 6.5100235 -3.72408791 -17.98539581
v 10.50916443 -3.72408791 -13.98625488
v 10.50916443 -3.72408791 -17.98539581
v 10.50916443 -7.72322884 -9.98711395
v 10.50916443 -3.72408791 -9.98711395
v 10.50916443 -7.72322884 -5.98797302
v 10.50916443 -3.72408791 -5.98797302
v 10.50916443 -7.72322884 -1.98883209
v 10.50916443 -7.72322884 -5.98797302
v 10.50916443 -3.72408791 -1.98883209
v 10.50916443 -3.72408791 -5.98797302
v 10.50916443 -7.72322884 2.01030884
v 10.50916443 -3.72408791 2.01030884
v 10.50916443 -7.72322884 6.00944977
v 10.50916443 -7.72322884 2.01030884
v 10.50916443 -3.72408791 6.00944977
v 10.50916443 -3.72408791 2.01030884
v 10.50916443 -7.72322884 18.00687256
v 10.50916443 -7.72322884 14.00773163
v 10.50916443 -3.72408791 18.00687256
v 10.50916443 -3.72408791 14.00773163
v 10.50916443 -7.72322884 26.00515442
v 10.50916443 -7.72322884 22.00601349
v 10.50916443 -3.72408791 26.00515442
v 10.50916443 -3.72408791 22.00601349
v 10.50916443 -7.72322884 30.00429535
v 10.50916443 -7.72322884 26.00515442
v 10.50916443 -3.72408791 30.00429535
v 10.50916443 -3.72408791 26.00515442
v 10.50916443 -3.72408791 -45.97938232
v 10.50916443 -3.72408791 -49.97852325
v 10.50916443 0.27505302 -45.97938232
v 10.50916443 0.27505302 -49.97852325
v 10.50916443 -3.72408791 -41.98024139
v 10.50916443 0.27505302 -41.98024139
v 10.50916443 -3.72408791 -37.98110046
v 10.50916443 0.27505302 -37.98110046
v 10.50916443 -3.72408791 -33.98195953
v 10.50916443 0.27505302 -33.98195953
v 10.50916443 -3.72408791 -29.9828186
v 10.50916443 0.27505302 -29.9828186
v 10.50916443 -3.72408791 -25.98367767
v 10.50916443 -3.72408791 -29.9828186
v 10.50916443 0.27505302 -25.98367767
v 10.50916443 0.27505302 -29.9828186
v 6.5100235 -3.72408791 -25.98367767
v 6.5100235 -3.72408791 -21.98453674
v 10.50916443 -3.72408791 -21.98453674
v 10.50916443 -3.72408791 -25.98367767
v 6.5100235 0.27505302 -25.98367767
v 6.5100235 0.27505302 -21.98453674
v 10.50916443 0.27505302 -21.98453674
v 10.50916443 0.27505302 -25.98367767
v 6.5100235 -3.72408791 -17.98539581
v 6.5100235 -3.72408791 -13.98625488
v 10.50916443 -3.72408791 -13.98625488
v 10.50916443 -3.72408791 -17.98539581
v 6.5100235 0.27505302 -17.98539581
v 6.5100235 0.27505302 -13.98625488
v 10.50916443 0.27505302 -13.98625488
v 10.50916443 0.27505302 -17.98539581
v 6.5100235 -3.72408791 -9.98711395
v 10.50916443 -3.72408791 -9.98711395
v 6.5100235 0.27505302 -9.98711395
v 10.50916443 0.27505302 -9.98711395
v 6.5100235 -3.72408791 -5.98797302
v 10.50916443 -3.72408791 -5.98797302
v 6.5100235 0.27505302 -5.98797302
v 10.50916443 0.27505302 -5.98797302
v 6.5100235 -3.72408791 -5.98797302
v 6.5100235 -3.72408791 -1.98883209
v 10.50916443 -3.72408791 -1.98883209
v 10.50916443 -3.72408791 -5.98797302
v 6.5100235 0.27505302 -5.98797302
v 6.5100235 0.27505302 -1.98883209
v 10.50916443 0.27505302 -1.98883209
v 10.50916443 0.27505302 -5.98797302
v 6.5100235 -3.72408791 2.01030884
v 10.50916443 -3.72408791 2.01030884
v 6.5100235 0.27505302 2.01030884
v 10.50916443 0.27505302 2.01030884
v 10.50916443 -3.72408791 6.00944977
v 10.50916443 -3.72408791 2.01030884
v 10.50916443 0.27505302 6.00944977
v 10.50916443 0.27505302 2.01030884
v 10.50916443 -3.72408791 10.0085907
v 10.50916443 0.27505302 10.0085907
v 10.50916443 -3.72408791 14.00773163
v 10.50916443 0.27505302 14.00773163
v 10.50916443 -3.72408791 18.00687256
v 10.50916443 -3.72408791 14.00773163
v 10.50916443 0.27505302 18.00687256
v 10.50916443 0.27505302 14.00773163
v 10.50916443 -3.72408791 22.00601349
v 10.50916443 -3.72408791 18.00687256
v 10.50916443 0.27505302 22.00601349
v 10.50916443 0.27505302 18.00687256
v 10.50916443 -3.72408791 26.00515442
v 10.50916443 -3.72408791 22.00601349
v 10.50916443 0.27505302 26.00515442
v 10.50916443 0.27505302 22.00601349
v 10.50916443 -3.72408791 30.00429535
v 10.50916443 -3.72408791 26.00515442
v 10.50916443 0.27505302 30.00429535
v 10.50916443 0.27505302 26.00515442
v 10.50916443 -3.72408791 34.00343628
v 10.50916443 -3.72408791 30.00429535
v 10.50916443 0.27505302 34.00343628
v 10.50916443 0.27505302 30.00429535
v 10.50916443 4.27419395 -45.97938232
v 10.50916443 4.27419395 -49.97852325
v 6.5100235 4.27419395 -41.98024139
v 10.50916443 4.27419395 -41.98024139
v 6.5100235 4.27419395 -37.98110046
v 10.50916443 4.27419395 -37.98110046
v 10.50916443 4.27419395 -33.98195953
v 10.50916443 4.27419395 -29.9828186
v 6.5100235 0.27505302 -21.98453674
v 6.5100235 0.27505302 -17.98539581
v 10.50916443 0.27505302 -17.98539581
v 10.50916443 0.27505302 -21.98453674
v 10.50916443 4.27419395 -17.98539581
v 10.50916443 4.27419395 -21.98453674
v 10.50916443 4.27419395 -13.98625488
v 10.50916443 4.27419395 -17.98539581
v 10.50916443 4.27419395 -9.98711395
v 10.50916443 4.27419395 -5.98797302
v 10.50916443 4.27419395 -1.98883209
v 10.50916443 4.27419395 -5.98797302
v 10.50916443 4.27419395 2.01030884
v 10.50916443 4.27419395 6.00944977
v 10.50916443 4.27419395 2.01030884
v 10.50916443 4.27419395 10.0085907
v 10.50916443 4.27419395 14.00773163
v 10.50916443 4.27419395 18.00687256
v 10.50916443 4.27419395 14.00773163
v 10.50916443 4.27419395 22.00601349
v 10.50916443 4.27419395 18.00687256
v 10.50916443 4.27419395 26.00515442
v 10.50916443 4.27419395 22.00601349
v 10.50916443 4.27419395 30.00429535
v 10.50916443 4.27419395 26.00515442
v 10.50916443 4.27419395 34.00343628
v 10.50916443 4.27419395 30.00429535
v 10.50916443 0.27505302 38.00257721
v 10.50916443 4.27419395 38.00257721
v 10.50916443 8.27333488 -45.97938232
v 10.50916443 8.27333488 -49.97852325
v 10.50916443 8.27333488 -41.98024139
v 10.50916443 8.27333488 -37.98110046
v 10.50916443 8.27333488 -33.98195953
v 10.50916443 8.27333488 -29.9828186
v 10.50916443 4.27419395 -25.98367767
v 10.50916443 4.27419395 -29.9828186
v 10.50916443 8.27333488 -25.98367767
v 10.50916443 8.27333488 -29.9828186
v 10.50916443 4.27419395 -21.98453674
v 10.50916443 4.27419395 -25.98367767
v 10.50916443 8.27333488 -21.98453674
v 10.50916443 8.27333488 -25.98367767
v 10.50916443 8.27333488 -17.98539581
v 10.50916443 8.27333488 -21.98453674
v 10.50916443 8.27333488 -13.98625488
v 10.50916443 8.27333488 -17.98539581
v 10.50916443 8.27333488 -9.98711395
v 10.50916443 8.27333488 -5.98797302
v 10.50916443 8.27333488 -1.98883209
v 10.50916443 8.27333488 -5.98797302
v 10.50916443 8.27333488 2.01030884
v 10.50916443 8.27333488 6.00944977
v 10.50916443 8.27333488 2.01030884
v 10.50916443 8.27333488 10.0085907
v 10.50916443 8.27333488 14.00773163
v 10.50916443 8.27333488 18.00687256
v 10.50916443 8.27333488 14.00773163
v 10.50916443 8.27333488 22.00601349
v 10.50916443 8.27333488 18.00687256
v 10.50916443 8.27333488 26.00515442
v 10.50916443 8.27333488 22.00601349
v 10.50916443 8.27333488 30.00429535
v 10.50916443 8.27333488 26.00515442
v 10.50916443 12.27247581 -45.97938232
v 10.50916443 12.27247581 -49.97852325
v 10.50916443 12.27247581 -41.98024139
v 10.50916443 12.27247581 -37.98110046
v 10.50916443 12.27247581 -33.98195953
v 10.50916443 12.27247581 -29.9828186
v 6.5100235 12.27247581 -17.98539581
v 10.50916443 12.27247581 -13.98625488
v 10.50916443 12.27247581 -17.98539581
v 10.50916443 16.27161674 -45.97938232
v 10.50916443 16.27161674 -49.97852325
v 10.50916443 16.27161674 -41.98024139
v 14.50830536 -15.7215107 -45.97938232
v 14.50830536 -15.7215107 -49.97852325
v 14.50830536 -11.72236977 -45.97938232
v 14.50830536 -11.72236977 -49.97852325
v 10.50916443 -15.7215107 10.0085907
v 10.50916443 -15.7215107 14.00773163
v 14.50830536 -15.7215107 14.00773163
v 14.50830536 -15.7215107 10.0085907
v 10.50916443 -11.72236977 10.0085907
v 10.50916443 -11.72236977 14.00773163
v 14.50830536 -11.72236977 14.00773163
v 14.50830536 -11.72236977 10.0085907
v 14.50830536 -15.7215107 18.00687256
v 14.50830536 -15.7215107 14.00773163
v 14.50830536 -11.72236977 18.00687256
v 14.50830536 -11.72236977 14.00773163
v 14.50830536 -7.72322884 -45.97938232
v 14.50830536 -7.72322884 -49.97852325
v 14.50830536 -11.72236977 -25.98367767
v 14.50830536 -11.72236977 -29.9828186
v 14.50830536 -7.72322884 -25.98367767
v 14.50830536 -7.72322884 -29.9828186
v 14.50830536 -11.72236977 -21.98453674
v 14.50830536 -11.72236977 -25.98367767
v 14.50830536 -7.72322884 -21.98453674
v 14.50830536 -7.72322884 -25.98367767
v 10.50916443 -11.72236977 2.01030884
v 10.50916443 -11.72236977 6.00944977
v 14.50830536 -11.72236977 6.00944977
v 14.50830536 -11.72236977 2.01030884
v 10.50916443 -7.72322884 2.01030884
v 10.50916443 -7.72322884 6.00944977
v 14.50830536 -7.72322884 6.00944977
v 14.50830536 -7.72322884 2.01030884
v 10.50916443 -7.72322884 10.0085907
v 14.50830536 -7.72322884 10.0085907
v 10.50916443 -7.72322884 14.00773163
v 14.50830536 -7.72322884 14.00773163
v 14.50830536 -7.72322884 18.00687256
v 14.50830536 -7.72322884 14.00773163
v 14.50830536 -7.72322884 -45.97938232
v 14.50830536 -7.72322884 -49.97852325
v 14.50830536 -3.72408791 -45.97938232
v 14.50830536 -3.72408791 -49.97852325
v 14.50830536 -7.72322884 -41.98024139
v 14.50830536 -3.72408791 -41.98024139
v 14.50830536 -7.72322884 -21.98453674
v 14.50830536 -7.72322884 -25.98367767
v 14.50830536 -3.72408791 -21.98453674
v 14.50830536 -3.72408791 -25.98367767
v 14.50830536 -7.72322884 -17.98539581
v 14.50830536 -7.72322884 -21.98453674
v 14.50830536 -3.72408791 -17.98539581
v 14.50830536 -3.72408791 -21.98453674
v 14.50830536 -7.72322884 -13.98625488
v 14.50830536 -7.72322884 -17.98539581
v 14.50830536 -3.72408791 -13.98625488
v 14.50830536 -3.72408791 -17.98539581
v 10.50916443 -7.72322884 10.0085907
v 14.50830536 -7.72322884 10.0085907
v 14.50830536 -7.72322884 6.00944977
v 10.50916443 -3.72408791 10.0085907
v 14.50830536 -3.72408791 10.0085907
v 14.50830536 -3.72408791 6.00944977
v 10.50916443 -7.72322884 14.00773163
v 14.50830536 -7.72322884 14.00773163
v 10.50916443 -3.72408791 14.00773163
v 14.50830536 -3.72408791 14.00773163
v 14.50830536 -7.72322884 18.00687256
v 14.50830536 -7.72322884 14.00773163
v 14.50830536 -3.72408791 18.00687256
v 14.50830536 -3.72408791 14.00773163
v 10.50916443 -7.72322884 18.00687256
v 10.50916443 -7.72322884 22.00601349
v 14.50830536 -7.72322884 22.00601349
v 14.50830536 -7.72322884 18.00687256
v 10.50916443 -3.72408791 18.00687256
v 10.50916443 -3.72408791 22.00601349
v 14.50830536 -3.72408791 22.00601349
v 14.50830536 -3.72408791 18.00687256
v 14.50830536 -3.72408791 -45.97938232
v 14.50830536 -3.72408791 -49.97852325
v 14.50830536 0.27505302 -45.97938232
v 14.50830536 0.27505302 -49.97852325
v 14.50830536 -3.72408791 -41.98024139
v 14.50830536 0.27505302 -41.98024139
v 14.50830536 -3.72408791 -29.9828186
v 14.50830536 -3.72408791 -33.98195953
v 14.50830536 0.27505302 -29.9828186
v 14.50830536 0.27505302 -33.98195953
v 14.50830536 -3.72408791 -25.98367767
v 14.50830536 -3.72408791 -29.9828186
v 14.50830536 0.27505302 -25.98367767
v 14.50830536 0.27505302 -29.9828186
v 14.50830536 -3.72408791 -21.98453674
v 14.50830536 -3.72408791 -25.98367767
v 14.50830536 0.27505302 -21.98453674
v 14.50830536 0.27505302 -25.98367767
v 10.50916443 -3.72408791 -21.98453674
v 10.50916443 -3.72408791 -17.98539581
v 14.50830536 -3.72408791 -17.98539581
v 14.50830536 -3.72408791 -21.98453674
v 14.50830536 0.27505302 -17.98539581
v 14.50830536 0.27505302 -21.98453674
v 14.50830536 -3.72408791 -13.98625488
v 14.50830536 -3.72408791 -17.98539581
v 14.50830536 0.27505302 -13.98625488
v 14.50830536 0.27505302 -17.98539581
v 14.50830536 -3.72408791 -9.98711395
v 14.50830536 0.27505302 -9.98711395
v 14.50830536 -3.72408791 -5.98797302
v 14.50830536 0.27505302 -5.98797302
v 14.50830536 -3.72408791 -1.98883209
v 14.50830536 -3.72408791 -5.98797302
v 14.50830536 0.27505302 -1.98883209
v 14.50830536 0.27505302 -5.98797302
v 14.50830536 -3.72408791 2.01030884
v 14.50830536 0.27505302 2.01030884
v 14.50830536 -3.72408791 6.00944977
v 14.50830536 -3.72408791 2.01030884
v 14.50830536 0.27505302 6.00944977
v 14.50830536 0.27505302 2.01030884
v 14.50830536 -3.72408791 10.0085907
v 14.50830536 0.27505302 10.0085907
v 14.50830536 -3.72408791 14.00773163
v 14.50830536 0.27505302 14.00773163
v 14.50830536 -3.72408791 18.00687256
v 14.50830536 -3.72408791 14.00773163
v 14.50830536 0.27505302 18.00687256
v 14.50830536 0.27505302 14.00773163
v 14.50830536 -3.72408791 22.00601349
v 14.50830536 -3.72408791 18.00687256
v 14.50830536 0.27505302 22.00601349
v 14.50830536 0.27505302 18.00687256
v 14.50830536 -3.72408791 26.00515442
v 14.50830536 -3.72408791 22.00601349
v 14.50830536 0.27505302 26.00515442
v 14.50830536 0.27505302 22.00601349
v 14.50830536 -3.72408791 30.00429535
v 14.50830536 -3.72408791 26.00515442
v 14.50830536 0.27505302 30.00429535
v 14.50830536 0.27505302 26.00515442
v 14.50830536 4.27419395 -45.97938232
v 14.50830536 4.27419395 -49.97852325
v 14.50830536 4.27419395 -41.98024139
v 14.50830536 0.27505302 -37.98110046
v 14.50830536 4.27419395 -37.98110046
v 14.50830536 4.27419395 -33.98195953
v 14.50830536 4.27419395 -29.9828186
v 14.50830536 4.27419395 -25.98367767
v 14.50830536 4.27419395 -29.9828186
v 14.50830536 4.27419395 -21.98453674
v 14.50830536 4.27419395 -25.98367767
v 14.50830536 4.27419395 -17.98539581
v 14.50830536 4.27419395 -21.98453674
v 14.50830536 4.27419395 -13.98625488
v 14.50830536 4.27419395 -17.98539581
v 14.50830536 4.27419395 -9.98711395
v 14.50830536 4.27419395 -5.98797302
v 14.50830536 4.27419395 -1.98883209
v 14.50830536 4.27419395 -5.98797302
v 14.50830536 4.27419395 2.01030884
v 14.50830536 4.27419395 6.00944977
v 14.50830536 4.27419395 2.01030884
v 14.50830536 4.27419395 10.0085907
v 14.50830536 4.27419395 14.00773163
v 14.50830536 4.27419395 18.00687256
v 14.50830536 4.27419395 14.00773163
v 14.50830536 4.27419395 22.00601349
v 14.50830536 4.27419395 18.00687256
v 14.50830536 4.27419395 26.00515442
v 14.50830536 4.27419395 22.00601349
v 14.50830536 4.27419395 30.00429535
v 14.50830536 4.27419395 26.00515442
v 14.50830536 0.27505302 34.00343628
v 14.50830536 0.27505302 30.00429535
v 14.50830536 4.27419395 34.00343628
v 14.50830536 4.27419395 30.00429535
v 14.50830536 8.27333488 -45.97938232
v 14.50830536 8.27333488 -49.97852325
v 14.50830536 8.27333488 -41.98024139
v 14.50830536 8.27333488 -37.98110046
v 14.50830536 8.27333488 -33.98195953
v 14.50830536 8.27333488 -29.9828186
v 14.50830536 8.27333488 -25.98367767
v 14.50830536 8.27333488 -29.9828186
v 14.50830536 8.27333488 -21.98453674
v 14.50830536 8.27333488 -25.98367767
v 14.50830536 8.27333488 -17.98539581
v 14.50830536 8.27333488 -21.98453674
v 14.50830536 8.27333488 -5.98797302
v 14.50830536 8.27333488 -9.98711395
v 14.50830536 8.27333488 -1.98883209
v 14.50830536 8.27333488 -5.98797302
v 14.50830536 8.27333488 6.00944977
v 14.50830536 8.27333488 2.01030884
v 14.50830536 12.27247581 -45.97938232
v 14.50830536 12.27247581 -49.97852325
v 14.50830536 12.27247581 -41.98024139
v 14.50830536 -11.72236977 6.00944977
v 14.50830536 -11.72236977 10.0085907
v 18.50744629 -11.72236977 10.0085907
v 18.50744629 -11.72236977 6.00944977
v 14.50830536 -7.72322884 6.00944977
v 14.50830536 -7.72322884 10.0085907
v 18.50744629 -7.72322884 10.0085907
v 18.50744629 -7.72322884 6.00944977
v 14.50830536 -11.72236977 14.00773163
v 18.50744629 -11.72236977 14.00773163
v 14.50830536 -7.72322884 14.00773163
v 18.50744629 -7.72322884 14.00773163
v 14.50830536 -11.72236977 14.00773163
v 14.50830536 -11.72236977 18.00687256
v 18.50744629 -11.72236977 18.00687256
v 18.50744629 -11.72236977 14.00773163
v 14.50830536 -7.72322884 14.00773163
v 14.50830536 -7.72322884 18.00687256
v 18.50744629 -7.72322884 18.00687256
v 18.50744629 -7.72322884 14.00773163
v 14.50830536 -7.72322884 -49.97852325
v 14.50830536 -7.72322884 -45.97938232
v 18.50744629 -7.72322884 -45.97938232
v 18.50744629 -7.72322884 -49.97852325
v 14.50830536 -3.72408791 -49.97852325
v 14.50830536 -3.72408791 -45.97938232
v 18.50744629 -3.72408791 -45.97938232
v 18.50744629 -3.72408791 -49.97852325
v 14.50830536 -7.72322884 -21.98453674
v 14.50830536 -7.72322884 -17.98539581
v 18.50744629 -7.72322884 -17.98539581
v 18.50744629 -7.72322884 -21.98453674
v 14.50830536 -3.72408791 -21.98453674
v 14.50830536 -3.72408791 -17.98539581
v 18.50744629 -3.72408791 -17.98539581
v 18.50744629 -3.72408791 -21.98453674
v 14.50830536 -7.72322884 -17.98539581
v 14.50830536 -7.72322884 -13.98625488
v 18.50744629 -7.72322884 -13.98625488
v 18.50744629 -7.72322884 -17.98539581
v 14.50830536 -3.72408791 -17.98539581
v 14.50830536 -3.72408791 -13.98625488
v 18.50744629 -3.72408791 -13.98625488
v 18.50744629 -3.72408791 -17.98539581
v 14.50830536 -7.72322884 -9.98711395
v 18.50744629 -7.72322884 -9.98711395
v 14.50830536 -3.72408791 -9.98711395
v 18.50744629 -3.72408791 -9.98711395
v 14.50830536 -7.72322884 -5.98797302
v 18.50744629 -7.72322884 -5.98797302
v 14.50830536 -3.72408791 -5.98797302
v 18.50744629 -3.72408791 -5.98797302
v 14.50830536 -7.72322884 -5.98797302
v 14.50830536 -7.72322884 -1.98883209
v 18.50744629 -7.72322884 -1.98883209
v 18.50744629 -7.72322884 -5.98797302
v 14.50830536 -3.72408791 -5.98797302
v 14.50830536 -3.72408791 -1.98883209
v 18.50744629 -3.72408791 -1.98883209
v 18.50744629 -3.72408791 -5.98797302
v 14.50830536 -7.72322884 2.01030884
v 18.50744629 -7.72322884 2.01030884
v 14.50830536 -3.72408791 2.01030884
v 18.50744629 -3.72408791 2.01030884
v 14.50830536 -7.72322884 2.01030884
v 14.50830536 -7.72322884 6.00944977
v 18.50744629 -7.72322884 6.00944977
v 18.50744629 -7.72322884 2.01030884
v 14.50830536 -3.72408791 2.01030884
v 14.50830536 -3.72408791 6.00944977
v 18.50744629 -3.72408791 6.00944977
v 18.50744629 -3.72408791 2.01030884
v 14.50830536 -7.72322884 10.0085907
v 18.50744629 -7.72322884 10.0085907
v 14.50830536 -3.72408791 10.0085907
v 18.50744629 -3.72408791 10.0085907
v 14.50830536 -7.72322884 14.00773163
v 18.50744629 -7.72322884 14.00773163
v 14.50830536 -3.72408791 14.00773163
v 18.50744629 -3.72408791 14.00773163
v 14.50830536 -7.72322884 14.00773163
v 14.50830536 -7.72322884 18.00687256
v 18.50744629 -7.72322884 18.00687256
v 18.50744629 -7.72322884 14.00773163
v 14.50830536 -3.72408791 14.00773163
v 14.50830536 -3.72408791 18.00687256
v 18.50744629 -3.72408791 18.00687256
v 18.50744629 -3.72408791 14.00773163
v 14.50830536 -7.72322884 18.00687256
v 14.50830536 -7.72322884 22.00601349
v 18.50744629 -7.72322884 22.00601349
v 18.50744629 -7.72322884 18.00687256
v 14.50830536 -3.72408791 18.00687256
v 14.50830536 -3.72408791 22.00601349
v 18.50744629 -3.72408791 22.00601349
v 18.50744629 -3.72408791 18.00687256
v 14.50830536 -3.72408791 -49.97852325
v 14.50830536 -3.72408791 -45.97938232
v 18.50744629 -3.72408791 -45.97938232
v 18.50744629 -3.72408791 -49.97852325
v 14.50830536 0.27505302 -49.97852325
v 14.50830536 0.27505302 -45.97938232
v 18.50744629 0.27505302 -45.97938232
v 18.50744629 0.27505302 -49.97852325
v 14.50830536 -3.72408791 -25.98367767
v 14.50830536 -3.72408791 -21.98453674
v 18.50744629 -3.72408791 -21.98453674
v 18.50744629 -3.72408791 -25.98367767
v 14.50830536 0.27505302 -25.98367767
v 14.50830536 0.27505302 -21.98453674
v 18.50744629 0.27505302 -21.98453674
v 18.50744629 0.27505302 -25.98367767
v 14.50830536 -3.72408791 -21.98453674
v 14.50830536 -3.72408791 -17.98539581
v 18.50744629 -3.72408791 -17.98539581
v 18.50744629 -3.72408791 -21.98453674
v 14.50830536 0.27505302 -21.98453674
v 14.50830536 0.27505302 -17.98539581
v 18.50744629 0.27505302 -17.98539581
v 18.50744629 0.27505302 -21.98453674
v 14.50830536 -3.72408791 -17.98539581
v 14.50830536 -3.72408791 -13.98625488
v 18.50744629 -3.72408791 -13.98625488
v 18.50744629 -3.72408791 -17.98539581
v 14.50830536 0.27505302 -17.98539581
v 14.50830536 0.27505302 -13.98625488
v 18.50744629 0.27505302 -13.98625488
v 18.50744629 0.27505302 -17.98539581
v 14.50830536 -3.72408791 -9.98711395
v 18.50744629 -3.72408791 -9.98711395
v 14.50830536 0.27505302 -9.98711395
v 18.50744629 0.27505302 -9.98711395
v 14.50830536 -3.72408791 -5.98797302
v 18.50744629 -3.72408791 -5.98797302
v 14.50830536 0.27505302 -5.98797302
v 18.50744629 0.27505302 -5.98797302
v 14.50830536 -3.72408791 -5.98797302
v 14.50830536 -3.72408791 -1.98883209
v 18.50744629 -3.72408791 -1.98883209
v 18.50744629 -3.72408791 -5.98797302
v 14.50830536 0.27505302 -5.98797302
v 14.50830536 0.27505302 -1.98883209
v 18.50744629 0.27505302 -1.98883209
v 18.50744629 0.27505302 -5.98797302
v 14.50830536 -3.72408791 2.01030884
v 18.50744629 -3.72408791 2.01030884
v 14.50830536 0.27505302 2.01030884
v 18.50744629 0.27505302 2.01030884
v 14.50830536 -3.72408791 2.01030884
v 14.50830536 -3.72408791 6.00944977
v 18.50744629 -3.72408791 6.00944977
v 18.50744629 -3.72408791 2.01030884
v 14.50830536 0.27505302 2.01030884
v 14.50830536 0.27505302 6.00944977
v 18.50744629 0.27505302 6.00944977
v 18.50744629 0.27505302 2.01030884
v 14.50830536 -3.72408791 10.0085907
v 18.50744629 -3.72408791 10.0085907
v 14.50830536 0.27505302 10.0085907
v 18.50744629 0.27505302 10.0085907
v 14.50830536 -3.72408791 14.00773163
v 18.50744629 -3.72408791 14.00773163
v 14.50830536 0.27505302 14.00773163
v 18.50744629 0.27505302 14.00773163
v 14.50830536 -3.72408791 14.00773163
v 14.50830536 -3.72408791 18.00687256
v 18.50744629 -3.72408791 18.00687256
v 18.50744629 -3.72408791 14.00773163
v 14.50830536 0.27505302 14.00773163
v 14.50830536 0.27505302 18.00687256
v 18.50744629 0.27505302 18.00687256
v 18.50744629 0.27505302 14.00773163
v 14.50830536 -3.72408791 18.00687256
v 14.50830536 -3.72408791 22.00601349
v 18.50744629 -3.72408791 22.00601349
v 18.50744629 -3.72408791 18.00687256
v 14.50830536 0.27505302 18.00687256
v 14.50830536 0.27505302 22.00601349
v 18.50744629 0.27505302 22.00601349
v 18.50744629 0.27505302 18.00687256
v 14.50830536 -3.72408791 22.00601349
v 14.50830536 -3.72408791 26.00515442
v 18.50744629 -3.72408791 26.00515442
v 18.50744629 -3.72408791 22.00601349
v 14.50830536 0.27505302 22.00601349
v 14.50830536 0.27505302 26.00515442
v 18.50744629 0.27505302 26.00515442
v 18.50744629 0.27505302 22.00601349
v 14.50830536 4.27419395 -49.97852325
v 14.50830536 4.27419395 -45.97938232
v 18.50744629 4.27419395 -45.97938232
v 18.50744629 4.27419395 -49.97852325
v 14.50830536 0.27505302 -41.98024139
v 18.50744629 0.27505302 -41.98024139
v 14.50830536 4.27419395 -41.98024139
v 18.50744629 4.27419395 -41.98024139
v 14.50830536 0.27505302 -29.9828186
v 14.50830536 0.27505302 -25.98367767
v 18.50744629 0.27505302 -25.98367767
v 18.50744629 0.27505302 -29.9828186
v 14.50830536 4.27419395 -29.9828186
v 14.50830536 4.27419395 -25.98367767
v 18.50744629 4.27419395 -25.98367767
v 18.50744629 4.27419395 -29.9828186
v 14.50830536 4.27419395 -25.98367767
v 14.50830536 4.27419395 -21.98453674
v 18.50744629 4.27419395 -21.98453674
v 18.50744629 4.27419395 -25.98367767
v 14.50830536 4.27419395 -21.98453674
v 14.50830536 4.27419395 -17.98539581
v 18.50744629 4.27419395 -17.98539581
v 18.50744629 4.27419395 -21.98453674
v 14.50830536 4.27419395 -17.98539581
v 14.50830536 4.27419395 -13.98625488
v 18.50744629 4.27419395 -13.98625488
v 18.50744629 4.27419395 -17.98539581
v 14.50830536 4.27419395 -9.98711395
v 18.50744629 4.27419395 -9.98711395
v 14.50830536 4.27419395 -5.98797302
v 18.50744629 4.27419395 -5.98797302
v 14.50830536 4.27419395 2.01030884
v 14.50830536 4.27419395 6.00944977
v 18.50744629 4.27419395 6.00944977
v 18.50744629 4.27419395 2.01030884
v 14.50830536 4.27419395 10.0085907
v 18.50744629 4.27419395 10.0085907
v 14.50830536 4.27419395 14.00773163
v 18.50744629 4.27419395 14.00773163
v 14.50830536 4.27419395 14.00773163
v 14.50830536 4.27419395 18.00687256
v 18.50744629 4.27419395 18.00687256
v 18.50744629 4.27419395 14.00773163
v 14.50830536 4.27419395 18.00687256
v 14.50830536 4.27419395 22.00601349
v 18.50744629 4.27419395 22.00601349
v 18.50744629 4.27419395 18.00687256
v 14.50830536 4.27419395 22.00601349
v 14.50830536 4.27419395 26.00515442
v 18.50744629 4.27419395 26.00515442
v 18.50744629 4.27419395 22.00601349
v 14.50830536 0.27505302 26.00515442
v 14.50830536 0.27505302 30.00429535
v 18.50744629 0.27505302 30.00429535
v 18.50744629 0.27505302 26.00515442
v 14.50830536 4.27419395 26.00515442
v 14.50830536 4.27419395 30.00429535
v 18.50744629 4.27419395 30.00429535
v 18.50744629 4.27419395 26.00515442
v 14.50830536 8.27333488 -49.97852325
v 14.50830536 8.27333488 -45.97938232
v 18.50744629 8.27333488 -45.97938232
v 18.50744629 8.27333488 -49.97852325
v 14.50830536 8.27333488 -41.98024139
v 18.50744629 8.27333488 -41.98024139
v 18.50744629 -7.72322884 -9.98711395
v 18.50744629 -7.72322884 -5.98797302
v 22.50658722 -7.72322884 -5.98797302
v 22.50658722 -7.72322884 -9.98711395
v 18.50744629 -3.72408791 -9.98711395
v 18.50744629 -3.72408791 -5.98797302
v 22.50658722 -3.72408791 -5.98797302
v 22.50658722 -3.72408791 -9.98711395
v 18.50744629 -7.72322884 -5.98797302
v 18.50744629 -7.72322884 -1.98883209
v 22.50658722 -7.72322884 -1.98883209
v 22.50658722 -7.72322884 -5.98797302
v 18.50744629 -3.72408791 -5.98797302
v 18.50744629 -3.72408791 -1.98883209
v 22.50658722 -3.72408791 -1.98883209
v 22.50658722 -3.72408791 -5.98797302
v 18.50744629 -7.72322884 10.0085907
v 18.50744629 -7.72322884 14.00773163
v 22.50658722 -7.72322884 14.00773163
v 22.50658722 -7.72322884 10.0085907
v 18.50744629 -3.72408791 10.0085907
v 18.50744629 -3.72408791 14.00773163
v 22.50658722 -3.72408791 14.00773163
v 22.50658722 -3.72408791 10.0085907
v 18.50744629 -7.72322884 14.00773163
v 18.50744629 -7.72322884 18.00687256
v 22.50658722 -7.72322884 18.00687256
v 22.50658722 -7.72322884 14.00773163
v 18.50744629 -3.72408791 14.00773163
v 18.50744629 -3.72408791 18.00687256
v 22.50658722 -3.72408791 18.00687256
v 22.50658722 -3.72408791 14.00773163
v 18.50744629 -3.72408791 14.00773163
v 18.50744629 -3.72408791 18.00687256
v 22.50658722 -3.72408791 18.00687256
v 22.50658722 -3.72408791 14.00773163
v 18.50744629 0.27505302 14.00773163
v 18.50744629 0.27505302 18.00687256
v 22.50658722 0.27505302 18.00687256
v 22.50658722 0.27505302 14.00773163
v 18.50744629 -3.72408791 18.00687256
v 18.50744629 -3.72408791 22.00601349
v 22.50658722 -3.72408791 22.00601349
v 22.50658722 -3.72408791 18.00687256
v 18.50744629 0.27505302 18.00687256
v 18.50744629 0.27505302 22.00601349
v 22.50658722 0.27505302 22.00601349
v 22.50658722 0.27505302 18.00687256
vn 0 -1 0
vn 0 0 -1
vn -1 0 -0
vn 1 0 0
vn 0 -0 1
vn 0 1 0
usemtl mat0
f 1//1 4//1 3//1
f 3//1 2//1 1//1
f 1//2 5//2 8//2
f 8//2 4//2 1//2
f 6//3 5//3 1//3
f 1//3 2//3 6//3
f 4//4 8//4 7//4
f 7//4 3//4 4//4
f 3//5 7//5 6//5
f 6//5 2//5 3//5
f 5//6 6//6 7//6
f 7//6 8//6 5//6
f 9//1 12//1 11//1
f 11//1 10//1 9//1
f 9//2 13//2 16//2
f 16//2 12//2 9//2
f 14//3 13//3 9//3
f 9//3 10//3 14//3
f 12//4 16//4 15//4
f 15//4 11//4 12//4
f 11//5 15//5 14//5
f 14//5 10//5 11//5
f 13//6 14//6 15//6
f 15//6 16//6 13//6
f 10//1 11//1 18//1
f 18//1 17//1 10//1
f 10//2 14//2 15//2
f 15//2 11//2 10//2
f 19//3 14//3 10//3
f 10//3 17//3 19//3
f 11//4 15//4 20//4
f 20//4 18//4 11//4
f 18//5 20//5 19//5
f 19//5 17//5 18//5
f 14//6 19//6 20//6
f 20//6 15//6 14//6
f 21//1 24//1 23//1
f 23//1 22//1 21//1
f 21//2 25//2 28//2
f 28//2 24//2 21//2
f 26//3 25//3 21//3
f 21//3 22//3 26//3
f 24//4 28//4 27//4
f 27//4 23//4 24//4
f 23//5 27//5 26//5
f 26//5 22//5 23//5
f 25//6 26//6 27//6
f 27//6 28//6 25//6
f 22//1 23//1 30//1
f 30//1 29//1 22//1
f 22//2 26//2 27//2
f 27//2 23//2 22//2
f 31//3 26//3 22//3
f 22//3 29//3 31//3
f 23//4 27//4 32//4
f 32//4 30//4 23//4
f 30//5 32//5 31//5
f 31//5 29//5 30//5
f 26//6 31//6 32//6
f 32//6 27//6 26//6
f 29//1 30//1 34//1
f 34//1 33//1 29//1
f 29//2 31//2 32//2
f 32//2 30//2 29//2
f 35//3 31//3 29//3
f 29//3 33//3 35//3
f 30//4 32//4 36//4
f 36//4 34//4 30//4
f 34//5 36//5 35//5
f 35//5 33//5 34//5
f 31//6 35//6 36//6
f 36//6 32//6 31//6
f 37//1 40//1 39//1
f 39//1 38//1 37//1
f 37//2 41//2 44//2
f 44//2 40//2 37//2
f 42//3 41//3 37//3
f 37//3 38//3 42//3
f 40//4 44//4 43//4
f 43//4 39//4 40//4
f 39//5 43//5 42//5
f 42//5 38//5 39//5
f 41//6 42//6 43//6
f 43//6 44//6 41//6
f 45//1 48//1 47//1
f 47//1 46//1 45//1
f 45//2 49//2 52//2
f 52//2 48//2 45//2
f 50//3 49//3 45//3
f 45//3 46//3 50//3
f 48//4 52//4 51//4
f 51//4 47//4 48//4
f 47//5 51//5 50//5
f 50//5 46//5 47//5
f 49//6 50//6 51//6
f 51//6 52//6 49//6
f 46//1 47//1 54//1
f 54//1 53//1 46//1
f 46//2 50//2 51//2
f 51//2 47//2 46//2
f 55//3 50//3 46//3
f 46//3 53//3 55//3
f 47//4 51//4 56//4
f 56//4 54//4 47//4
f 54//5 56//5 55//5
f 55//5 53//5 54//5
f 50//6 55//6 56//6
f 56//6 51//6 50//6
f 53//1 54//1 58//1
f 58//1 57//1 53//1
f 53//2 55//2 56//2
f 56//2 54//2 53//2
f 59//3 55//3 53//3
f 53//3 57//3 59//3
f 54//4 56//4 60//4
f 60//4 58//4 54//4
f 58//5 60//5 59//5
f 59//5 57//5 58//5
f 55//6 59//6 60//6
f 60//6 56//6 55//6
f 57//1 58//1 62//1
f 62//1 61//1 57//1
f 57//2 59//2 60//2
f 60//2 58//2 57//2
f 63//3 59//3 57//3
f 57//3 61//3 63//3
f 58//4 60//4 64//4
f 64//4 62//4 58//4
f 62//5 64//5 63//5
f 63//5 61//5 62//5
f 59//6 63//6 64//6
f 64//6 60//6 59//6
f 65//1 68//1 67//1
f 67//1 66//1 65//1
f 65//2 69//2 72//2
f 72//2 68//2 65//2
f 70//3 69//3 65//3
f 65//3 66//3 70//3
f 68//4 72//4 71//4
f 71//4 67//4 68//4
f 67//5 71//5 70//5
f 70//5 66//5 67//5
f 69//6 70//6 71//6
f 71//6 72//6 69//6
f 73//1 76//1 75//1
f 75//1 74//1 73//1
f 73//2 77//2 80//2
f 80//2 76//2 73//2
f 78//3 77//3 73//3
f 73//3 74//3 78//3
f 76//4 80//4 79//4
f 79//4 75//4 76//4
f 75//5 79//5 78//5
f 78//5 74//5 75//5
f 77//6 78//6 79//6
f 79//6 80//6 77//6
f 74//1 75//1 82//1
f 82//1 81//1 74//1
f 74//2 78//2 79//2
f 79//2 75//2 74//2
f 83//3 78//3 74//3
f 74//3 81//3 83//3
f 75//4 79//4 84//4
f 84//4 82//4 75//4
f 82//5 84//5 83//5
f 83//5 81//5 82//5
f 78//6 83//6 84//6
f 84//6 79//6 78//6
f 85//1 88//1 87//1
f 87//1 86//1 85//1
f 85//2 89//2 92//2
f 92//2 88//2 85//2
f 90//3 89//3 85//3
f 85//3 86//3 90//3
f 88//4 92//4 91//4
f 91//4 87//4 88//4
f 87//5 91//5 90//5
f 90//5 86//5 87//5
f 89//6 90//6 91//6
f 91//6 92//6 89//6
f 86//1 87//1 94//1
f 94//1 93//1 86//1
f 86//2 90//2 91//2
f 91//2 87//2 86//2
f 95//3 90//3 86//3
f 86//3 93//3 95//3
f 87//4 91//4 96//4
f 96//4 94//4 87//4
f 94//5 96//5 95//5
f 95//5 93//5 94//5
f 90//6 95//6 96//6
f 96//6 91//6 90//6
f 97//1 100//1 99//1
f 99//1 98//1 97//1
f 97//2 101//2 104//2
f 104//2 100//2 97//2
f 102//3 101//3 97//3
f 97//3 98//3 102//3
f 100//4 104//4 103//4
f 103//4 99//4 100//4
f 99//5 103//5 102//5
f 102//5 98//5 99//5
f 101//6 102//6 103//6
f 103//6 104//6 101//6
f 98//1 99//1 106//1
f 106//1 105//1 98//1
f 98//2 102//2 103//2
f 103//2 99//2 98//2
f 107//3 102//3 98//3
f 98//3 105//3 107//3
f 99//4 103//4 108//4
f 108//4 106//4 99//4
f 106//5 108//5 107//5
f 107//5 105//5 106//5
f 102//6 107//6 108//6
f 108//6 103//6 102//6
f 109//1 112//1 111//1
f 111//1 110//1 109//1
f 109//2 113//2 116//2
f 116//2 112//2 109//2
f 114//3 113//3 109//3
f 109//3 110//3 114//3
f 112//4 116//4 115//4
f 115//4 111//4 112//4
f 111//5 115//5 114//5
f 114//5 110//5 111//5
f 113//6 114//6 115//6
f 115//6 116//6 113//6
f 49//1 52//1 51//1
f 51//1 50//1 49//1
f 49//2 117//2 120//2
f 120//2 52//2 49//2
f 118//3 117//3 49//3
f 49//3 50//3 118//3
f 52//4 120//4 119//4
f 119//4 51//4 52//4
f 51//5 119//5 118//5
f 118//5 50//5 51//5
f 117//6 118//6 119//6
f 119//6 120//6 117//6
f 117//1 120//1 119//1
f 119//1 118//1 117//1
f 117//2 121//2 124//2
f 124//2 120//2 117//2
f 122//3 121//3 117//3
f 117//3 118//3 122//3
f 120//4 124//4 123//4
f 123//4 119//4 120//4
f 119//5 123//5 122//5
f 122//5 118//5 119//5
f 121//6 122//6 123//6
f 123//6 124//6 121//6
f 125//1 128//1 127//1
f 127//1 126//1 125//1
f 125//2 129//2 132//2
f 132//2 128//2 125//2
f 130//3 129//3 125//3
f 125//3 126//3 130//3
f 128//4 132//4 131//4
f 131//4 127//4 128//4
f 127//5 131//5 130//5
f 130//5 126//5 127//5
f 129//6 130//6 131//6
f 131//6 132//6 129//6
f 129//1 132//1 131//1
f 131//1 130//1 129//1
f 129//2 133//2 136//2
f 136//2 132//2 129//2
f 134//3 133//3 129//3
f 129//3 130//3 134//3
f 132//4 136//4 135//4
f 135//4 131//4 132//4
f 131//5 135//5 134//5
f 134//5 130//5 131//5
f 133//6 134//6 135//6
f 135//6 136//6 133//6
f 137//1 140//1 139//1
f 139//1 138//1 137//1
f 137//2 141//2 144//2
f 144//2 140//2 137//2
f 142//3 141//3 137//3
f 137//3 138//3 142//3
f 140//4 144//4 143//4
f 143//4 139//4 140//4
f 139//5 143//5 142//5
f 142//5 138//5 139//5
f 141//6 142//6 143//6
f 143//6 144//6 141//6
f 138//1 139//1 146//1
f 146//1 145//1 138//1
f 138//2 142//2 143//2
f 143//2 139//2 138//2
f 147//3 142//3 138//3
f 138//3 145//3 147//3
f 139//4 143//4 148//4
f 148//4 146//4 139//4
f 146//5 148//5 147//5
f 147//5 145//5 146//5
f 142//6 147//6 148//6
f 148//6 143//6 142//6
f 149//1 152//1 151//1
f 151//1 150//1 149//1
f 149//2 153//2 156//2
f 156//2 152//2 149//2
f 154//3 153//3 149//3
f 149//3 150//3 154//3
f 152//4 156//4 155//4
f 155//4 151//4 152//4
f 151//5 155//5 154//5
f 154//5 150//5 151//5
f 153//6 154//6 155//6
f 155//6 156//6 153//6
f 157//1 160//1 159//1
f 159//1 158//1 157//1
f 157//2 161//2 164//2
f 164//2 160//2 157//2
f 162//3 161//3 157//3
f 157//3 158//3 162//3
f 160//4 164//4 163//4
f 163//4 159//4 160//4
f 159//5 163//5 162//5
f 162//5 158//5 159//5
f 161//6 162//6 163//6
f 163//6 164//6 161//6
f 165//1 168//1 167//1
f 167//1 166//1 165//1
f 165//2 169//2 172//2
f 172//2 168//2 165//2
f 170//3 169//3 165//3
f 165//3 166//3 170//3
f 168//4 172//4 171//4
f 171//4 167//4 168//4
f 167//5 171//5 170//5
f 170//5 166//5 167//5
f 169//6 170//6 171//6
f 171//6 172//6 169//6
f 166//1 167//1 174//1
f 174//1 173//1 166//1
f 166//2 170//2 171//2
f 171//2 167//2 166//2
f 175//3 170//3 166//3
f 166//3 173//3 175//3
f 167//4 171//4 176//4
f 176//4 174//4 167//4
f 174//5 176//5 175//5
f 175//5 173//5 174//5
f 170//6 175//6 176//6
f 176//6 171//6 170//6
f 173//1 174//1 178//1
f 178//1 177//1 173//1
f 173//2 175//2 176//2
f 176//2 174//2 173//2
f 179//3 175//3 173//3
f 173//3 177//3 179//3
f 174//4 176//4 180//4
f 180//4 178//4 174//4
f 178//5 180//5 179//5
f 179//5 177//5 178//5
f 175//6 179//6 180//6
f 180//6 176//6 175//6
f 181//1 184//1 183//1
f 183//1 182//1 181//1
f 181//2 185//2 188//2
f 188//2 184//2 181//2
f 186//3 185//3 181//3
f 181//3 182//3 186//3
f 184//4 188//4 187//4
f 187//4 183//4 184//4
f 183//5 187//5 186//5
f 186//5 182//5 183//5
f 185//6 186//6 187//6
f 187//6 188//6 185//6
f 182//1 183//1 190//1
f 190//1 189//1 182//1
f 182//2 186//2 187//2
f 187//2 183//2 182//2
f 191//3 186//3 182//3
f 182//3 189//3 191//3
f 183//4 187//4 192//4
f 192//4 190//4 183//4
f 190//5 192//5 191//5
f 191//5 189//5 190//5
f 186//6 191//6 192//6
f 192//6 187//6 186//6
f 193//1 196//1 195//1
f 195//1 194//1 193//1
f 193//2 197//2 200//2
f 200//2 196//2 193//2
f 198//3 197//3 193//3
f 193//3 194//3 198//3
f 196//4 200//4 199//4
f 199//4 195//4 196//4
f 195//5 199//5 198//5
f 198//5 194//5 195//5
f 197//6 198//6 199//6
f 199//6 200//6 197//6
f 194//1 195//1 202//1
f 202//1 201//1 194//1
f 194//2 198//2 199//2
f 199//2 195//2 194//2
f 203//3 198//3 194//3
f 194//3 201//3 203//3
f 195//4 199//4 204//4
f 204//4 202//4 195//4
f 202//5 204//5 203//5
f 203//5 201//5 202//5
f 198//6 203//6 204//6
f 204//6 199//6 198//6
f 201//1 202//1 206//1
f 206//1 205//1 201//1
f 201//2 203//2 204//2
f 204//2 202//2 201//2
f 207//3 203//3 201//3
f 201//3 205//3 207//3
f 202//4 204//4 208//4
f 208//4 206//4 202//4
f 206//5 208//5 207//5
f 207//5 205//5 206//5
f 203//6 207//6 208//6
f 208//6 204//6 203//6
f 209//1 212//1 211//1
f 211//1 210//1 209//1
f 209//2 213//2 216//2
f 216//2 212//2 209//2
f 214//3 213//3 209//3
f 209//3 210//3 214//3
f 212//4 216//4 215//4
f 215//4 211//4 212//4
f 211//5 215//5 214//5
f 214//5 210//5 211//5
f 213//6 214//6 215//6
f 215//6 216//6 213//6
f 217//1 220//1 219//1
f 219//1 218//1 217//1
f 217//2 221//2 224//2
f 224//2 220//2 217//2
f 222//3 221//3 217//3
f 217//3 218//3 222//3
f 220//4 224//4 223//4
f 223//4 219//4 220//4
f 219//5 223//5 222//5
f 222//5 218//5 219//5
f 221//6 222//6 223//6
f 223//6 224//6 221//6
f 225//1 228//1 227//1
f 227//1 226//1 225//1
f 225//2 229//2 232//2
f 232//2 228//2 225//2
f 230//3 229//3 225//3
f 225//3 226//3 230//3
f 228//4 232//4 231//4
f 231//4 227//4 228//4
f 227//5 231//5 230//5
f 230//5 226//5 227//5
f 229//6 230//6 231//6
f 231//6 232//6 229//6
f 226//1 227//1 234//1
f 234//1 233//1 226//1
f 226//2 230//2 231//2
f 231//2 227//2 226//2
f 235//3 230//3 226//3
f 226//3 233//3 235//3
f 227//4 231//4 236//4
f 236//4 234//4 227//4
f 234//5 236//5 235//5
f 235//5 233//5 234//5
f 230//6 235//6 236//6
f 236//6 231//6 230//6
f 233//1 234//1 238//1
f 238//1 237//1 233//1
f 233//2 235//2 236//2
f 236//2 234//2 233//2
f 239//3 235//3 233//3
f 233//3 237//3 239//3
f 234//4 236//4 240//4
f 240//4 238//4 234//4
f 238//5 240//5 239//5
f 239//5 237//5 238//5
f 235//6 239//6 240//6
f 240//6 236//6 235//6
f 237//1 238//1 242//1
f 242//1 241//1 237//1
f 237//2 239//2 240//2
f 240//2 238//2 237//2
f 243//3 239//3 237//3
f 237//3 241//3 243//3
f 238//4 240//4 244//4
f 244//4 242//4 238//4
f 242//5 244//5 243//5
f 243//5 241//5 242//5
f 239//6 243//6 244//6
f 244//6 240//6 239//6
f 241//1 242//1 246//1
f 246//1 245//1 241//1
f 241//2 243//2 244//2
f 244//2 242//2 241//2
f 247//3 243//3 241//3
f 241//3 245//3 247//3
f 242//4 244//4 248//4
f 248//4 246//4 242//4
f 246//5 248//5 247//5
f 247//5 245//5 246//5
f 243//6 247//6 248//6
f 248//6 244//6 243//6
f 249//1 252//1 251//1
f 251//1 250//1 249//1
f 249//2 253//2 256//2
f 256//2 252//2 249//2
f 254//3 253//3 249//3
f 249//3 250//3 254//3
f 252//4 256//4 255//4
f 255//4 251//4 252//4
f 251//5 255//5 254//5
f 254//5 250//5 251//5
f 253//6 254//6 255//6
f 255//6 256//6 253//6
f 257//1 260//1 259//1
f 259//1 258//1 257//1
f 257//2 261//2 264//2
f 264//2 260//2 257//2
f 262//3 261//3 257//3
f 257//3 258//3 262//3
f 260//4 264//4 263//4
f 263//4 259//4 260//4
f 259//5 263//5 262//5
f 262//5 258//5 259//5
f 261//6 262//6 263//6
f 263//6 264//6 261//6
f 265//1 268//1 267//1
f 267//1 266//1 265//1
f 265//2 269//2 272//2
f 272//2 268//2 265//2
f 270//3 269//3 265//3
f 265//3 266//3 270//3
f 268//4 272//4 271//4
f 271//4 267//4 268//4
f 267//5 271//5 270//5
f 270//5 266//5 267//5
f 269//6 270//6 271//6
f 271//6 272//6 269//6
f 273//1 276//1 275//1
f 275//1 274//1 273//1
f 273//2 277//2 280//2
f 280//2 276//2 273//2
f 278//3 277//3 273//3
f 273//3 274//3 278//3
f 276//4 280//4 279//4
f 279//4 275//4 276//4
f 275//5 279//5 278//5
f 278//5 274//5 275//5
f 277//6 278//6 279//6
f 279//6 280//6 277//6
f 274//1 275//1 282//1
f 282//1 281//1 274//1
f 274//2 278//2 279//2
f 279//2 275//2 274//2
f 283//3 278//3 274//3
f 274//3 281//3 283//3
f 275//4 279//4 284//4
f 284//4 282//4 275//4
f 282//5 284//5 283//5
f 283//5 281//5 282//5
f 278//6 283//6 284//6
f 284//6 279//6 278//6
f 281//1 282//1 286//1
f 286//1 285//1 281//1
f 281//2 283//2 284//2
f 284//2 282//2 281//2
f 287//3 283//3 281//3
f 281//3 285//3 287//3
f 282//4 284//4 288//4
f 288//4 286//4 282//4
f 286//5 288//5 287//5
f 287//5 285//5 286//5
f 283//6 287//6 288//6
f 288//6 284//6 283//6
f 289//1 292//1 291//1
f 291//1 290//1 289//1
f 289//2 293//2 296//2
f 296//2 292//2 289//2
f 294//3 293//3 289//3
f 289//3 290//3 294//3
f 292//4 296//4 295//4
f 295//4 291//4 292//4
f 291//5 295//5 294//5
f 294//5 290//5 291//5
f 293//6 294//6 295//6
f 295//6 296//6 293//6
f 290//1 291//1 298//1
f 298//1 297//1 290//1
f 290//2 294//2 295//2
f 295//2 291//2 290//2
f 299//3 294//3 290//3
f 290//3 297//3 299//3
f 291//4 295//4 300//4
f 300//4 298//4 291//4
f 298//5 300//5 299//5
f 299//5 297//5 298//5
f 294//6 299//6 300//6
f 300//6 295//6 294//6
f 301//1 304//1 303//1
f 303//1 302//1 301//1
f 301//2 305//2 308//2
f 308//2 304//2 301//2
f 306//3 305//3 301//3
f 301//3 302//3 306//3
f 304//4 308//4 307//4
f 307//4 303//4 304//4
f 303//5 307//5 306//5
f 306//5 302//5 303//5
f 305//6 306//6 307//6
f 307//6 308//6 305//6
f 302//1 303//1 310//1
f 310//1 309//1 302//1
f 302//2 306//2 307//2
f 307//2 303//2 302//2
f 311//3 306//3 302//3
f 302//3 309//3 311//3
f 303//4 307//4 312//4
f 312//4 310//4 303//4
f 310//5 312//5 311//5
f 311//5 309//5 310//5
f 306//6 311//6 312//6
f 312//6 307//6 306//6
f 309//1 310//1 314//1
f 314//1 313//1 309//1
f 309//2 311//2 312//2
f 312//2 310//2 309//2
f 315//3 311//3 309//3
f 309//3 313//3 315//3
f 310//4 312//4 316//4
f 316//4 314//4 310//4
f 314//5 316//5 315//5
f 315//5 313//5 314//5
f 311//6 315//6 316//6
f 316//6 312//6 311//6
f 317//1 320//1 319//1
f 319//1 318//1 317//1
f 317//2 321//2 324//2
f 324//2 320//2 317//2
f 322//3 321//3 317//3
f 317//3 318//3 322//3
f 320//4 324//4 323//4
f 323//4 319//4 320//4
f 319//5 323//5 322//5
f 322//5 318//5 319//5
f 321//6 322//6 323//6
f 323//6 324//6 321//6
f 325//1 328//1 327//1
f 327//1 326//1 325//1
f 325//2 329//2 332//2
f 332//2 328//2 325//2
f 330//3 329//3 325//3
f 325//3 326//3 330//3
f 328//4 332//4 331//4
f 331//4 327//4 328//4
f 327//5 331//5 330//5
f 330//5 326//5 327//5
f 329//6 330//6 331//6
f 331//6 332//6 329//6
f 333//1 336//1 335//1
f 335//1 334//1 333//1
f 333//2 337//2 340//2
f 340//2 336//2 333//2
f 338//3 337//3 333//3
f 333//3 334//3 338//3
f 336//4 340//4 339//4
f 339//4 335//4 336//4
f 335//5 339//5 338//5
f 338//5 334//5 335//5
f 337//6 338//6 339//6
f 339//6 340//6 337//6
f 341//1 344//1 343//1
f 343//1 342//1 341//1
f 341//2 345//2 348//2
f 348//2 344//2 341//2
f 346//3 345//3 341//3
f 341//3 342//3 346//3
f 344//4 348//4 347//4
f 347//4 343//4 344//4
f 343//5 347//5 346//5
f 346//5 342//5 343//5
f 345//6 346//6 347//6
f 347//6 348//6 345//6
f 349//1 352//1 351//1
f 351//1 350//1 349//1
f 349//2 353//2 356//2
f 356//2 352//2 349//2
f 354//3 353//3 349//3
f 349//3 350//3 354//3
f 352//4 356//4 355//4
f 355//4 351//4 352//4
f 351//5 355//5 354//5
f 354//5 350//5 351//5
f 353//6 354//6 355//6
f 355//6 356//6 353//6
f 229//1 232//1 231//1
f 231//1 230//1 229//1
f 229//2 357//2 360//2
f 360//2 232//2 229//2
f 358//3 357//3 229//3
f 229//3 230//3 358//3
f 232//4 360//4 359//4
f 359//4 231//4 232//4
f 231//5 359//5 358//5
f 358//5 230//5 231//5
f 357//6 358//6 359//6
f 359//6 360//6 357//6
f 230//1 231//1 236//1
f 236//1 235//1 230//1
f 230//2 358//2 359//2
f 359//2 231//2 230//2
f 361//3 358//3 230//3
f 230//3 235//3 361//3
f 231//4 359//4 362//4
f 362//4 236//4 231//4
f 236//5 362//5 361//5
f 361//5 235//5 236//5
f 358//6 361//6 362//6
f 362//6 359//6 358//6
f 235//1 236//1 240//1
f 240//1 239//1 235//1
f 235//2 361//2 362//2
f 362//2 236//2 235//2
f 363//3 361//3 235//3
f 235//3 239//3 363//3
f 236//4 362//4 364//4
f 364//4 240//4 236//4
f 240//5 364//5 363//5
f 363//5 239//5 240//5
f 361//6 363//6 364//6
f 364//6 362//6 361//6
f 239//1 240//1 244//1
f 244//1 243//1 239//1
f 239//2 363//2 364//2
f 364//2 240//2 239//2
f 365//3 363//3 239//3
f 239//3 243//3 365//3
f 240//4 364//4 366//4
f 366//4 244//4 240//4
f 244//5 366//5 365//5
f 365//5 243//5 244//5
f 363//6 365//6 366//6
f 366//6 364//6 363//6
f 243//1 244//1 248//1
f 248//1 247//1 243//1
f 243//2 365//2 366//2
f 366//2 244//2 243//2
f 367//3 365//3 243//3
f 243//3 247//3 367//3
f 244//4 366//4 368//4
f 368//4 248//4 244//4
f 248//5 368//5 367//5
f 367//5 247//5 248//5
f 365//6 367//6 368//6
f 368//6 366//6 365//6
f 253//1 256//1 255//1
f 255//1 254//1 253//1
f 253//2 369//2 372//2
f 372//2 256//2 253//2
f 370//3 369//3 253//3
f 253//3 254//3 370//3
f 256//4 372//4 371//4
f 371//4 255//4 256//4
f 255//5 371//5 370//5
f 370//5 254//5 255//5
f 369//6 370//6 371//6
f 371//6 372//6 369//6
f 261//1 264//1 263//1
f 263//1 262//1 261//1
f 261//2 373//2 376//2
f 376//2 264//2 261//2
f 374//3 373//3 261//3
f 261//3 262//3 374//3
f 264//4 376//4 375//4
f 375//4 263//4 264//4
f 263//5 375//5 374//5
f 374//5 262//5 263//5
f 373//6 374//6 375//6
f 375//6 376//6 373//6
f 269//1 272//1 271//1
f 271//1 270//1 269//1
f 269//2 377//2 380//2
f 380//2 272//2 269//2
f 378//3 377//3 269//3
f 269//3 270//3 378//3
f 272//4 380//4 379//4
f 379//4 271//4 272//4
f 271//5 379//5 378//5
f 378//5 270//5 271//5
f 377//6 378//6 379//6
f 379//6 380//6 377//6
f 277//1 280//1 279//1
f 279//1 278//1 277//1
f 277//2 381//2 384//2
f 384//2 280//2 277//2
f 382//3 381//3 277//3
f 277//3 278//3 382//3
f 280//4 384//4 383//4
f 383//4 279//4 280//4
f 279//5 383//5 382//5
f 382//5 278//5 279//5
f 381//6 382//6 383//6
f 383//6 384//6 381//6
f 278//1 279//1 284//1
f 284//1 283//1 278//1
f 278//2 382//2 383//2
f 383//2 279//2 278//2
f 385//3 382//3 278//3
f 278//3 283//3 385//3
f 279//4 383//4 386//4
f 386//4 284//4 279//4
f 284//5 386//5 385//5
f 385//5 283//5 284//5
f 382//6 385//6 386//6
f 386//6 383//6 382//6
f 283//1 284//1 288//1
f 288//1 287//1 283//1
f 283//2 385//2 386//2
f 386//2 284//2 283//2
f 387//3 385//3 283//3
f 283//3 287//3 387//3
f 284//4 386//4 388//4
f 388//4 288//4 284//4
f 288//5 388//5 387//5
f 387//5 287//5 288//5
f 385//6 387//6 388//6
f 388//6 386//6 385//6
f 293//1 296//1 295//1
f 295//1 294//1 293//1
f 293//2 389//2 392//2
f 392//2 296//2 293//2
f 390//3 389//3 293//3
f 293//3 294//3 390//3
f 296//4 392//4 391//4
f 391//4 295//4 296//4
f 295//5 391//5 390//5
f 390//5 294//5 295//5
f 389//6 390//6 391//6
f 391//6 392//6 389//6
f 294//1 295//1 300//1
f 300//1 299//1 294//1
f 294//2 390//2 391//2
f 391//2 295//2 294//2
f 393//3 390//3 294//3
f 294//3 299//3 393//3
f 295//4 391//4 394//4
f 394//4 300//4 295//4
f 300//5 394//5 393//5
f 393//5 299//5 300//5
f 390//6 393//6 394//6
f 394//6 391//6 390//6
f 305//1 308//1 307//1
f 307//1 306//1 305//1
f 305//2 395//2 398//2
f 398//2 308//2 305//2
f 396//3 395//3 305//3
f 305//3 306//3 396//3
f 308//4 398//4 397//4
f 397//4 307//4 308//4
f 307//5 397//5 396//5
f 396//5 306//5 307//5
f 395//6 396//6 397//6
f 397//6 398//6 395//6
f 306//1 307//1 312//1
f 312//1 311//1 306//1
f 306//2 396//2 397//2
f 397//2 307//2 306//2
f 399//3 396//3 306//3
f 306//3 311//3 399//3
f 307//4 397//4 400//4
f 400//4 312//4 307//4
f 312//5 400//5 399//5
f 399//5 311//5 312//5
f 396//6 399//6 400//6
f 400//6 397//6 396//6
f 311//1 312//1 316//1
f 316//1 315//1 311//1
f 311//2 399//2 400//2
f 400//2 312//2 311//2
f 401//3 399//3 311//3
f 311//3 315//3 401//3
f 312//4 400//4 402//4
f 402//4 316//4 312//4
f 316//5 402//5 401//5
f 401//5 315//5 316//5
f 399//6 401//6 402//6
f 402//6 400//6 399//6
f 321//1 324//1 323//1
f 323//1 322//1 321//1
f 321//2 403//2 406//2
f 406//2 324//2 321//2
f 404//3 403//3 321//3
f 321//3 322//3 404//3
f 324//4 406//4 405//4
f 405//4 323//4 324//4
f 323//5 405//5 404//5
f 404//5 322//5 323//5
f 403//6 404//6 405//6
f 405//6 406//6 403//6
f 329//1 332//1 331//1
f 331//1 330//1 329//1
f 329//2 407//2 410//2
f 410//2 332//2 329//2
f 408//3 407//3 329//3
f 329//3 330//3 408//3
f 332//4 410//4 409//4
f 409//4 331//4 332//4
f 331//5 409//5 408//5
f 408//5 330//5 331//5
f 407//6 408//6 409//6
f 409//6 410//6 407//6
f 337//1 340//1 339//1
f 339//1 338//1 337//1
f 337//2 411//2 414//2
f 414//2 340//2 337//2
f 412//3 411//3 337//3
f 337//3 338//3 412//3
f 340//4 414//4 413//4
f 413//4 339//4 340//4
f 339//5 413//5 412//5
f 412//5 338//5 339//5
f 411//6 412//6 413//6
f 413//6 414//6 411//6
f 345//1 348//1 347//1
f 347//1 346//1 345//1
f 345//2 415//2 418//2
f 418//2 348//2 345//2
f 416//3 415//3 345//3
f 345//3 346//3 416//3
f 348//4 418//4 417//4
f 417//4 347//4 348//4
f 347//5 417//5 416//5
f 416//5 346//5 347//5
f 415//6 416//6 417//6
f 417//6 418//6 415//6
f 353//1 356//1 355//1
f 355//1 354//1 353//1
f 353//2 419//2 422//2
f 422//2 356//2 353//2
f 420//3 419//3 353//3
f 353//3 354//3 420//3
f 356//4 422//4 421//4
f 421//4 355//4 356//4
f 355//5 421//5 420//5
f 420//5 354//5 355//5
f 419//6 420//6 421//6
f 421//6 422//6 419//6
f 357//1 360//1 359//1
f 359//1 358//1 357//1
f 357//2 423//2 426//2
f 426//2 360//2 357//2
f 424//3 423//3 357//3
f 357//3 358//3 424//3
f 360//4 426//4 425//4
f 425//4 359//4 360//4
f 359//5 425//5 424//5
f 424//5 358//5 359//5
f 423//6 424//6 425//6
f 425//6 426//6 423//6
f 358//1 359//1 362//1
f 362//1 361//1 358//1
f 358//2 424//2 425//2
f 425//2 359//2 358//2
f 427//3 424//3 358//3
f 358//3 361//3 427//3
f 359//4 425//4 428//4
f 428//4 362//4 359//4
f 362//5 428//5 427//5
f 427//5 361//5 362//5
f 424//6 427//6 428//6
f 428//6 425//6 424//6
f 361//1 362//1 364//1
f 364//1 363//1 361//1
f 361//2 427//2 428//2
f 428//2 362//2 361//2
f 429//3 427//3 361//3
f 361//3 363//3 429//3
f 362//4 428//4 430//4
f 430//4 364//4 362//4
f 364//5 430//5 429//5
f 429//5 363//5 364//5
f 427//6 429//6 430//6
f 430//6 428//6 427//6
f 381//1 384//1 383//1
f 383//1 382//1 381//1
f 381//2 431//2 434//2
f 434//2 384//2 381//2
f 432//3 431//3 381//3
f 381//3 382//3 432//3
f 384//4 434//4 433//4
f 433//4 383//4 384//4
f 383//5 433//5 432//5
f 432//5 382//5 383//5
f 431//6 432//6 433//6
f 433//6 434//6 431//6
f 382//1 383//1 386//1
f 386//1 385//1 382//1
f 382//2 432//2 433//2
f 433//2 383//2 382//2
f 435//3 432//3 382//3
f 382//3 385//3 435//3
f 383//4 433//4 436//4
f 436//4 386//4 383//4
f 386//5 436//5 435//5
f 435//5 385//5 386//5
f 432//6 435//6 436//6
f 436//6 433//6 432//6
f 395//1 398//1 397//1
f 397//1 396//1 395//1
f 395//2 437//2 440//2
f 440//2 398//2 395//2
f 438//3 437//3 395//3
f 395//3 396//3 438//3
f 398//4 440//4 439//4
f 439//4 397//4 398//4
f 397//5 439//5 438//5
f 438//5 396//5 397//5
f 437//6 438//6 439//6
f 439//6 440//6 437//6
f 423//1 426//1 425//1
f 425//1 424//1 423//1
f 423//2 441//2 444//2
f 444//2 426//2 423//2
f 442//3 441//3 423//3
f 423//3 424//3 442//3
f 426//4 444//4 443//4
f 443//4 425//4 426//4
f 425//5 443//5 442//5
f 442//5 424//5 425//5
f 441//6 442//6 443//6
f 443//6 444//6 441//6
f 128//1 446//1 445//1
f 445//1 127//1 128//1
f 128//2 132//2 448//2
f 448//2 446//2 128//2
f 131//3 132//3 128//3
f 128//3 127//3 131//3
f 446//4 448//4 447//4
f 447//4 445//4 446//4
f 445//5 447//5 131//5
f 131//5 127//5 445//5
f 132//6 131//6 447//6
f 447//6 448//6 132//6
f 449//1 452//1 451//1
f 451//1 450//1 449//1
f 449//2 453//2 455//2
f 455//2 452//2 449//2
f 140//3 453//3 449//3
f 449//3 450//3 140//3
f 452//4 455//4 454//4
f 454//4 451//4 452//4
f 451//5 454//5 140//5
f 140//5 450//5 451//5
f 453//6 140//6 454//6
f 454//6 455//6 453//6
f 456//1 459//1 458//1
f 458//1 457//1 456//1
f 456//2 139//2 461//2
f 461//2 459//2 456//2
f 146//3 139//3 456//3
f 456//3 457//3 146//3
f 459//4 461//4 460//4
f 460//4 458//4 459//4
f 458//5 460//5 146//5
f 146//5 457//5 458//5
f 139//6 146//6 460//6
f 460//6 461//6 139//6
f 462//1 465//1 464//1
f 464//1 463//1 462//1
f 462//2 152//2 467//2
f 467//2 465//2 462//2
f 151//3 152//3 462//3
f 462//3 463//3 151//3
f 465//4 467//4 466//4
f 466//4 464//4 465//4
f 464//5 466//5 151//5
f 151//5 463//5 464//5
f 152//6 151//6 466//6
f 466//6 467//6 152//6
f 132//1 448//1 447//1
f 447//1 131//1 132//1
f 132//2 136//2 469//2
f 469//2 448//2 132//2
f 135//3 136//3 132//3
f 132//3 131//3 135//3
f 448//4 469//4 468//4
f 468//4 447//4 448//4
f 447//5 468//5 135//5
f 135//5 131//5 447//5
f 136//6 135//6 468//6
f 468//6 469//6 136//6
f 131//1 447//1 471//1
f 471//1 470//1 131//1
f 131//2 135//2 468//2
f 468//2 447//2 131//2
f 472//3 135//3 131//3
f 131//3 470//3 472//3
f 447//4 468//4 473//4
f 473//4 471//4 447//4
f 471//5 473//5 472//5
f 472//5 470//5 471//5
f 135//6 472//6 473//6
f 473//6 468//6 135//6
f 453//1 455//1 454//1
f 454//1 140//1 453//1
f 453//2 474//2 476//2
f 476//2 455//2 453//2
f 144//3 474//3 453//3
f 453//3 140//3 144//3
f 455//4 476//4 475//4
f 475//4 454//4 455//4
f 454//5 475//5 144//5
f 144//5 140//5 454//5
f 474//6 144//6 475//6
f 475//6 476//6 474//6
f 140//1 454//1 461//1
f 461//1 139//1 140//1
f 140//2 144//2 475//2
f 475//2 454//2 140//2
f 143//3 144//3 140//3
f 140//3 139//3 143//3
f 454//4 475//4 477//4
f 477//4 461//4 454//4
f 461//5 477//5 143//5
f 143//5 139//5 461//5
f 144//6 143//6 477//6
f 477//6 475//6 144//6
f 139//1 461//1 460//1
f 460//1 146//1 139//1
f 139//2 143//2 477//2
f 477//2 461//2 139//2
f 148//3 143//3 139//3
f 139//3 146//3 148//3
f 461//4 477//4 478//4
f 478//4 460//4 461//4
f 460//5 478//5 148//5
f 148//5 146//5 460//5
f 143//6 148//6 478//6
f 478//6 477//6 143//6
f 152//1 467//1 466//1
f 466//1 151//1 152//1
f 152//2 156//2 480//2
f 480//2 467//2 152//2
f 155//3 156//3 152//3
f 152//3 151//3 155//3
f 467//4 480//4 479//4
f 479//4 466//4 467//4
f 466//5 479//5 155//5
f 155//5 151//5 466//5
f 156//6 155//6 479//6
f 479//6 480//6 156//6
f 160//1 482//1 481//1
f 481//1 159//1 160//1
f 160//2 164//2 484//2
f 484//2 482//2 160//2
f 163//3 164//3 160//3
f 160//3 159//3 163//3
f 482//4 484//4 483//4
f 483//4 481//4 482//4
f 481//5 483//5 163//5
f 163//5 159//5 481//5
f 164//6 163//6 483//6
f 483//6 484//6 164//6
f 159//1 481//1 486//1
f 486//1 485//1 159//1
f 159//2 163//2 483//2
f 483//2 481//2 159//2
f 487//3 163//3 159//3
f 159//3 485//3 487//3
f 481//4 483//4 488//4
f 488//4 486//4 481//4
f 486//5 488//5 487//5
f 487//5 485//5 486//5
f 163//6 487//6 488//6
f 488//6 483//6 163//6
f 485//1 486//1 490//1
f 490//1 489//1 485//1
f 485//2 487//2 488//2
f 488//2 486//2 485//2
f 491//3 487//3 485//3
f 485//3 489//3 491//3
f 486//4 488//4 492//4
f 492//4 490//4 486//4
f 490//5 492//5 491//5
f 491//5 489//5 490//5
f 487//6 491//6 492//6
f 492//6 488//6 487//6
f 493//1 496//1 495//1
f 495//1 494//1 493//1
f 493//2 497//2 500//2
f 500//2 496//2 493//2
f 498//3 497//3 493//3
f 493//3 494//3 498//3
f 496//4 500//4 499//4
f 499//4 495//4 496//4
f 495//5 499//5 498//5
f 498//5 494//5 495//5
f 497//6 498//6 499//6
f 499//6 500//6 497//6
f 202//1 502//1 501//1
f 501//1 206//1 202//1
f 202//2 204//2 504//2
f 504//2 502//2 202//2
f 208//3 204//3 202//3
f 202//3 206//3 208//3
f 502//4 504//4 503//4
f 503//4 501//4 502//4
f 501//5 503//5 208//5
f 208//5 206//5 501//5
f 204//6 208//6 503//6
f 503//6 504//6 204//6
f 505//1 508//1 507//1
f 507//1 506//1 505//1
f 505//2 509//2 512//2
f 512//2 508//2 505//2
f 510//3 509//3 505//3
f 505//3 506//3 510//3
f 508//4 512//4 511//4
f 511//4 507//4 508//4
f 507//5 511//5 510//5
f 510//5 506//5 507//5
f 509//6 510//6 511//6
f 511//6 512//6 509//6
f 228//1 514//1 513//1
f 513//1 227//1 228//1
f 228//2 232//2 516//2
f 516//2 514//2 228//2
f 231//3 232//3 228//3
f 228//3 227//3 231//3
f 514//4 516//4 515//4
f 515//4 513//4 514//4
f 513//5 515//5 231//5
f 231//5 227//5 513//5
f 232//6 231//6 515//6
f 515//6 516//6 232//6
f 227//1 513//1 517//1
f 517//1 234//1 227//1
f 227//2 231//2 515//2
f 515//2 513//2 227//2
f 236//3 231//3 227//3
f 227//3 234//3 236//3
f 513//4 515//4 518//4
f 518//4 517//4 513//4
f 517//5 518//5 236//5
f 236//5 234//5 517//5
f 231//6 236//6 518//6
f 518//6 515//6 231//6
f 234//1 517//1 519//1
f 519//1 238//1 234//1
f 234//2 236//2 518//2
f 518//2 517//2 234//2
f 240//3 236//3 234//3
f 234//3 238//3 240//3
f 517//4 518//4 520//4
f 520//4 519//4 517//4
f 519//5 520//5 240//5
f 240//5 238//5 519//5
f 236//6 240//6 520//6
f 520//6 518//6 236//6
f 238//1 519//1 521//1
f 521//1 242//1 238//1
f 238//2 240//2 520//2
f 520//2 519//2 238//2
f 244//3 240//3 238//3
f 238//3 242//3 244//3
f 519//4 520//4 522//4
f 522//4 521//4 519//4
f 521//5 522//5 244//5
f 244//5 242//5 521//5
f 240//6 244//6 522//6
f 522//6 520//6 240//6
f 242//1 521//1 523//1
f 523//1 246//1 242//1
f 242//2 244//2 522//2
f 522//2 521//2 242//2
f 248//3 244//3 242//3
f 242//3 246//3 248//3
f 521//4 522//4 524//4
f 524//4 523//4 521//4
f 523//5 524//5 248//5
f 248//5 246//5 523//5
f 244//6 248//6 524//6
f 524//6 522//6 244//6
f 252//1 526//1 525//1
f 525//1 251//1 252//1
f 252//2 256//2 528//2
f 528//2 526//2 252//2
f 255//3 256//3 252//3
f 252//3 251//3 255//3
f 526//4 528//4 527//4
f 527//4 525//4 526//4
f 525//5 527//5 255//5
f 255//5 251//5 525//5
f 256//6 255//6 527//6
f 527//6 528//6 256//6
f 260//1 530//1 529//1
f 529//1 259//1 260//1
f 260//2 264//2 532//2
f 532//2 530//2 260//2
f 263//3 264//3 260//3
f 260//3 259//3 263//3
f 530//4 532//4 531//4
f 531//4 529//4 530//4
f 529//5 531//5 263//5
f 263//5 259//5 529//5
f 264//6 263//6 531//6
f 531//6 532//6 264//6
f 268//1 534//1 533//1
f 533//1 267//1 268//1
f 268//2 272//2 536//2
f 536//2 534//2 268//2
f 271//3 272//3 268//3
f 268//3 267//3 271//3
f 534//4 536//4 535//4
f 535//4 533//4 534//4
f 533//5 535//5 271//5
f 271//5 267//5 533//5
f 272//6 271//6 535//6
f 535//6 536//6 272//6
f 276//1 538//1 537//1
f 537//1 275//1 276//1
f 276//2 280//2 540//2
f 540//2 538//2 276//2
f 279//3 280//3 276//3
f 276//3 275//3 279//3
f 538//4 540//4 539//4
f 539//4 537//4 538//4
f 537//5 539//5 279//5
f 279//5 275//5 537//5
f 280//6 279//6 539//6
f 539//6 540//6 280//6
f 275//1 537//1 541//1
f 541//1 282//1 275//1
f 275//2 279//2 539//2
f 539//2 537//2 275//2
f 284//3 279//3 275//3
f 275//3 282//3 284//3
f 537//4 539//4 542//4
f 542//4 541//4 537//4
f 541//5 542//5 284//5
f 284//5 282//5 541//5
f 279//6 284//6 542//6
f 542//6 539//6 279//6
f 282//1 541//1 543//1
f 543//1 286//1 282//1
f 282//2 284//2 542//2
f 542//2 541//2 282//2
f 288//3 284//3 282//3
f 282//3 286//3 288//3
f 541//4 542//4 544//4
f 544//4 543//4 541//4
f 543//5 544//5 288//5
f 288//5 286//5 543//5
f 284//6 288//6 544//6
f 544//6 542//6 284//6
f 292//1 546//1 545//1
f 545//1 291//1 292//1
f 292//2 296//2 548//2
f 548//2 546//2 292//2
f 295//3 296//3 292//3
f 292//3 291//3 295//3
f 546//4 548//4 547//4
f 547//4 545//4 546//4
f 545//5 547//5 295//5
f 295//5 291//5 545//5
f 296//6 295//6 547//6
f 547//6 548//6 296//6
f 291//1 545//1 549//1
f 549//1 298//1 291//1
f 291//2 295//2 547//2
f 547//2 545//2 291//2
f 300//3 295//3 291//3
f 291//3 298//3 300//3
f 545//4 547//4 550//4
f 550//4 549//4 545//4
f 549//5 550//5 300//5
f 300//5 298//5 549//5
f 295//6 300//6 550//6
f 550//6 547//6 295//6
f 304//1 552//1 551//1
f 551//1 303//1 304//1
f 304//2 308//2 554//2
f 554//2 552//2 304//2
f 307//3 308//3 304//3
f 304//3 303//3 307//3
f 552//4 554//4 553//4
f 553//4 551//4 552//4
f 551//5 553//5 307//5
f 307//5 303//5 551//5
f 308//6 307//6 553//6
f 553//6 554//6 308//6
f 303//1 551//1 555//1
f 555//1 310//1 303//1
f 303//2 307//2 553//2
f 553//2 551//2 303//2
f 312//3 307//3 303//3
f 303//3 310//3 312//3
f 551//4 553//4 556//4
f 556//4 555//4 551//4
f 555//5 556//5 312//5
f 312//5 310//5 555//5
f 307//6 312//6 556//6
f 556//6 553//6 307//6
f 310//1 555//1 557//1
f 557//1 314//1 310//1
f 310//2 312//2 556//2
f 556//2 555//2 310//2
f 316//3 312//3 310//3
f 310//3 314//3 316//3
f 555//4 556//4 558//4
f 558//4 557//4 555//4
f 557//5 558//5 316//5
f 316//5 314//5 557//5
f 312//6 316//6 558//6
f 558//6 556//6 312//6
f 320//1 560//1 559//1
f 559//1 319//1 320//1
f 320//2 324//2 562//2
f 562//2 560//2 320//2
f 323//3 324//3 320//3
f 320//3 319//3 323//3
f 560//4 562//4 561//4
f 561//4 559//4 560//4
f 559//5 561//5 323//5
f 323//5 319//5 559//5
f 324//6 323//6 561//6
f 561//6 562//6 324//6
f 328//1 564//1 563//1
f 563//1 327//1 328//1
f 328//2 332//2 566//2
f 566//2 564//2 328//2
f 331//3 332//3 328//3
f 328//3 327//3 331//3
f 564//4 566//4 565//4
f 565//4 563//4 564//4
f 563//5 565//5 331//5
f 331//5 327//5 563//5
f 332//6 331//6 565//6
f 565//6 566//6 332//6
f 336//1 568//1 567//1
f 567//1 335//1 336//1
f 336//2 340//2 570//2
f 570//2 568//2 336//2
f 339//3 340//3 336//3
f 336//3 335//3 339//3
f 568//4 570//4 569//4
f 569//4 567//4 568//4
f 567//5 569//5 339//5
f 339//5 335//5 567//5
f 340//6 339//6 569//6
f 569//6 570//6 340//6
f 344//1 572//1 571//1
f 571//1 343//1 344//1
f 344//2 348//2 574//2
f 574//2 572//2 344//2
f 347//3 348//3 344//3
f 344//3 343//3 347//3
f 572//4 574//4 573//4
f 573//4 571//4 572//4
f 571//5 573//5 347//5
f 347//5 343//5 571//5
f 348//6 347//6 573//6
f 573//6 574//6 348//6
f 352//1 576//1 575//1
f 575//1 351//1 352//1
f 352//2 356//2 578//2
f 578//2 576//2 352//2
f 355//3 356//3 352//3
f 352//3 351//3 355//3
f 576//4 578//4 577//4
f 577//4 575//4 576//4
f 575//5 577//5 355//5
f 355//5 351//5 575//5
f 356//6 355//6 577//6
f 577//6 578//6 356//6
f 232//1 516//1 515//1
f 515//1 231//1 232//1
f 232//2 360//2 580//2
f 580//2 516//2 232//2
f 359//3 360//3 232//3
f 232//3 231//3 359//3
f 516//4 580//4 579//4
f 579//4 515//4 516//4
f 515//5 579//5 359//5
f 359//5 231//5 515//5
f 360//6 359//6 579//6
f 579//6 580//6 360//6
f 236//1 518//1 520//1
f 520//1 240//1 236//1
f 236//2 362//2 582//2
f 582//2 518//2 236//2
f 364//3 362//3 236//3
f 236//3 240//3 364//3
f 518//4 582//4 581//4
f 581//4 520//4 518//4
f 520//5 581//5 364//5
f 364//5 240//5 520//5
f 362//6 364//6 581//6
f 581//6 582//6 362//6
f 240//1 520//1 522//1
f 522//1 244//1 240//1
f 240//2 364//2 581//2
f 581//2 520//2 240//2
f 366//3 364//3 240//3
f 240//3 244//3 366//3
f 520//4 581//4 583//4
f 583//4 522//4 520//4
f 522//5 583//5 366//5
f 366//5 244//5 522//5
f 364//6 366//6 583//6
f 583//6 581//6 364//6
f 244//1 522//1 524//1
f 524//1 248//1 244//1
f 244//2 366//2 583//2
f 583//2 522//2 244//2
f 368//3 366//3 244//3
f 244//3 248//3 368//3
f 522//4 583//4 584//4
f 584//4 524//4 522//4
f 524//5 584//5 368//5
f 368//5 248//5 524//5
f 366//6 368//6 584//6
f 584//6 583//6 366//6
f 256//1 528//1 527//1
f 527//1 255//1 256//1
f 256//2 372//2 586//2
f 586//2 528//2 256//2
f 371//3 372//3 256//3
f 256//3 255//3 371//3
f 528//4 586//4 585//4
f 585//4 527//4 528//4
f 527//5 585//5 371//5
f 371//5 255//5 527//5
f 372//6 371//6 585//6
f 585//6 586//6 372//6
f 264//1 532//1 531//1
f 531//1 263//1 264//1
f 264//2 376//2 588//2
f 588//2 532//2 264//2
f 375//3 376//3 264//3
f 264//3 263//3 375//3
f 532//4 588//4 587//4
f 587//4 531//4 532//4
f 531//5 587//5 375//5
f 375//5 263//5 531//5
f 376//6 375//6 587//6
f 587//6 588//6 376//6
f 272//1 536//1 535//1
f 535//1 271//1 272//1
f 272//2 380//2 590//2
f 590//2 536//2 272//2
f 379//3 380//3 272//3
f 272//3 271//3 379//3
f 536//4 590//4 589//4
f 589//4 535//4 536//4
f 535//5 589//5 379//5
f 379//5 271//5 535//5
f 380//6 379//6 589//6
f 589//6 590//6 380//6
f 280//1 540//1 539//1
f 539//1 279//1 280//1
f 280//2 384//2 592//2
f 592//2 540//2 280//2
f 383//3 384//3 280//3
f 280//3 279//3 383//3
f 540//4 592//4 591//4
f 591//4 539//4 540//4
f 539//5 591//5 383//5
f 383//5 279//5 539//5
f 384//6 383//6 591//6
f 591//6 592//6 384//6
f 279//1 539//1 542//1
f 542//1 284//1 279//1
f 279//2 383//2 591//2
f 591//2 539//2 279//2
f 386//3 383//3 279//3
f 279//3 284//3 386//3
f 539//4 591//4 593//4
f 593//4 542//4 539//4
f 542//5 593//5 386//5
f 386//5 284//5 542//5
f 383//6 386//6 593//6
f 593//6 591//6 383//6
f 284//1 542//1 544//1
f 544//1 288//1 284//1
f 284//2 386//2 593//2
f 593//2 542//2 284//2
f 388//3 386//3 284//3
f 284//3 288//3 388//3
f 542//4 593//4 594//4
f 594//4 544//4 542//4
f 544//5 594//5 388//5
f 388//5 288//5 544//5
f 386//6 388//6 594//6
f 594//6 593//6 386//6
f 296//1 548//1 547//1
f 547//1 295//1 296//1
f 296//2 392//2 596//2
f 596//2 548//2 296//2
f 391//3 392//3 296//3
f 296//3 295//3 391//3
f 548//4 596//4 595//4
f 595//4 547//4 548//4
f 547//5 595//5 391//5
f 391//5 295//5 547//5
f 392//6 391//6 595//6
f 595//6 596//6 392//6
f 295//1 547//1 550//1
f 550//1 300//1 295//1
f 295//2 391//2 595//2
f 595//2 547//2 295//2
f 394//3 391//3 295//3
f 295//3 300//3 394//3
f 547//4 595//4 597//4
f 597//4 550//4 547//4
f 550//5 597//5 394//5
f 394//5 300//5 550//5
f 391//6 394//6 597//6
f 597//6 595//6 391//6
f 308//1 554//1 553//1
f 553//1 307//1 308//1
f 308//2 398//2 599//2
f 599//2 554//2 308//2
f 397//3 398//3 308//3
f 308//3 307//3 397//3
f 554//4 599//4 598//4
f 598//4 553//4 554//4
f 553//5 598//5 397//5
f 397//5 307//5 553//5
f 398//6 397//6 598//6
f 598//6 599//6 398//6
f 307//1 553//1 556//1
f 556//1 312//1 307//1
f 307//2 397//2 598//2
f 598//2 553//2 307//2
f 400//3 397//3 307//3
f 307//3 312//3 400//3
f 553//4 598//4 600//4
f 600//4 556//4 553//4
f 556//5 600//5 400//5
f 400//5 312//5 556//5
f 397//6 400//6 600//6
f 600//6 598//6 397//6
f 312//1 556//1 558//1
f 558//1 316//1 312//1
f 312//2 400//2 600//2
f 600//2 556//2 312//2
f 402//3 400//3 312//3
f 312//3 316//3 402//3
f 556//4 600//4 601//4
f 601//4 558//4 556//4
f 558//5 601//5 402//5
f 402//5 316//5 558//5
f 400//6 402//6 601//6
f 601//6 600//6 400//6
f 324//1 562//1 561//1
f 561//1 323//1 324//1
f 324//2 406//2 603//2
f 603//2 562//2 324//2
f 405//3 406//3 324//3
f 324//3 323//3 405//3
f 562//4 603//4 602//4
f 602//4 561//4 562//4
f 561//5 602//5 405//5
f 405//5 323//5 561//5
f 406//6 405//6 602//6
f 602//6 603//6 406//6
f 332//1 566//1 565//1
f 565//1 331//1 332//1
f 332//2 410//2 605//2
f 605//2 566//2 332//2
f 409//3 410//3 332//3
f 332//3 331//3 409//3
f 566//4 605//4 604//4
f 604//4 565//4 566//4
f 565//5 604//5 409//5
f 409//5 331//5 565//5
f 410//6 409//6 604//6
f 604//6 605//6 410//6
f 340//1 570//1 569//1
f 569//1 339//1 340//1
f 340//2 414//2 607//2
f 607//2 570//2 340//2
f 413//3 414//3 340//3
f 340//3 339//3 413//3
f 570//4 607//4 606//4
f 606//4 569//4 570//4
f 569//5 606//5 413//5
f 413//5 339//5 569//5
f 414//6 413//6 606//6
f 606//6 607//6 414//6
f 348//1 574//1 573//1
f 573//1 347//1 348//1
f 348//2 418//2 609//2
f 609//2 574//2 348//2
f 417//3 418//3 348//3
f 348//3 347//3 417//3
f 574//4 609//4 608//4
f 608//4 573//4 574//4
f 573//5 608//5 417//5
f 417//5 347//5 573//5
f 418//6 417//6 608//6
f 608//6 609//6 418//6
f 356//1 578//1 577//1
f 577//1 355//1 356//1
f 356//2 422//2 611//2
f 611//2 578//2 356//2
f 421//3 422//3 356//3
f 356//3 355//3 421//3
f 578//4 611//4 610//4
f 610//4 577//4 578//4
f 577//5 610//5 421//5
f 421//5 355//5 577//5
f 422//6 421//6 610//6
f 610//6 611//6 422//6
f 360//1 580//1 579//1
f 579//1 359//1 360//1
f 360//2 426//2 613//2
f 613//2 580//2 360//2
f 425//3 426//3 360//3
f 360//3 359//3 425//3
f 580//4 613//4 612//4
f 612//4 579//4 580//4
f 579//5 612//5 425//5
f 425//5 359//5 579//5
f 426//6 425//6 612//6
f 612//6 613//6 426//6
f 359//1 579//1 582//1
f 582//1 362//1 359//1
f 359//2 425//2 612//2
f 612//2 579//2 359//2
f 428//3 425//3 359//3
f 359//3 362//3 428//3
f 579//4 612//4 614//4
f 614//4 582//4 579//4
f 582//5 614//5 428//5
f 428//5 362//5 582//5
f 425//6 428//6 614//6
f 614//6 612//6 425//6
f 362//1 582//1 581//1
f 581//1 364//1 362//1
f 362//2 428//2 614//2
f 614//2 582//2 362//2
f 430//3 428//3 362//3
f 362//3 364//3 430//3
f 582//4 614//4 615//4
f 615//4 581//4 582//4
f 581//5 615//5 430//5
f 430//5 364//5 581//5
f 428//6 430//6 615//6
f 615//6 614//6 428//6
f 364//1 581//1 583//1
f 583//1 366//1 364//1
f 364//2 430//2 615//2
f 615//2 581//2 364//2
f 616//3 430//3 364//3
f 364//3 366//3 616//3
f 581//4 615//4 617//4
f 617//4 583//4 581//4
f 583//5 617//5 616//5
f 616//5 366//5 583//5
f 430//6 616//6 617//6
f 617//6 615//6 430//6
f 366//1 583//1 584//1
f 584//1 368//1 366//1
f 366//2 616//2 617//2
f 617//2 583//2 366//2
f 618//3 616//3 366//3
f 366//3 368//3 618//3
f 583//4 617//4 619//4
f 619//4 584//4 583//4
f 584//5 619//5 618//5
f 618//5 368//5 584//5
f 616//6 618//6 619//6
f 619//6 617//6 616//6
f 372//1 586//1 585//1
f 585//1 371//1 372//1
f 372//2 620//2 623//2
f 623//2 586//2 372//2
f 621//3 620//3 372//3
f 372//3 371//3 621//3
f 586//4 623//4 622//4
f 622//4 585//4 586//4
f 585//5 622//5 621//5
f 621//5 371//5 585//5
f 620//6 621//6 622//6
f 622//6 623//6 620//6
f 376//1 588//1 587//1
f 587//1 375//1 376//1
f 376//2 624//2 627//2
f 627//2 588//2 376//2
f 625//3 624//3 376//3
f 376//3 375//3 625//3
f 588//4 627//4 626//4
f 626//4 587//4 588//4
f 587//5 626//5 625//5
f 625//5 375//5 587//5
f 624//6 625//6 626//6
f 626//6 627//6 624//6
f 380//1 590//1 589//1
f 589//1 379//1 380//1
f 380//2 628//2 631//2
f 631//2 590//2 380//2
f 629//3 628//3 380//3
f 380//3 379//3 629//3
f 590//4 631//4 630//4
f 630//4 589//4 590//4
f 589//5 630//5 629//5
f 629//5 379//5 589//5
f 628//6 629//6 630//6
f 630//6 631//6 628//6
f 384//1 592//1 591//1
f 591//1 383//1 384//1
f 384//2 434//2 633//2
f 633//2 592//2 384//2
f 433//3 434//3 384//3
f 384//3 383//3 433//3
f 592//4 633//4 632//4
f 632//4 591//4 592//4
f 591//5 632//5 433//5
f 433//5 383//5 591//5
f 434//6 433//6 632//6
f 632//6 633//6 434//6
f 383//1 591//1 593//1
f 593//1 386//1 383//1
f 383//2 433//2 632//2
f 632//2 591//2 383//2
f 436//3 433//3 383//3
f 383//3 386//3 436//3
f 591//4 632//4 634//4
f 634//4 593//4 591//4
f 593//5 634//5 436//5
f 436//5 386//5 593//5
f 433//6 436//6 634//6
f 634//6 632//6 433//6
f 386//1 593//1 594//1
f 594//1 388//1 386//1
f 386//2 436//2 634//2
f 634//2 593//2 386//2
f 635//3 436//3 386//3
f 386//3 388//3 635//3
f 593//4 634//4 636//4
f 636//4 594//4 593//4
f 594//5 636//5 635//5
f 635//5 388//5 594//5
f 436//6 635//6 636//6
f 636//6 634//6 436//6
f 392//1 596//1 595//1
f 595//1 391//1 392//1
f 392//2 637//2 640//2
f 640//2 596//2 392//2
f 638//3 637//3 392//3
f 392//3 391//3 638//3
f 596//4 640//4 639//4
f 639//4 595//4 596//4
f 595//5 639//5 638//5
f 638//5 391//5 595//5
f 637//6 638//6 639//6
f 639//6 640//6 637//6
f 391//1 595//1 597//1
f 597//1 394//1 391//1
f 391//2 638//2 639//2
f 639//2 595//2 391//2
f 641//3 638//3 391//3
f 391//3 394//3 641//3
f 595//4 639//4 642//4
f 642//4 597//4 595//4
f 597//5 642//5 641//5
f 641//5 394//5 597//5
f 638//6 641//6 642//6
f 642//6 639//6 638//6
f 398//1 599//1 598//1
f 598//1 397//1 398//1
f 398//2 440//2 644//2
f 644//2 599//2 398//2
f 439//3 440//3 398//3
f 398//3 397//3 439//3
f 599//4 644//4 643//4
f 643//4 598//4 599//4
f 598//5 643//5 439//5
f 439//5 397//5 598//5
f 440//6 439//6 643//6
f 643//6 644//6 440//6
f 397//1 598//1 600//1
f 600//1 400//1 397//1
f 397//2 439//2 643//2
f 643//2 598//2 397//2
f 645//3 439//3 397//3
f 397//3 400//3 645//3
f 598//4 643//4 646//4
f 646//4 600//4 598//4
f 600//5 646//5 645//5
f 645//5 400//5 600//5
f 439//6 645//6 646//6
f 646//6 643//6 439//6
f 400//1 600//1 601//1
f 601//1 402//1 400//1
f 400//2 645//2 646//2
f 646//2 600//2 400//2
f 647//3 645//3 400//3
f 400//3 402//3 647//3
f 600//4 646//4 648//4
f 648//4 601//4 600//4
f 601//5 648//5 647//5
f 647//5 402//5 601//5
f 645//6 647//6 648//6
f 648//6 646//6 645//6
f 406//1 603//1 602//1
f 602//1 405//1 406//1
f 406//2 649//2 652//2
f 652//2 603//2 406//2
f 650//3 649//3 406//3
f 406//3 405//3 650//3
f 603//4 652//4 651//4
f 651//4 602//4 603//4
f 602//5 651//5 650//5
f 650//5 405//5 602//5
f 649//6 650//6 651//6
f 651//6 652//6 649//6
f 410//1 605//1 604//1
f 604//1 409//1 410//1
f 410//2 653//2 656//2
f 656//2 605//2 410//2
f 654//3 653//3 410//3
f 410//3 409//3 654//3
f 605//4 656//4 655//4
f 655//4 604//4 605//4
f 604//5 655//5 654//5
f 654//5 409//5 604//5
f 653//6 654//6 655//6
f 655//6 656//6 653//6
f 414//1 607//1 606//1
f 606//1 413//1 414//1
f 414//2 657//2 660//2
f 660//2 607//2 414//2
f 658//3 657//3 414//3
f 414//3 413//3 658//3
f 607//4 660//4 659//4
f 659//4 606//4 607//4
f 606//5 659//5 658//5
f 658//5 413//5 606//5
f 657//6 658//6 659//6
f 659//6 660//6 657//6
f 418//1 609//1 608//1
f 608//1 417//1 418//1
f 418//2 661//2 664//2
f 664//2 609//2 418//2
f 662//3 661//3 418//3
f 418//3 417//3 662//3
f 609//4 664//4 663//4
f 663//4 608//4 609//4
f 608//5 663//5 662//5
f 662//5 417//5 608//5
f 661//6 662//6 663//6
f 663//6 664//6 661//6
f 426//1 613//1 612//1
f 612//1 425//1 426//1
f 426//2 444//2 666//2
f 666//2 613//2 426//2
f 443//3 444//3 426//3
f 426//3 425//3 443//3
f 613//4 666//4 665//4
f 665//4 612//4 613//4
f 612//5 665//5 443//5
f 443//5 425//5 612//5
f 444//6 443//6 665//6
f 665//6 666//6 444//6
f 425//1 612//1 614//1
f 614//1 428//1 425//1
f 425//2 443//2 665//2
f 665//2 612//2 425//2
f 667//3 443//3 425//3
f 425//3 428//3 667//3
f 612//4 665//4 668//4
f 668//4 614//4 612//4
f 614//5 668//5 667//5
f 667//5 428//5 614//5
f 443//6 667//6 668//6
f 668//6 665//6 443//6
f 428//1 614//1 615//1
f 615//1 430//1 428//1
f 428//2 667//2 668//2
f 668//2 614//2 428//2
f 669//3 667//3 428//3
f 428//3 430//3 669//3
f 614//4 668//4 670//4
f 670//4 615//4 614//4
f 615//5 670//5 669//5
f 669//5 430//5 615//5
f 667//6 669//6 670//6
f 670//6 668//6 667//6
f 444//1 666//1 665//1
f 665//1 443//1 444//1
f 444//2 671//2 674//2
f 674//2 666//2 444//2
f 672//3 671//3 444//3
f 444//3 443//3 672//3
f 666//4 674//4 673//4
f 673//4 665//4 666//4
f 665//5 673//5 672//5
f 672//5 443//5 665//5
f 671//6 672//6 673//6
f 673//6 674//6 671//6
f 675//1 678//1 677//1
f 677//1 676//1 675//1
f 675//2 679//2 682//2
f 682//2 678//2 675//2
f 680//3 679//3 675//3
f 675//3 676//3 680//3
f 678//4 682//4 681//4
f 681//4 677//4 678//4
f 677//5 681//5 680//5
f 680//5 676//5 677//5
f 679//6 680//6 681//6
f 681//6 682//6 679//6
f 446//1 684//1 683//1
f 683//1 445//1 446//1
f 446//2 448//2 686//2
f 686//2 684//2 446//2
f 447//3 448//3 446//3
f 446//3 445//3 447//3
f 684//4 686//4 685//4
f 685//4 683//4 684//4
f 683//5 685//5 447//5
f 447//5 445//5 683//5
f 448//6 447//6 685//6
f 685//6 686//6 448//6
f 452//1 688//1 687//1
f 687//1 451//1 452//1
f 452//2 455//2 690//2
f 690//2 688//2 452//2
f 454//3 455//3 452//3
f 452//3 451//3 454//3
f 688//4 690//4 689//4
f 689//4 687//4 688//4
f 687//5 689//5 454//5
f 454//5 451//5 687//5
f 455//6 454//6 689//6
f 689//6 690//6 455//6
f 465//1 692//1 691//1
f 691//1 464//1 465//1
f 465//2 467//2 694//2
f 694//2 692//2 465//2
f 466//3 467//3 465//3
f 465//3 464//3 466//3
f 692//4 694//4 693//4
f 693//4 691//4 692//4
f 691//5 693//5 466//5
f 466//5 464//5 691//5
f 467//6 466//6 693//6
f 693//6 694//6 467//6
f 448//1 686//1 685//1
f 685//1 447//1 448//1
f 448//2 469//2 696//2
f 696//2 686//2 448//2
f 468//3 469//3 448//3
f 448//3 447//3 468//3
f 686//4 696//4 695//4
f 695//4 685//4 686//4
f 685//5 695//5 468//5
f 468//5 447//5 685//5
f 469//6 468//6 695//6
f 695//6 696//6 469//6
f 447//1 685//1 697//1
f 697//1 471//1 447//1
f 447//2 468//2 695//2
f 695//2 685//2 447//2
f 473//3 468//3 447//3
f 447//3 471//3 473//3
f 685//4 695//4 698//4
f 698//4 697//4 685//4
f 697//5 698//5 473//5
f 473//5 471//5 697//5
f 468//6 473//6 698//6
f 698//6 695//6 468//6
f 454//1 689//1 699//1
f 699//1 461//1 454//1
f 454//2 475//2 701//2
f 701//2 689//2 454//2
f 477//3 475//3 454//3
f 454//3 461//3 477//3
f 689//4 701//4 700//4
f 700//4 699//4 689//4
f 699//5 700//5 477//5
f 477//5 461//5 699//5
f 475//6 477//6 700//6
f 700//6 701//6 475//6
f 467//1 694//1 693//1
f 693//1 466//1 467//1
f 467//2 480//2 703//2
f 703//2 694//2 467//2
f 479//3 480//3 467//3
f 467//3 466//3 479//3
f 694//4 703//4 702//4
f 702//4 693//4 694//4
f 693//5 702//5 479//5
f 479//5 466//5 693//5
f 480//6 479//6 702//6
f 702//6 703//6 480//6
f 482//1 705//1 704//1
f 704//1 481//1 482//1
f 482//2 484//2 707//2
f 707//2 705//2 482//2
f 483//3 484//3 482//3
f 482//3 481//3 483//3
f 705//4 707//4 706//4
f 706//4 704//4 705//4
f 704//5 706//5 483//5
f 483//5 481//5 704//5
f 484//6 483//6 706//6
f 706//6 707//6 484//6
f 481//1 704//1 708//1
f 708//1 486//1 481//1
f 481//2 483//2 706//2
f 706//2 704//2 481//2
f 488//3 483//3 481//3
f 481//3 486//3 488//3
f 704//4 706//4 709//4
f 709//4 708//4 704//4
f 708//5 709//5 488//5
f 488//5 486//5 708//5
f 483//6 488//6 709//6
f 709//6 706//6 483//6
f 486//1 708//1 710//1
f 710//1 490//1 486//1
f 486//2 488//2 709//2
f 709//2 708//2 486//2
f 492//3 488//3 486//3
f 486//3 490//3 492//3
f 708//4 709//4 711//4
f 711//4 710//4 708//4
f 710//5 711//5 492//5
f 492//5 490//5 710//5
f 488//6 492//6 711//6
f 711//6 709//6 488//6
f 490//1 710//1 712//1
f 712//1 496//1 490//1
f 490//2 492//2 711//2
f 711//2 710//2 490//2
f 500//3 492//3 490//3
f 490//3 496//3 500//3
f 710//4 711//4 713//4
f 713//4 712//4 710//4
f 712//5 713//5 500//5
f 500//5 496//5 712//5
f 492//6 500//6 713//6
f 713//6 711//6 492//6
f 496//1 712//1 714//1
f 714//1 495//1 496//1
f 496//2 500//2 713//2
f 713//2 712//2 496//2
f 499//3 500//3 496//3
f 496//3 495//3 499//3
f 712//4 713//4 715//4
f 715//4 714//4 712//4
f 714//5 715//5 499//5
f 499//5 495//5 714//5
f 500//6 499//6 715//6
f 715//6 713//6 500//6
f 716//1 719//1 718//1
f 718//1 717//1 716//1
f 716//2 720//2 723//2
f 723//2 719//2 716//2
f 721//3 720//3 716//3
f 716//3 717//3 721//3
f 719//4 723//4 722//4
f 722//4 718//4 719//4
f 718//5 722//5 721//5
f 721//5 717//5 718//5
f 720//6 721//6 722//6
f 722//6 723//6 720//6
f 724//1 727//1 726//1
f 726//1 725//1 724//1
f 724//2 728//2 731//2
f 731//2 727//2 724//2
f 729//3 728//3 724//3
f 724//3 725//3 729//3
f 727//4 731//4 730//4
f 730//4 726//4 727//4
f 726//5 730//5 729//5
f 729//5 725//5 726//5
f 728//6 729//6 730//6
f 730//6 731//6 728//6
f 732//1 735//1 734//1
f 734//1 733//1 732//1
f 732//2 736//2 739//2
f 739//2 735//2 732//2
f 737//3 736//3 732//3
f 732//3 733//3 737//3
f 735//4 739//4 738//4
f 738//4 734//4 735//4
f 734//5 738//5 737//5
f 737//5 733//5 734//5
f 736//6 737//6 738//6
f 738//6 739//6 736//6
f 740//1 743//1 742//1
f 742//1 741//1 740//1
f 740//2 744//2 747//2
f 747//2 743//2 740//2
f 745//3 744//3 740//3
f 740//3 741//3 745//3
f 743//4 747//4 746//4
f 746//4 742//4 743//4
f 742//5 746//5 745//5
f 745//5 741//5 742//5
f 744//6 745//6 746//6
f 746//6 747//6 744//6
f 741//1 742//1 749//1
f 749//1 748//1 741//1
f 741//2 745//2 746//2
f 746//2 742//2 741//2
f 750//3 745//3 741//3
f 741//3 748//3 750//3
f 742//4 746//4 751//4
f 751//4 749//4 742//4
f 749//5 751//5 750//5
f 750//5 748//5 749//5
f 745//6 750//6 751//6
f 751//6 746//6 745//6
f 748//1 749//1 753//1
f 753//1 752//1 748//1
f 748//2 750//2 751//2
f 751//2 749//2 748//2
f 754//3 750//3 748//3
f 748//3 752//3 754//3
f 749//4 751//4 755//4
f 755//4 753//4 749//4
f 753//5 755//5 754//5
f 754//5 752//5 753//5
f 750//6 754//6 755//6
f 755//6 751//6 750//6
f 756//1 759//1 758//1
f 758//1 757//1 756//1
f 756//2 760//2 763//2
f 763//2 759//2 756//2
f 761//3 760//3 756//3
f 756//3 757//3 761//3
f 759//4 763//4 762//4
f 762//4 758//4 759//4
f 758//5 762//5 761//5
f 761//5 757//5 758//5
f 760//6 761//6 762//6
f 762//6 763//6 760//6
f 757//1 758//1 765//1
f 765//1 764//1 757//1
f 757//2 761//2 762//2
f 762//2 758//2 757//2
f 766//3 761//3 757//3
f 757//3 764//3 766//3
f 758//4 762//4 767//4
f 767//4 765//4 758//4
f 765//5 767//5 766//5
f 766//5 764//5 765//5
f 761//6 766//6 767//6
f 767//6 762//6 761//6
f 768//1 771//1 770//1
f 770//1 769//1 768//1
f 768//2 772//2 775//2
f 775//2 771//2 768//2
f 773//3 772//3 768//3
f 768//3 769//3 773//3
f 771//4 775//4 774//4
f 774//4 770//4 771//4
f 770//5 774//5 773//5
f 773//5 769//5 770//5
f 772//6 773//6 774//6
f 774//6 775//6 772//6
f 769//1 770//1 776//1
f 776//1 502//1 769//1
f 769//2 773//2 774//2
f 774//2 770//2 769//2
f 504//3 773//3 769//3
f 769//3 502//3 504//3
f 770//4 774//4 777//4
f 777//4 776//4 770//4
f 776//5 777//5 504//5
f 504//5 502//5 776//5
f 773//6 504//6 777//6
f 777//6 774//6 773//6
f 778//1 781//1 780//1
f 780//1 779//1 778//1
f 778//2 782//2 785//2
f 785//2 781//2 778//2
f 783//3 782//3 778//3
f 778//3 779//3 783//3
f 781//4 785//4 784//4
f 784//4 780//4 781//4
f 780//5 784//5 783//5
f 783//5 779//5 780//5
f 782//6 783//6 784//6
f 784//6 785//6 782//6
f 786//1 789//1 788//1
f 788//1 787//1 786//1
f 786//2 790//2 793//2
f 793//2 789//2 786//2
f 791//3 790//3 786//3
f 786//3 787//3 791//3
f 789//4 793//4 792//4
f 792//4 788//4 789//4
f 788//5 792//5 791//5
f 791//5 787//5 788//5
f 790//6 791//6 792//6
f 792//6 793//6 790//6
f 514//1 795//1 794//1
f 794//1 513//1 514//1
f 514//2 516//2 797//2
f 797//2 795//2 514//2
f 515//3 516//3 514//3
f 514//3 513//3 515//3
f 795//4 797//4 796//4
f 796//4 794//4 795//4
f 794//5 796//5 515//5
f 515//5 513//5 794//5
f 516//6 515//6 796//6
f 796//6 797//6 516//6
f 517//1 799//1 798//1
f 798//1 519//1 517//1
f 517//2 518//2 801//2
f 801//2 799//2 517//2
f 520//3 518//3 517//3
f 517//3 519//3 520//3
f 799//4 801//4 800//4
f 800//4 798//4 799//4
f 798//5 800//5 520//5
f 520//5 519//5 798//5
f 518//6 520//6 800//6
f 800//6 801//6 518//6
f 519//1 798//1 802//1
f 802//1 521//1 519//1
f 519//2 520//2 800//2
f 800//2 798//2 519//2
f 522//3 520//3 519//3
f 519//3 521//3 522//3
f 798//4 800//4 803//4
f 803//4 802//4 798//4
f 802//5 803//5 522//5
f 522//5 521//5 802//5
f 520//6 522//6 803//6
f 803//6 800//6 520//6
f 521//1 802//1 804//1
f 804//1 523//1 521//1
f 521//2 522//2 803//2
f 803//2 802//2 521//2
f 524//3 522//3 521//3
f 521//3 523//3 524//3
f 802//4 803//4 805//4
f 805//4 804//4 802//4
f 804//5 805//5 524//5
f 524//5 523//5 804//5
f 522//6 524//6 805//6
f 805//6 803//6 522//6
f 526//1 807//1 806//1
f 806//1 525//1 526//1
f 526//2 528//2 809//2
f 809//2 807//2 526//2
f 527//3 528//3 526//3
f 526//3 525//3 527//3
f 807//4 809//4 808//4
f 808//4 806//4 807//4
f 806//5 808//5 527//5
f 527//5 525//5 806//5
f 528//6 527//6 808//6
f 808//6 809//6 528//6
f 530//1 811//1 810//1
f 810//1 529//1 530//1
f 530//2 532//2 813//2
f 813//2 811//2 530//2
f 531//3 532//3 530//3
f 530//3 529//3 531//3
f 811//4 813//4 812//4
f 812//4 810//4 811//4
f 810//5 812//5 531//5
f 531//5 529//5 810//5
f 532//6 531//6 812//6
f 812//6 813//6 532//6
f 534//1 815//1 814//1
f 814//1 533//1 534//1
f 534//2 536//2 817//2
f 817//2 815//2 534//2
f 535//3 536//3 534//3
f 534//3 533//3 535//3
f 815//4 817//4 816//4
f 816//4 814//4 815//4
f 814//5 816//5 535//5
f 535//5 533//5 814//5
f 536//6 535//6 816//6
f 816//6 817//6 536//6
f 538//1 819//1 818//1
f 818//1 537//1 538//1
f 538//2 540//2 821//2
f 821//2 819//2 538//2
f 539//3 540//3 538//3
f 538//3 537//3 539//3
f 819//4 821//4 820//4
f 820//4 818//4 819//4
f 818//5 820//5 539//5
f 539//5 537//5 818//5
f 540//6 539//6 820//6
f 820//6 821//6 540//6
f 537//1 818//1 822//1
f 822//1 541//1 537//1
f 537//2 539//2 820//2
f 820//2 818//2 537//2
f 542//3 539//3 537//3
f 537//3 541//3 542//3
f 818//4 820//4 823//4
f 823//4 822//4 818//4
f 822//5 823//5 542//5
f 542//5 541//5 822//5
f 539//6 542//6 823//6
f 823//6 820//6 539//6
f 541//1 822//1 824//1
f 824//1 543//1 541//1
f 541//2 542//2 823//2
f 823//2 822//2 541//2
f 544//3 542//3 541//3
f 541//3 543//3 544//3
f 822//4 823//4 825//4
f 825//4 824//4 822//4
f 824//5 825//5 544//5
f 544//5 543//5 824//5
f 542//6 544//6 825//6
f 825//6 823//6 542//6
f 546//1 827//1 826//1
f 826//1 545//1 546//1
f 546//2 548//2 829//2
f 829//2 827//2 546//2
f 547//3 548//3 546//3
f 546//3 545//3 547//3
f 827//4 829//4 828//4
f 828//4 826//4 827//4
f 826//5 828//5 547//5
f 547//5 545//5 826//5
f 548//6 547//6 828//6
f 828//6 829//6 548//6
f 545//1 826//1 830//1
f 830//1 549//1 545//1
f 545//2 547//2 828//2
f 828//2 826//2 545//2
f 550//3 547//3 545//3
f 545//3 549//3 550//3
f 826//4 828//4 831//4
f 831//4 830//4 826//4
f 830//5 831//5 550//5
f 550//5 549//5 830//5
f 547//6 550//6 831//6
f 831//6 828//6 547//6
f 552//1 833//1 832//1
f 832//1 551//1 552//1
f 552//2 554//2 835//2
f 835//2 833//2 552//2
f 553//3 554//3 552//3
f 552//3 551//3 553//3
f 833//4 835//4 834//4
f 834//4 832//4 833//4
f 832//5 834//5 553//5
f 553//5 551//5 832//5
f 554//6 553//6 834//6
f 834//6 835//6 554//6
f 551//1 832//1 836//1
f 836//1 555//1 551//1
f 551//2 553//2 834//2
f 834//2 832//2 551//2
f 556//3 553//3 551//3
f 551//3 555//3 556//3
f 832//4 834//4 837//4
f 837//4 836//4 832//4
f 836//5 837//5 556//5
f 556//5 555//5 836//5
f 553//6 556//6 837//6
f 837//6 834//6 553//6
f 555//1 836//1 838//1
f 838//1 557//1 555//1
f 555//2 556//2 837//2
f 837//2 836//2 555//2
f 558//3 556//3 555//3
f 555//3 557//3 558//3
f 836//4 837//4 839//4
f 839//4 838//4 836//4
f 838//5 839//5 558//5
f 558//5 557//5 838//5
f 556//6 558//6 839//6
f 839//6 837//6 556//6
f 560//1 841//1 840//1
f 840//1 559//1 560//1
f 560//2 562//2 843//2
f 843//2 841//2 560//2
f 561//3 562//3 560//3
f 560//3 559//3 561//3
f 841//4 843//4 842//4
f 842//4 840//4 841//4
f 840//5 842//5 561//5
f 561//5 559//5 840//5
f 562//6 561//6 842//6
f 842//6 843//6 562//6
f 564//1 845//1 844//1
f 844//1 563//1 564//1
f 564//2 566//2 847//2
f 847//2 845//2 564//2
f 565//3 566//3 564//3
f 564//3 563//3 565//3
f 845//4 847//4 846//4
f 846//4 844//4 845//4
f 844//5 846//5 565//5
f 565//5 563//5 844//5
f 566//6 565//6 846//6
f 846//6 847//6 566//6
f 568//1 849//1 848//1
f 848//1 567//1 568//1
f 568//2 570//2 851//2
f 851//2 849//2 568//2
f 569//3 570//3 568//3
f 568//3 567//3 569//3
f 849//4 851//4 850//4
f 850//4 848//4 849//4
f 848//5 850//5 569//5
f 569//5 567//5 848//5
f 570//6 569//6 850//6
f 850//6 851//6 570//6
f 572//1 853//1 852//1
f 852//1 571//1 572//1
f 572//2 574//2 855//2
f 855//2 853//2 572//2
f 573//3 574//3 572//3
f 572//3 571//3 573//3
f 853//4 855//4 854//4
f 854//4 852//4 853//4
f 852//5 854//5 573//5
f 573//5 571//5 852//5
f 574//6 573//6 854//6
f 854//6 855//6 574//6
f 576//1 857//1 856//1
f 856//1 575//1 576//1
f 576//2 578//2 859//2
f 859//2 857//2 576//2
f 577//3 578//3 576//3
f 576//3 575//3 577//3
f 857//4 859//4 858//4
f 858//4 856//4 857//4
f 856//5 858//5 577//5
f 577//5 575//5 856//5
f 578//6 577//6 858//6
f 858//6 859//6 578//6
f 575//1 856//1 861//1
f 861//1 860//1 575//1
f 575//2 577//2 858//2
f 858//2 856//2 575//2
f 862//3 577//3 575//3
f 575//3 860//3 862//3
f 856//4 858//4 863//4
f 863//4 861//4 856//4
f 861//5 863//5 862//5
f 862//5 860//5 861//5
f 577//6 862//6 863//6
f 863//6 858//6 577//6
f 516//1 797//1 796//1
f 796//1 515//1 516//1
f 516//2 580//2 865//2
f 865//2 797//2 516//2
f 579//3 580//3 516//3
f 516//3 515//3 579//3
f 797//4 865//4 864//4
f 864//4 796//4 797//4
f 796//5 864//5 579//5
f 579//5 515//5 796//5
f 580//6 579//6 864//6
f 864//6 865//6 580//6
f 574//1 855//1 854//1
f 854//1 573//1 574//1
f 574//2 609//2 867//2
f 867//2 855//2 574//2
f 608//3 609//3 574//3
f 574//3 573//3 608//3
f 855//4 867//4 866//4
f 866//4 854//4 855//4
f 854//5 866//5 608//5
f 608//5 573//5 854//5
f 609//6 608//6 866//6
f 866//6 867//6 609//6
f 578//1 859//1 858//1
f 858//1 577//1 578//1
f 578//2 611//2 869//2
f 869//2 859//2 578//2
f 610//3 611//3 578//3
f 578//3 577//3 610//3
f 859//4 869//4 868//4
f 868//4 858//4 859//4
f 858//5 868//5 610//5
f 610//5 577//5 858//5
f 611//6 610//6 868//6
f 868//6 869//6 611//6
f 577//1 858//1 863//1
f 863//1 862//1 577//1
f 577//2 610//2 868//2
f 868//2 858//2 577//2
f 870//3 610//3 577//3
f 577//3 862//3 870//3
f 858//4 868//4 871//4
f 871//4 863//4 858//4
f 863//5 871//5 870//5
f 870//5 862//5 863//5
f 610//6 870//6 871//6
f 871//6 868//6 610//6
f 580//1 865//1 864//1
f 864//1 579//1 580//1
f 580//2 613//2 873//2
f 873//2 865//2 580//2
f 612//3 613//3 580//3
f 580//3 579//3 612//3
f 865//4 873//4 872//4
f 872//4 864//4 865//4
f 864//5 872//5 612//5
f 612//5 579//5 864//5
f 613//6 612//6 872//6
f 872//6 873//6 613//6
f 582//1 875//1 874//1
f 874//1 581//1 582//1
f 582//2 614//2 877//2
f 877//2 875//2 582//2
f 615//3 614//3 582//3
f 582//3 581//3 615//3
f 875//4 877//4 876//4
f 876//4 874//4 875//4
f 874//5 876//5 615//5
f 615//5 581//5 874//5
f 614//6 615//6 876//6
f 876//6 877//6 614//6
f 581//1 874//1 878//1
f 878//1 583//1 581//1
f 581//2 615//2 876//2
f 876//2 874//2 581//2
f 617//3 615//3 581//3
f 581//3 583//3 617//3
f 874//4 876//4 879//4
f 879//4 878//4 874//4
f 878//5 879//5 617//5
f 617//5 583//5 878//5
f 615//6 617//6 879//6
f 879//6 876//6 615//6
f 583//1 878//1 880//1
f 880//1 584//1 583//1
f 583//2 617//2 879//2
f 879//2 878//2 583//2
f 619//3 617//3 583//3
f 583//3 584//3 619//3
f 878//4 879//4 881//4
f 881//4 880//4 878//4
f 880//5 881//5 619//5
f 619//5 584//5 880//5
f 617//6 619//6 881//6
f 881//6 879//6 617//6
f 586//1 883//1 882//1
f 882//1 585//1 586//1
f 586//2 623//2 885//2
f 885//2 883//2 586//2
f 622//3 623//3 586//3
f 586//3 585//3 622//3
f 883//4 885//4 884//4
f 884//4 882//4 883//4
f 882//5 884//5 622//5
f 622//5 585//5 882//5
f 623//6 622//6 884//6
f 884//6 885//6 623//6
f 588//1 887//1 886//1
f 886//1 587//1 588//1
f 588//2 627//2 889//2
f 889//2 887//2 588//2
f 626//3 627//3 588//3
f 588//3 587//3 626//3
f 887//4 889//4 888//4
f 888//4 886//4 887//4
f 886//5 888//5 626//5
f 626//5 587//5 886//5
f 627//6 626//6 888//6
f 888//6 889//6 627//6
f 590//1 891//1 890//1
f 890//1 589//1 590//1
f 590//2 631//2 893//2
f 893//2 891//2 590//2
f 630//3 631//3 590//3
f 590//3 589//3 630//3
f 891//4 893//4 892//4
f 892//4 890//4 891//4
f 890//5 892//5 630//5
f 630//5 589//5 890//5
f 631//6 630//6 892//6
f 892//6 893//6 631//6
f 592//1 895//1 894//1
f 894//1 591//1 592//1
f 592//2 633//2 897//2
f 897//2 895//2 592//2
f 632//3 633//3 592//3
f 592//3 591//3 632//3
f 895//4 897//4 896//4
f 896//4 894//4 895//4
f 894//5 896//5 632//5
f 632//5 591//5 894//5
f 633//6 632//6 896//6
f 896//6 897//6 633//6
f 591//1 894//1 898//1
f 898//1 593//1 591//1
f 591//2 632//2 896//2
f 896//2 894//2 591//2
f 634//3 632//3 591//3
f 591//3 593//3 634//3
f 894//4 896//4 899//4
f 899//4 898//4 894//4
f 898//5 899//5 634//5
f 634//5 593//5 898//5
f 632//6 634//6 899//6
f 899//6 896//6 632//6
f 593//1 898//1 900//1
f 900//1 594//1 593//1
f 593//2 634//2 899//2
f 899//2 898//2 593//2
f 636//3 634//3 593//3
f 593//3 594//3 636//3
f 898//4 899//4 901//4
f 901//4 900//4 898//4
f 900//5 901//5 636//5
f 636//5 594//5 900//5
f 634//6 636//6 901//6
f 901//6 899//6 634//6
f 596//1 903//1 902//1
f 902//1 595//1 596//1
f 596//2 640//2 905//2
f 905//2 903//2 596//2
f 639//3 640//3 596//3
f 596//3 595//3 639//3
f 903//4 905//4 904//4
f 904//4 902//4 903//4
f 902//5 904//5 639//5
f 639//5 595//5 902//5
f 640//6 639//6 904//6
f 904//6 905//6 640//6
f 595//1 902//1 906//1
f 906//1 597//1 595//1
f 595//2 639//2 904//2
f 904//2 902//2 595//2
f 642//3 639//3 595//3
f 595//3 597//3 642//3
f 902//4 904//4 907//4
f 907//4 906//4 902//4
f 906//5 907//5 642//5
f 642//5 597//5 906//5
f 639//6 642//6 907//6
f 907//6 904//6 639//6
f 599//1 909//1 908//1
f 908//1 598//1 599//1
f 599//2 644//2 911//2
f 911//2 909//2 599//2
f 643//3 644//3 599//3
f 599//3 598//3 643//3
f 909//4 911//4 910//4
f 910//4 908//4 909//4
f 908//5 910//5 643//5
f 643//5 598//5 908//5
f 644//6 643//6 910//6
f 910//6 911//6 644//6
f 598//1 908//1 912//1
f 912//1 600//1 598//1
f 598//2 643//2 910//2
f 910//2 908//2 598//2
f 646//3 643//3 598//3
f 598//3 600//3 646//3
f 908//4 910//4 913//4
f 913//4 912//4 908//4
f 912//5 913//5 646//5
f 646//5 600//5 912//5
f 643//6 646//6 913//6
f 913//6 910//6 643//6
f 600//1 912//1 914//1
f 914//1 601//1 600//1
f 600//2 646//2 913//2
f 913//2 912//2 600//2
f 648//3 646//3 600//3
f 600//3 601//3 648//3
f 912//4 913//4 915//4
f 915//4 914//4 912//4
f 914//5 915//5 648//5
f 648//5 601//5 914//5
f 646//6 648//6 915//6
f 915//6 913//6 646//6
f 603//1 917//1 916//1
f 916//1 602//1 603//1
f 603//2 652//2 919//2
f 919//2 917//2 603//2
f 651//3 652//3 603//3
f 603//3 602//3 651//3
f 917//4 919//4 918//4
f 918//4 916//4 917//4
f 916//5 918//5 651//5
f 651//5 602//5 916//5
f 652//6 651//6 918//6
f 918//6 919//6 652//6
f 605//1 921//1 920//1
f 920//1 604//1 605//1
f 605//2 656//2 923//2
f 923//2 921//2 605//2
f 655//3 656//3 605//3
f 605//3 604//3 655//3
f 921//4 923//4 922//4
f 922//4 920//4 921//4
f 920//5 922//5 655//5
f 655//5 604//5 920//5
f 656//6 655//6 922//6
f 922//6 923//6 656//6
f 607//1 925//1 924//1
f 924//1 606//1 607//1
f 607//2 660//2 927//2
f 927//2 925//2 607//2
f 659//3 660//3 607//3
f 607//3 606//3 659//3
f 925//4 927//4 926//4
f 926//4 924//4 925//4
f 924//5 926//5 659//5
f 659//5 606//5 924//5
f 660//6 659//6 926//6
f 926//6 927//6 660//6
f 609//1 867//1 866//1
f 866//1 608//1 609//1
f 609//2 664//2 929//2
f 929//2 867//2 609//2
f 663//3 664//3 609//3
f 609//3 608//3 663//3
f 867//4 929//4 928//4
f 928//4 866//4 867//4
f 866//5 928//5 663//5
f 663//5 608//5 866//5
f 664//6 663//6 928//6
f 928//6 929//6 664//6
f 611//1 869//1 868//1
f 868//1 610//1 611//1
f 611//2 930//2 933//2
f 933//2 869//2 611//2
f 931//3 930//3 611//3
f 611//3 610//3 931//3
f 869//4 933//4 932//4
f 932//4 868//4 869//4
f 868//5 932//5 931//5
f 931//5 610//5 868//5
f 930//6 931//6 932//6
f 932//6 933//6 930//6
f 613//1 873//1 872//1
f 872//1 612//1 613//1
f 613//2 666//2 935//2
f 935//2 873//2 613//2
f 665//3 666//3 613//3
f 613//3 612//3 665//3
f 873//4 935//4 934//4
f 934//4 872//4 873//4
f 872//5 934//5 665//5
f 665//5 612//5 872//5
f 666//6 665//6 934//6
f 934//6 935//6 666//6
f 612//1 872//1 877//1
f 877//1 614//1 612//1
f 612//2 665//2 934//2
f 934//2 872//2 612//2
f 668//3 665//3 612//3
f 612//3 614//3 668//3
f 872//4 934//4 936//4
f 936//4 877//4 872//4
f 877//5 936//5 668//5
f 668//5 614//5 877//5
f 665//6 668//6 936//6
f 936//6 934//6 665//6
f 614//1 877//1 876//1
f 876//1 615//1 614//1
f 614//2 668//2 936//2
f 936//2 877//2 614//2
f 670//3 668//3 614//3
f 614//3 615//3 670//3
f 877//4 936//4 937//4
f 937//4 876//4 877//4
f 876//5 937//5 670//5
f 670//5 615//5 876//5
f 668//6 670//6 937//6
f 937//6 936//6 668//6
f 615//1 876//1 879//1
f 879//1 617//1 615//1
f 615//2 670//2 937//2
f 937//2 876//2 615//2
f 938//3 670//3 615//3
f 615//3 617//3 938//3
f 876//4 937//4 939//4
f 939//4 879//4 876//4
f 879//5 939//5 938//5
f 938//5 617//5 879//5
f 670//6 938//6 939//6
f 939//6 937//6 670//6
f 617//1 879//1 881//1
f 881//1 619//1 617//1
f 617//2 938//2 939//2
f 939//2 879//2 617//2
f 940//3 938//3 617//3
f 617//3 619//3 940//3
f 879//4 939//4 941//4
f 941//4 881//4 879//4
f 881//5 941//5 940//5
f 940//5 619//5 881//5
f 938//6 940//6 941//6
f 941//6 939//6 938//6
f 623//1 885//1 884//1
f 884//1 622//1 623//1
f 623//2 942//2 945//2
f 945//2 885//2 623//2
f 943//3 942//3 623//3
f 623//3 622//3 943//3
f 885//4 945//4 944//4
f 944//4 884//4 885//4
f 884//5 944//5 943//5
f 943//5 622//5 884//5
f 942//6 943//6 944//6
f 944//6 945//6 942//6
f 627//1 889//1 888//1
f 888//1 626//1 627//1
f 627//2 946//2 949//2
f 949//2 889//2 627//2
f 947//3 946//3 627//3
f 627//3 626//3 947//3
f 889//4 949//4 948//4
f 948//4 888//4 889//4
f 888//5 948//5 947//5
f 947//5 626//5 888//5
f 946//6 947//6 948//6
f 948//6 949//6 946//6
f 631//1 893//1 892//1
f 892//1 630//1 631//1
f 631//2 950//2 953//2
f 953//2 893//2 631//2
f 951//3 950//3 631//3
f 631//3 630//3 951//3
f 893//4 953//4 952//4
f 952//4 892//4 893//4
f 892//5 952//5 951//5
f 951//5 630//5 892//5
f 950//6 951//6 952//6
f 952//6 953//6 950//6
f 632//1 896//1 899//1
f 899//1 634//1 632//1
f 632//2 954//2 957//2
f 957//2 896//2 632//2
f 955//3 954//3 632//3
f 632//3 634//3 955//3
f 896//4 957//4 956//4
f 956//4 899//4 896//4
f 899//5 956//5 955//5
f 955//5 634//5 899//5
f 954//6 955//6 956//6
f 956//6 957//6 954//6
f 634//1 899//1 901//1
f 901//1 636//1 634//1
f 634//2 955//2 956//2
f 956//2 899//2 634//2
f 958//3 955//3 634//3
f 634//3 636//3 958//3
f 899//4 956//4 959//4
f 959//4 901//4 899//4
f 901//5 959//5 958//5
f 958//5 636//5 901//5
f 955//6 958//6 959//6
f 959//6 956//6 955//6
f 640//1 905//1 904//1
f 904//1 639//1 640//1
f 640//2 960//2 963//2
f 963//2 905//2 640//2
f 961//3 960//3 640//3
f 640//3 639//3 961//3
f 905//4 963//4 962//4
f 962//4 904//4 905//4
f 904//5 962//5 961//5
f 961//5 639//5 904//5
f 960//6 961//6 962//6
f 962//6 963//6 960//6
f 666//1 935//1 934//1
f 934//1 665//1 666//1
f 666//2 674//2 965//2
f 965//2 935//2 666//2
f 673//3 674//3 666//3
f 666//3 665//3 673//3
f 935//4 965//4 964//4
f 964//4 934//4 935//4
f 934//5 964//5 673//5
f 673//5 665//5 934//5
f 674//6 673//6 964//6
f 964//6 965//6 674//6
f 665//1 934//1 936//1
f 936//1 668//1 665//1
f 665//2 673//2 964//2
f 964//2 934//2 665//2
f 966//3 673//3 665//3
f 665//3 668//3 966//3
f 934//4 964//4 967//4
f 967//4 936//4 934//4
f 936//5 967//5 966//5
f 966//5 668//5 936//5
f 673//6 966//6 967//6
f 967//6 964//6 673//6
f 674//1 965//1 964//1
f 964//1 673//1 674//1
f 674//2 968//2 971//2
f 971//2 965//2 674//2
f 969//3 968//3 674//3
f 674//3 673//3 969//3
f 965//4 971//4 970//4
f 970//4 964//4 965//4
f 964//5 970//5 969//5
f 969//5 673//5 964//5
f 968//6 969//6 970//6
f 970//6 971//6 968//6
f 972//1 975//1 974//1
f 974//1 973//1 972//1
f 972//2 976//2 979//2
f 979//2 975//2 972//2
f 977//3 976//3 972//3
f 972//3 973//3 977//3
f 975//4 979//4 978//4
f 978//4 974//4 975//4
f 974//5 978//5 977//5
f 977//5 973//5 974//5
f 976//6 977//6 978//6
f 978//6 979//6 976//6
f 980//1 983//1 982//1
f 982//1 981//1 980//1
f 980//2 984//2 987//2
f 987//2 983//2 980//2
f 985//3 984//3 980//3
f 980//3 981//3 985//3
f 983//4 987//4 986//4
f 986//4 982//4 983//4
f 982//5 986//5 985//5
f 985//5 981//5 982//5
f 984//6 985//6 986//6
f 986//6 987//6 984//6
f 988//1 991//1 990//1
f 990//1 989//1 988//1
f 988//2 992//2 995//2
f 995//2 991//2 988//2
f 993//3 992//3 988//3
f 988//3 989//3 993//3
f 991//4 995//4 994//4
f 994//4 990//4 991//4
f 990//5 994//5 993//5
f 993//5 989//5 990//5
f 992//6 993//6 994//6
f 994//6 995//6 992//6
f 996//1 999//1 998//1
f 998//1 997//1 996//1
f 996//2 1000//2 1003//2
f 1003//2 999//2 996//2
f 1001//3 1000//3 996//3
f 996//3 997//3 1001//3
f 999//4 1003//4 1002//4
f 1002//4 998//4 999//4
f 998//5 1002//5 1001//5
f 1001//5 997//5 998//5
f 1000//6 1001//6 1002//6
f 1002//6 1003//6 1000//6
f 1004//1 1007//1 1006//1
f 1006//1 1005//1 1004//1
f 1004//2 1008//2 1011//2
f 1011//2 1007//2 1004//2
f 1009//3 1008//3 1004//3
f 1004//3 1005//3 1009//3
f 1007//4 1011//4 1010//4
f 1010//4 1006//4 1007//4
f 1006//5 1010//5 1009//5
f 1009//5 1005//5 1006//5
f 1008//6 1009//6 1010//6
f 1010//6 1011//6 1008//6
f 992//1 995//1 994//1
f 994//1 993//1 992//1
f 992//2 1012//2 1015//2
f 1015//2 995//2 992//2
f 1013//3 1012//3 992//3
f 992//3 993//3 1013//3
f 995//4 1015//4 1014//4
f 1014//4 994//4 995//4
f 994//5 1014//5 1013//5
f 1013//5 993//5 994//5
f 1012//6 1013//6 1014//6
f 1014//6 1015//6 1012//6
f 1016//1 1019//1 1018//1
f 1018//1 1017//1 1016//1
f 1016//2 1020//2 1023//2
f 1023//2 1019//2 1016//2
f 1021//3 1020//3 1016//3
f 1016//3 1017//3 1021//3
f 1019//4 1023//4 1022//4
f 1022//4 1018//4 1019//4
f 1018//5 1022//5 1021//5
f 1021//5 1017//5 1018//5
f 1020//6 1021//6 1022//6
f 1022//6 1023//6 1020//6
f 1024//1 1027//1 1026//1
f 1026//1 1025//1 1024//1
f 1024//2 1028//2 1031//2
f 1031//2 1027//2 1024//2
f 1029//3 1028//3 1024//3
f 1024//3 1025//3 1029//3
f 1027//4 1031//4 1030//4
f 1030//4 1026//4 1027//4
f 1026//5 1030//5 1029//5
f 1029//5 1025//5 1026//5
f 1028//6 1029//6 1030//6
f 1030//6 1031//6 1028//6
f 1025//1 1026//1 1033//1
f 1033//1 1032//1 1025//1
f 1025//2 1029//2 1030//2
f 1030//2 1026//2 1025//2
f 1034//3 1029//3 1025//3
f 1025//3 1032//3 1034//3
f 1026//4 1030//4 1035//4
f 1035//4 1033//4 1026//4
f 1033//5 1035//5 1034//5
f 1034//5 1032//5 1033//5
f 1029//6 1034//6 1035//6
f 1035//6 1030//6 1029//6
f 1032//1 1033//1 1037//1
f 1037//1 1036//1 1032//1
f 1032//2 1034//2 1035//2
f 1035//2 1033//2 1032//2
f 1038//3 1034//3 1032//3
f 1032//3 1036//3 1038//3
f 1033//4 1035//4 1039//4
f 1039//4 1037//4 1033//4
f 1037//5 1039//5 1038//5
f 1038//5 1036//5 1037//5
f 1034//6 1038//6 1039//6
f 1039//6 1035//6 1034//6
f 1036//1 1037//1 1041//1
f 1041//1 1040//1 1036//1
f 1036//2 1038//2 1039//2
f 1039//2 1037//2 1036//2
f 1042//3 1038//3 1036//3
f 1036//3 1040//3 1042//3
f 1037//4 1039//4 1043//4
f 1043//4 1041//4 1037//4
f 1041//5 1043//5 1042//5
f 1042//5 1040//5 1041//5
f 1038//6 1042//6 1043//6
f 1043//6 1039//6 1038//6
f 1040//1 1041//1 1045//1
f 1045//1 1044//1 1040//1
f 1040//2 1042//2 1043//2
f 1043//2 1041//2 1040//2
f 1046//3 1042//3 1040//3
f 1040//3 1044//3 1046//3
f 1041//4 1043//4 1047//4
f 1047//4 1045//4 1041//4
f 1045//5 1047//5 1046//5
f 1046//5 1044//5 1045//5
f 1042//6 1046//6 1047//6
f 1047//6 1043//6 1042//6
f 1048//1 1051//1 1050//1
f 1050//1 1049//1 1048//1
f 1048//2 1052//2 1055//2
f 1055//2 1051//2 1048//2
f 1053//3 1052//3 1048//3
f 1048//3 1049//3 1053//3
f 1051//4 1055//4 1054//4
f 1054//4 1050//4 1051//4
f 1050//5 1054//5 1053//5
f 1053//5 1049//5 1050//5
f 1052//6 1053//6 1054//6
f 1054//6 1055//6 1052//6
f 1056//1 1059//1 1058//1
f 1058//1 1057//1 1056//1
f 1056//2 1060//2 1063//2
f 1063//2 1059//2 1056//2
f 1061//3 1060//3 1056//3
f 1056//3 1057//3 1061//3
f 1059//4 1063//4 1062//4
f 1062//4 1058//4 1059//4
f 1058//5 1062//5 1061//5
f 1061//5 1057//5 1058//5
f 1060//6 1061//6 1062//6
f 1062//6 1063//6 1060//6
f 1064//1 1067//1 1066//1
f 1066//1 1065//1 1064//1
f 1064//2 1068//2 1071//2
f 1071//2 1067//2 1064//2
f 1069//3 1068//3 1064//3
f 1064//3 1065//3 1069//3
f 1067//4 1071//4 1070//4
f 1070//4 1066//4 1067//4
f 1066//5 1070//5 1069//5
f 1069//5 1065//5 1066//5
f 1068//6 1069//6 1070//6
f 1070//6 1071//6 1068//6
f 1072//1 1075//1 1074//1
f 1074//1 1073//1 1072//1
f 1072//2 1076//2 1079//2
f 1079//2 1075//2 1072//2
f 1077//3 1076//3 1072//3
f 1072//3 1073//3 1077//3
f 1075//4 1079//4 1078//4
f 1078//4 1074//4 1075//4
f 1074//5 1078//5 1077//5
f 1077//5 1073//5 1074//5
f 1076//6 1077//6 1078//6
f 1078//6 1079//6 1076//6
f 1073//1 1074//1 1081//1
f 1081//1 1080//1 1073//1
f 1073//2 1077//2 1078//2
f 1078//2 1074//2 1073//2
f 1082//3 1077//3 1073//3
f 1073//3 1080//3 1082//3
f 1074//4 1078//4 1083//4
f 1083//4 1081//4 1074//4
f 1081//5 1083//5 1082//5
f 1082//5 1080//5 1081//5
f 1077//6 1082//6 1083//6
f 1083//6 1078//6 1077//6
f 1080//1 1081//1 1085//1
f 1085//1 1084//1 1080//1
f 1080//2 1082//2 1083//2
f 1083//2 1081//2 1080//2
f 1086//3 1082//3 1080//3
f 1080//3 1084//3 1086//3
f 1081//4 1083//4 1087//4
f 1087//4 1085//4 1081//4
f 1085//5 1087//5 1086//5
f 1086//5 1084//5 1085//5
f 1082//6 1086//6 1087//6
f 1087//6 1083//6 1082//6
f 1088//1 1091//1 1090//1
f 1090//1 1089//1 1088//1
f 1088//2 1092//2 1095//2
f 1095//2 1091//2 1088//2
f 1093//3 1092//3 1088//3
f 1088//3 1089//3 1093//3
f 1091//4 1095//4 1094//4
f 1094//4 1090//4 1091//4
f 1090//5 1094//5 1093//5
f 1093//5 1089//5 1090//5
f 1092//6 1093//6 1094//6
f 1094//6 1095//6 1092//6
f 1089//1 1090//1 1097//1
f 1097//1 1096//1 1089//1
f 1089//2 1093//2 1094//2
f 1094//2 1090//2 1089//2
f 1098//3 1093//3 1089//3
f 1089//3 1096//3 1098//3
f 1090//4 1094//4 1099//4
f 1099//4 1097//4 1090//4
f 1097//5 1099//5 1098//5
f 1098//5 1096//5 1097//5
f 1093//6 1098//6 1099//6
f 1099//6 1094//6 1093//6
f 1100//1 1103//1 1102//1
f 1102//1 1101//1 1100//1
f 1100//2 1104//2 1107//2
f 1107//2 1103//2 1100//2
f 1105//3 1104//3 1100//3
f 1100//3 1101//3 1105//3
f 1103//4 1107//4 1106//4
f 1106//4 1102//4 1103//4
f 1102//5 1106//5 1105//5
f 1105//5 1101//5 1102//5
f 1104//6 1105//6 1106//6
f 1106//6 1107//6 1104//6
f 1101//1 1102//1 1109//1
f 1109//1 1108//1 1101//1
f 1101//2 1105//2 1106//2
f 1106//2 1102//2 1101//2
f 1110//3 1105//3 1101//3
f 1101//3 1108//3 1110//3
f 1102//4 1106//4 1111//4
f 1111//4 1109//4 1102//4
f 1109//5 1111//5 1110//5
f 1110//5 1108//5 1109//5
f 1105//6 1110//6 1111//6
f 1111//6 1106//6 1105//6
f 1108//1 1109//1 1113//1
f 1113//1 1112//1 1108//1
f 1108//2 1110//2 1111//2
f 1111//2 1109//2 1108//2
f 1114//3 1110//3 1108//3
f 1108//3 1112//3 1114//3
f 1109//4 1111//4 1115//4
f 1115//4 1113//4 1109//4
f 1113//5 1115//5 1114//5
f 1114//5 1112//5 1113//5
f 1110//6 1114//6 1115//6
f 1115//6 1111//6 1110//6
f 1116//1 1119//1 1118//1
f 1118//1 1117//1 1116//1
f 1116//2 1120//2 1123//2
f 1123//2 1119//2 1116//2
f 1121//3 1120//3 1116//3
f 1116//3 1117//3 1121//3
f 1119//4 1123//4 1122//4
f 1122//4 1118//4 1119//4
f 1118//5 1122//5 1121//5
f 1121//5 1117//5 1118//5
f 1120//6 1121//6 1122//6
f 1122//6 1123//6 1120//6
f 1124//1 1127//1 1126//1
f 1126//1 1125//1 1124//1
f 1124//2 1128//2 1131//2
f 1131//2 1127//2 1124//2
f 1129//3 1128//3 1124//3
f 1124//3 1125//3 1129//3
f 1127//4 1131//4 1130//4
f 1130//4 1126//4 1127//4
f 1126//5 1130//5 1129//5
f 1129//5 1125//5 1126//5
f 1128//6 1129//6 1130//6
f 1130//6 1131//6 1128//6
f 1132//1 1135//1 1134//1
f 1134//1 1133//1 1132//1
f 1132//2 1136//2 1139//2
f 1139//2 1135//2 1132//2
f 1137//3 1136//3 1132//3
f 1132//3 1133//3 1137//3
f 1135//4 1139//4 1138//4
f 1138//4 1134//4 1135//4
f 1134//5 1138//5 1137//5
f 1137//5 1133//5 1134//5
f 1136//6 1137//6 1138//6
f 1138//6 1139//6 1136//6
f 1140//1 1143//1 1142//1
f 1142//1 1141//1 1140//1
f 1140//2 1144//2 1147//2
f 1147//2 1143//2 1140//2
f 1145//3 1144//3 1140//3
f 1140//3 1141//3 1145//3
f 1143//4 1147//4 1146//4
f 1146//4 1142//4 1143//4
f 1142//5 1146//5 1145//5
f 1145//5 1141//5 1142//5
f 1144//6 1145//6 1146//6
f 1146//6 1147//6 1144//6
f 1148//1 1151//1 1150//1
f 1150//1 1149//1 1148//1
f 1148//2 1152//2 1155//2
f 1155//2 1151//2 1148//2
f 1153//3 1152//3 1148//3
f 1148//3 1149//3 1153//3
f 1151//4 1155//4 1154//4
f 1154//4 1150//4 1151//4
f 1150//5 1154//5 1153//5
f 1153//5 1149//5 1150//5
f 1152//6 1153//6 1154//6
f 1154//6 1155//6 1152//6
f 1156//1 1159//1 1158//1
f 1158//1 1157//1 1156//1
f 1156//2 1160//2 1163//2
f 1163//2 1159//2 1156//2
f 1161//3 1160//3 1156//3
f 1156//3 1157//3 1161//3
f 1159//4 1163//4 1162//4
f 1162//4 1158//4 1159//4
f 1158//5 1162//5 1161//5
f 1161//5 1157//5 1158//5
f 1160//6 1161//6 1162//6
f 1162//6 1163//6 1160//6
f 1157//1 1158//1 1165//1
f 1165//1 1164//1 1157//1
f 1157//2 1161//2 1162//2
f 1162//2 1158//2 1157//2
f 1166//3 1161//3 1157//3
f 1157//3 1164//3 1166//3
f 1158//4 1162//4 1167//4
f 1167//4 1165//4 1158//4
f 1165//5 1167//5 1166//5
f 1166//5 1164//5 1165//5
f 1161//6 1166//6 1167//6
f 1167//6 1162//6 1161//6
f 1168//1 1171//1 1170//1
f 1170//1 1169//1 1168//1
f 1168//2 1172//2 1175//2
f 1175//2 1171//2 1168//2
f 1173//3 1172//3 1168//3
f 1168//3 1169//3 1173//3
f 1171//4 1175//4 1174//4
f 1174//4 1170//4 1171//4
f 1170//5 1174//5 1173//5
f 1173//5 1169//5 1170//5
f 1172//6 1173//6 1174//6
f 1174//6 1175//6 1172//6
f 1176//1 1179//1 1178//1
f 1178//1 1177//1 1176//1
f 1176//2 1180//2 1183//2
f 1183//2 1179//2 1176//2
f 1181//3 1180//3 1176//3
f 1176//3 1177//3 1181//3
f 1179//4 1183//4 1182//4
f 1182//4 1178//4 1179//4
f 1178//5 1182//5 1181//5
f 1181//5 1177//5 1178//5
f 1180//6 1181//6 1182//6
f 1182//6 1183//6 1180//6
f 1177//1 1178//1 1185//1
f 1185//1 1184//1 1177//1
f 1177//2 1181//2 1182//2
f 1182//2 1178//2 1177//2
f 1186//3 1181//3 1177//3
f 1177//3 1184//3 1186//3
f 1178//4 1182//4 1187//4
f 1187//4 1185//4 1178//4
f 1185//5 1187//5 1186//5
f 1186//5 1184//5 1185//5
f 1181//6 1186//6 1187//6
f 1187//6 1182//6 1181//6
f 1188//1 1191//1 1190//1
f 1190//1 1189//1 1188//1
f 1188//2 1192//2 1195//2
f 1195//2 1191//2 1188//2
f 1193//3 1192//3 1188//3
f 1188//3 1189//3 1193//3
f 1191//4 1195//4 1194//4
f 1194//4 1190//4 1191//4
f 1190//5 1194//5 1193//5
f 1193//5 1189//5 1190//5
f 1192//6 1193//6 1194//6
f 1194//6 1195//6 1192//6
f 1196//1 1199//1 1198//1
f 1198//1 1197//1 1196//1
f 1196//2 1200//2 1203//2
f 1203//2 1199//2 1196//2
f 1201//3 1200//3 1196//3
f 1196//3 1197//3 1201//3
f 1199//4 1203//4 1202//4
f 1202//4 1198//4 1199//4
f 1198//5 1202//5 1201//5
f 1201//5 1197//5 1198//5
f 1200//6 1201//6 1202//6
f 1202//6 1203//6 1200//6
f 1204//1 1207//1 1206//1
f 1206//1 1205//1 1204//1
f 1204//2 1208//2 1211//2
f 1211//2 1207//2 1204//2
f 1209//3 1208//3 1204//3
f 1204//3 1205//3 1209//3
f 1207//4 1211//4 1210//4
f 1210//4 1206//4 1207//4
f 1206//5 1210//5 1209//5
f 1209//5 1205//5 1206//5
f 1208//6 1209//6 1210//6
f 1210//6 1211//6 1208//6
f 1212//1 1215//1 1214//1
f 1214//1 1213//1 1212//1
f 1212//2 1216//2 1219//2
f 1219//2 1215//2 1212//2
f 1217//3 1216//3 1212//3
f 1212//3 1213//3 1217//3
f 1215//4 1219//4 1218//4
f 1218//4 1214//4 1215//4
f 1214//5 1218//5 1217//5
f 1217//5 1213//5 1214//5
f 1216//6 1217//6 1218//6
f 1218//6 1219//6 1216//6
f 1220//1 1223//1 1222//1
f 1222//1 1221//1 1220//1
f 1220//2 1224//2 1227//2
f 1227//2 1223//2 1220//2
f 1225//3 1224//3 1220//3
f 1220//3 1221//3 1225//3
f 1223//4 1227//4 1226//4
f 1226//4 1222//4 1223//4
f 1222//5 1226//5 1225//5
f 1225//5 1221//5 1222//5
f 1224//6 1225//6 1226//6
f 1226//6 1227//6 1224//6
f 1221//1 1222//1 1229//1
f 1229//1 1228//1 1221//1
f 1221//2 1225//2 1226//2
f 1226//2 1222//2 1221//2
f 1230//3 1225//3 1221//3
f 1221//3 1228//3 1230//3
f 1222//4 1226//4 1231//4
f 1231//4 1229//4 1222//4
f 1229//5 1231//5 1230//5
f 1230//5 1228//5 1229//5
f 1225//6 1230//6 1231//6
f 1231//6 1226//6 1225//6
f 1228//1 1229//1 1233//1
f 1233//1 1232//1 1228//1
f 1228//2 1230//2 1231//2
f 1231//2 1229//2 1228//2
f 1234//3 1230//3 1228//3
f 1228//3 1232//3 1234//3
f 1229//4 1231//4 1235//4
f 1235//4 1233//4 1229//4
f 1233//5 1235//5 1234//5
f 1234//5 1232//5 1233//5
f 1230//6 1234//6 1235//6
f 1235//6 1231//6 1230//6
f 1232//1 1233//1 1237//1
f 1237//1 1236//1 1232//1
f 1232//2 1234//2 1235//2
f 1235//2 1233//2 1232//2
f 1238//3 1234//3 1232//3
f 1232//3 1236//3 1238//3
f 1233//4 1235//4 1239//4
f 1239//4 1237//4 1233//4
f 1237//5 1239//5 1238//5
f 1238//5 1236//5 1237//5
f 1234//6 1238//6 1239//6
f 1239//6 1235//6 1234//6
f 1172//1 1175//1 1174//1
f 1174//1 1173//1 1172//1
f 1172//2 1240//2 1243//2
f 1243//2 1175//2 1172//2
f 1241//3 1240//3 1172//3
f 1172//3 1173//3 1241//3
f 1175//4 1243//4 1242//4
f 1242//4 1174//4 1175//4
f 1174//5 1242//5 1241//5
f 1241//5 1173//5 1174//5
f 1240//6 1241//6 1242//6
f 1242//6 1243//6 1240//6
f 1224//1 1227//1 1226//1
f 1226//1 1225//1 1224//1
f 1224//2 1244//2 1247//2
f 1247//2 1227//2 1224//2
f 1245//3 1244//3 1224//3
f 1224//3 1225//3 1245//3
f 1227//4 1247//4 1246//4
f 1246//4 1226//4 1227//4
f 1226//5 1246//5 1245//5
f 1245//5 1225//5 1226//5
f 1244//6 1245//6 1246//6
f 1246//6 1247//6 1244//6
f 1225//1 1226//1 1231//1
f 1231//1 1230//1 1225//1
f 1225//2 1245//2 1246//2
f 1246//2 1226//2 1225//2
f 1248//3 1245//3 1225//3
f 1225//3 1230//3 1248//3
f 1226//4 1246//4 1249//4
f 1249//4 1231//4 1226//4
f 1231//5 1249//5 1248//5
f 1248//5 1230//5 1231//5
f 1245//6 1248//6 1249//6
f 1249//6 1246//6 1245//6
f 1230//1 1231//1 1235//1
f 1235//1 1234//1 1230//1
f 1230//2 1248//2 1249//2
f 1249//2 1231//2 1230//2
f 1250//3 1248//3 1230//3
f 1230//3 1234//3 1250//3
f 1231//4 1249//4 1251//4
f 1251//4 1235//4 1231//4
f 1235//5 1251//5 1250//5
f 1250//5 1234//5 1235//5
f 1248//6 1250//6 1251//6
f 1251//6 1249//6 1248//6
f 1240//1 1243//1 1242//1
f 1242//1 1241//1 1240//1
f 1240//2 1252//2 1255//2
f 1255//2 1243//2 1240//2
f 1253//3 1252//3 1240//3
f 1240//3 1241//3 1253//3
f 1243//4 1255//4 1254//4
f 1254//4 1242//4 1243//4
f 1242//5 1254//5 1253//5
f 1253//5 1241//5 1242//5
f 1252//6 1253//6 1254//6
f 1254//6 1255//6 1252//6
f 1256//1 1259//1 1258//1
f 1258//1 1257//1 1256//1
f 1256//2 1260//2 1263//2
f 1263//2 1259//2 1256//2
f 1261//3 1260//3 1256//3
f 1256//3 1257//3 1261//3
f 1259//4 1263//4 1262//4
f 1262//4 1258//4 1259//4
f 1258//5 1262//5 1261//5
f 1261//5 1257//5 1258//5
f 1260//6 1261//6 1262//6
f 1262//6 1263//6 1260//6
f 1264//1 1267//1 1266//1
f 1266//1 1265//1 1264//1
f 1264//2 1268//2 1271//2
f 1271//2 1267//2 1264//2
f 1269//3 1268//3 1264//3
f 1264//3 1265//3 1269//3
f 1267//4 1271//4 1270//4
f 1270//4 1266//4 1267//4
f 1266//5 1270//5 1269//5
f 1269//5 1265//5 1266//5
f 1268//6 1269//6 1270//6
f 1270//6 1271//6 1268//6
f 1265//1 1266//1 1273//1
f 1273//1 1272//1 1265//1
f 1265//2 1269//2 1270//2
f 1270//2 1266//2 1265//2
f 1274//3 1269//3 1265//3
f 1265//3 1272//3 1274//3
f 1266//4 1270//4 1275//4
f 1275//4 1273//4 1266//4
f 1273//5 1275//5 1274//5
f 1274//5 1272//5 1273//5
f 1269//6 1274//6 1275//6
f 1275//6 1270//6 1269//6
f 1272//1 1273//1 1277//1
f 1277//1 1276//1 1272//1
f 1272//2 1274//2 1275//2
f 1275//2 1273//2 1272//2
f 1278//3 1274//3 1272//3
f 1272//3 1276//3 1278//3
f 1273//4 1275//4 1279//4
f 1279//4 1277//4 1273//4
f 1277//5 1279//5 1278//5
f 1278//5 1276//5 1277//5
f 1274//6 1278//6 1279//6
f 1279//6 1275//6 1274//6
f 1280//1 1283//1 1282//1
f 1282//1 1281//1 1280//1
f 1280//2 1284//2 1287//2
f 1287//2 1283//2 1280//2
f 1285//3 1284//3 1280//3
f 1280//3 1281//3 1285//3
f 1283//4 1287//4 1286//4
f 1286//4 1282//4 1283//4
f 1282//5 1286//5 1285//5
f 1285//5 1281//5 1282//5
f 1284//6 1285//6 1286//6
f 1286//6 1287//6 1284//6
f 1281//1 1282//1 1289//1
f 1289//1 1288//1 1281//1
f 1281//2 1285//2 1286//2
f 1286//2 1282//2 1281//2
f 1290//3 1285//3 1281//3
f 1281//3 1288//3 1290//3
f 1282//4 1286//4 1291//4
f 1291//4 1289//4 1282//4
f 1289//5 1291//5 1290//5
f 1290//5 1288//5 1289//5
f 1285//6 1290//6 1291//6
f 1291//6 1286//6 1285//6
f 1292//1 1295//1 1294//1
f 1294//1 1293//1 1292//1
f 1292//2 1296//2 1299//2
f 1299//2 1295//2 1292//2
f 1297//3 1296//3 1292//3
f 1292//3 1293//3 1297//3
f 1295//4 1299//4 1298//4
f 1298//4 1294//4 1295//4
f 1294//5 1298//5 1297//5
f 1297//5 1293//5 1294//5
f 1296//6 1297//6 1298//6
f 1298//6 1299//6 1296//6
f 1293//1 1294//1 1301//1
f 1301//1 1300//1 1293//1
f 1293//2 1297//2 1298//2
f 1298//2 1294//2 1293//2
f 1302//3 1297//3 1293//3
f 1293//3 1300//3 1302//3
f 1294//4 1298//4 1303//4
f 1303//4 1301//4 1294//4
f 1301//5 1303//5 1302//5
f 1302//5 1300//5 1301//5
f 1297//6 1302//6 1303//6
f 1303//6 1298//6 1297//6
f 1300//1 1301//1 1305//1
f 1305//1 1304//1 1300//1
f 1300//2 1302//2 1303//2
f 1303//2 1301//2 1300//2
f 1306//3 1302//3 1300//3
f 1300//3 1304//3 1306//3
f 1301//4 1303//4 1307//4
f 1307//4 1305//4 1301//4
f 1305//5 1307//5 1306//5
f 1306//5 1304//5 1305//5
f 1302//6 1306//6 1307//6
f 1307//6 1303//6 1302//6
f 1308//1 1311//1 1310//1
f 1310//1 1309//1 1308//1
f 1308//2 1312//2 1315//2
f 1315//2 1311//2 1308//2
f 1313//3 1312//3 1308//3
f 1308//3 1309//3 1313//3
f 1311//4 1315//4 1314//4
f 1314//4 1310//4 1311//4
f 1310//5 1314//5 1313//5
f 1313//5 1309//5 1310//5
f 1312//6 1313//6 1314//6
f 1314//6 1315//6 1312//6
f 1316//1 1319//1 1318//1
f 1318//1 1317//1 1316//1
f 1316//2 1320//2 1323//2
f 1323//2 1319//2 1316//2
f 1321//3 1320//3 1316//3
f 1316//3 1317//3 1321//3
f 1319//4 1323//4 1322//4
f 1322//4 1318//4 1319//4
f 1318//5 1322//5 1321//5
f 1321//5 1317//5 1318//5
f 1320//6 1321//6 1322//6
f 1322//6 1323//6 1320//6
f 1324//1 1327//1 1326//1
f 1326//1 1325//1 1324//1
f 1324//2 1328//2 1331//2
f 1331//2 1327//2 1324//2
f 1329//3 1328//3 1324//3
f 1324//3 1325//3 1329//3
f 1327//4 1331//4 1330//4
f 1330//4 1326//4 1327//4
f 1326//5 1330//5 1329//5
f 1329//5 1325//5 1326//5
f 1328//6 1329//6 1330//6
f 1330//6 1331//6 1328//6
f 1332//1 1335//1 1334//1
f 1334//1 1333//1 1332//1
f 1332//2 1336//2 1339//2
f 1339//2 1335//2 1332//2
f 1337//3 1336//3 1332//3
f 1332//3 1333//3 1337//3
f 1335//4 1339//4 1338//4
f 1338//4 1334//4 1335//4
f 1334//5 1338//5 1337//5
f 1337//5 1333//5 1334//5
f 1336//6 1337//6 1338//6
f 1338//6 1339//6 1336//6
f 1244//1 1247//1 1246//1
f 1246//1 1245//1 1244//1
f 1244//2 1340//2 1343//2
f 1343//2 1247//2 1244//2
f 1341//3 1340//3 1244//3
f 1244//3 1245//3 1341//3
f 1247//4 1343//4 1342//4
f 1342//4 1246//4 1247//4
f 1246//5 1342//5 1341//5
f 1341//5 1245//5 1246//5
f 1340//6 1341//6 1342//6
f 1342//6 1343//6 1340//6
f 1252//1 1255//1 1254//1
f 1254//1 1253//1 1252//1
f 1252//2 1344//2 1347//2
f 1347//2 1255//2 1252//2
f 1345//3 1344//3 1252//3
f 1252//3 1253//3 1345//3
f 1255//4 1347//4 1346//4
f 1346//4 1254//4 1255//4
f 1254//5 1346//5 1345//5
f 1345//5 1253//5 1254//5
f 1344//6 1345//6 1346//6
f 1346//6 1347//6 1344//6
f 1253//1 1254//1 1349//1
f 1349//1 1348//1 1253//1
f 1253//2 1345//2 1346//2
f 1346//2 1254//2 1253//2
f 1350//3 1345//3 1253//3
f 1253//3 1348//3 1350//3
f 1254//4 1346//4 1351//4
f 1351//4 1349//4 1254//4
f 1349//5 1351//5 1350//5
f 1350//5 1348//5 1349//5
f 1345//6 1350//6 1351//6
f 1351//6 1346//6 1345//6
f 1348//1 1349//1 1353//1
f 1353//1 1352//1 1348//1
f 1348//2 1350//2 1351//2
f 1351//2 1349//2 1348//2
f 1354//3 1350//3 1348//3
f 1348//3 1352//3 1354//3
f 1349//4 1351//4 1355//4
f 1355//4 1353//4 1349//4
f 1353//5 1355//5 1354//5
f 1354//5 1352//5 1353//5
f 1350//6 1354//6 1355//6
f 1355//6 1351//6 1350//6
f 1352//1 1353//1 1357//1
f 1357//1 1356//1 1352//1
f 1352//2 1354//2 1355//2
f 1355//2 1353//2 1352//2
f 1358//3 1354//3 1352//3
f 1352//3 1356//3 1358//3
f 1353//4 1355//4 1359//4
f 1359//4 1357//4 1353//4
f 1357//5 1359//5 1358//5
f 1358//5 1356//5 1357//5
f 1354//6 1358//6 1359//6
f 1359//6 1355//6 1354//6
f 1356//1 1357//1 1361//1
f 1361//1 1360//1 1356//1
f 1356//2 1358//2 1359//2
f 1359//2 1357//2 1356//2
f 1362//3 1358//3 1356//3
f 1356//3 1360//3 1362//3
f 1357//4 1359//4 1363//4
f 1363//4 1361//4 1357//4
f 1361//5 1363//5 1362//5
f 1362//5 1360//5 1361//5
f 1358//6 1362//6 1363//6
f 1363//6 1359//6 1358//6
f 1364//1 1367//1 1366//1
f 1366//1 1365//1 1364//1
f 1364//2 1368//2 1371//2
f 1371//2 1367//2 1364//2
f 1369//3 1368//3 1364//3
f 1364//3 1365//3 1369//3
f 1367//4 1371//4 1370//4
f 1370//4 1366//4 1367//4
f 1366//5 1370//5 1369//5
f 1369//5 1365//5 1366//5
f 1368//6 1369//6 1370//6
f 1370//6 1371//6 1368//6
f 1372//1 1375//1 1374//1
f 1374//1 1373//1 1372//1
f 1372//2 1376//2 1379//2
f 1379//2 1375//2 1372//2
f 1377//3 1376//3 1372//3
f 1372//3 1373//3 1377//3
f 1375//4 1379//4 1378//4
f 1378//4 1374//4 1375//4
f 1374//5 1378//5 1377//5
f 1377//5 1373//5 1374//5
f 1376//6 1377//6 1378//6
f 1378//6 1379//6 1376//6
f 1260//1 1263//1 1262//1
f 1262//1 1261//1 1260//1
f 1260//2 1380//2 1383//2
f 1383//2 1263//2 1260//2
f 1381//3 1380//3 1260//3
f 1260//3 1261//3 1381//3
f 1263//4 1383//4 1382//4
f 1382//4 1262//4 1263//4
f 1262//5 1382//5 1381//5
f 1381//5 1261//5 1262//5
f 1380//6 1381//6 1382//6
f 1382//6 1383//6 1380//6
f 1268//1 1271//1 1270//1
f 1270//1 1269//1 1268//1
f 1268//2 1384//2 1387//2
f 1387//2 1271//2 1268//2
f 1385//3 1384//3 1268//3
f 1268//3 1269//3 1385//3
f 1271//4 1387//4 1386//4
f 1386//4 1270//4 1271//4
f 1270//5 1386//5 1385//5
f 1385//5 1269//5 1270//5
f 1384//6 1385//6 1386//6
f 1386//6 1387//6 1384//6
f 1274//1 1275//1 1279//1
f 1279//1 1278//1 1274//1
f 1274//2 1388//2 1391//2
f 1391//2 1275//2 1274//2
f 1389//3 1388//3 1274//3
f 1274//3 1278//3 1389//3
f 1275//4 1391//4 1390//4
f 1390//4 1279//4 1275//4
f 1279//5 1390//5 1389//5
f 1389//5 1278//5 1279//5
f 1388//6 1389//6 1390//6
f 1390//6 1391//6 1388//6
f 1284//1 1287//1 1286//1
f 1286//1 1285//1 1284//1
f 1284//2 1392//2 1395//2
f 1395//2 1287//2 1284//2
f 1393//3 1392//3 1284//3
f 1284//3 1285//3 1393//3
f 1287//4 1395//4 1394//4
f 1394//4 1286//4 1287//4
f 1286//5 1394//5 1393//5
f 1393//5 1285//5 1286//5
f 1392//6 1393//6 1394//6
f 1394//6 1395//6 1392//6
f 1320//1 1323//1 1322//1
f 1322//1 1321//1 1320//1
f 1320//2 1396//2 1399//2
f 1399//2 1323//2 1320//2
f 1397//3 1396//3 1320//3
f 1320//3 1321//3 1397//3
f 1323//4 1399//4 1398//4
f 1398//4 1322//4 1323//4
f 1322//5 1398//5 1397//5
f 1397//5 1321//5 1322//5
f 1396//6 1397//6 1398//6
f 1398//6 1399//6 1396//6
f 1344//1 1347//1 1346//1
f 1346//1 1345//1 1344//1
f 1344//2 1400//2 1403//2
f 1403//2 1347//2 1344//2
f 1401//3 1400//3 1344//3
f 1344//3 1345//3 1401//3
f 1347//4 1403//4 1402//4
f 1402//4 1346//4 1347//4
f 1346//5 1402//5 1401//5
f 1401//5 1345//5 1346//5
f 1400//6 1401//6 1402//6
f 1402//6 1403//6 1400//6
f 1345//1 1346//1 1351//1
f 1351//1 1350//1 1345//1
f 1345//2 1401//2 1402//2
f 1402//2 1346//2 1345//2
f 1404//3 1401//3 1345//3
f 1345//3 1350//3 1404//3
f 1346//4 1402//4 1405//4
f 1405//4 1351//4 1346//4
f 1351//5 1405//5 1404//5
f 1404//5 1350//5 1351//5
f 1401//6 1404//6 1405//6
f 1405//6 1402//6 1401//6
f 1350//1 1351//1 1355//1
f 1355//1 1354//1 1350//1
f 1350//2 1404//2 1405//2
f 1405//2 1351//2 1350//2
f 1406//3 1404//3 1350//3
f 1350//3 1354//3 1406//3
f 1351//4 1405//4 1407//4
f 1407//4 1355//4 1351//4
f 1355//5 1407//5 1406//5
f 1406//5 1354//5 1355//5
f 1404//6 1406//6 1407//6
f 1407//6 1405//6 1404//6
f 1400//1 1403//1 1402//1
f 1402//1 1401//1 1400//1
f 1400//2 1408//2 1411//2
f 1411//2 1403//2 1400//2
f 1409//3 1408//3 1400//3
f 1400//3 1401//3 1409//3
f 1403//4 1411//4 1410//4
f 1410//4 1402//4 1403//4
f 1402//5 1410//5 1409//5
f 1409//5 1401//5 1402//5
f 1408//6 1409//6 1410//6
f 1410//6 1411//6 1408//6
f 975//1 1413//1 1412//1
f 1412//1 974//1 975//1
f 975//2 979//2 1415//2
f 1415//2 1413//2 975//2
f 978//3 979//3 975//3
f 975//3 974//3 978//3
f 1413//4 1415//4 1414//4
f 1414//4 1412//4 1413//4
f 1412//5 1414//5 978//5
f 978//5 974//5 1412//5
f 979//6 978//6 1414//6
f 1414//6 1415//6 979//6
f 983//1 1417//1 1416//1
f 1416//1 982//1 983//1
f 983//2 987//2 1419//2
f 1419//2 1417//2 983//2
f 986//3 987//3 983//3
f 983//3 982//3 986//3
f 1417//4 1419//4 1418//4
f 1418//4 1416//4 1417//4
f 1416//5 1418//5 986//5
f 986//5 982//5 1416//5
f 987//6 986//6 1418//6
f 1418//6 1419//6 987//6
f 1420//1 1423//1 1422//1
f 1422//1 1421//1 1420//1
f 1420//2 1424//2 1427//2
f 1427//2 1423//2 1420//2
f 1425//3 1424//3 1420//3
f 1420//3 1421//3 1425//3
f 1423//4 1427//4 1426//4
f 1426//4 1422//4 1423//4
f 1422//5 1426//5 1425//5
f 1425//5 1421//5 1422//5
f 1424//6 1425//6 1426//6
f 1426//6 1427//6 1424//6
f 991//1 1429//1 1428//1
f 1428//1 990//1 991//1
f 991//2 995//2 1431//2
f 1431//2 1429//2 991//2
f 994//3 995//3 991//3
f 991//3 990//3 994//3
f 1429//4 1431//4 1430//4
f 1430//4 1428//4 1429//4
f 1428//5 1430//5 994//5
f 994//5 990//5 1428//5
f 995//6 994//6 1430//6
f 1430//6 1431//6 995//6
f 1432//1 1435//1 1434//1
f 1434//1 1433//1 1432//1
f 1432//2 1436//2 1439//2
f 1439//2 1435//2 1432//2
f 1437//3 1436//3 1432//3
f 1432//3 1433//3 1437//3
f 1435//4 1439//4 1438//4
f 1438//4 1434//4 1435//4
f 1434//5 1438//5 1437//5
f 1437//5 1433//5 1434//5
f 1436//6 1437//6 1438//6
f 1438//6 1439//6 1436//6
f 1440//1 1442//1 1441//1
f 1441//1 999//1 1440//1
f 1440//2 1443//2 1445//2
f 1445//2 1442//2 1440//2
f 1003//3 1443//3 1440//3
f 1440//3 999//3 1003//3
f 1442//4 1445//4 1444//4
f 1444//4 1441//4 1442//4
f 1441//5 1444//5 1003//5
f 1003//5 999//5 1441//5
f 1443//6 1003//6 1444//6
f 1444//6 1445//6 1443//6
f 999//1 1441//1 1446//1
f 1446//1 998//1 999//1
f 999//2 1003//2 1444//2
f 1444//2 1441//2 999//2
f 1002//3 1003//3 999//3
f 999//3 998//3 1002//3
f 1441//4 1444//4 1447//4
f 1447//4 1446//4 1441//4
f 1446//5 1447//5 1002//5
f 1002//5 998//5 1446//5
f 1003//6 1002//6 1447//6
f 1447//6 1444//6 1003//6
f 998//1 1446//1 1449//1
f 1449//1 1448//1 998//1
f 998//2 1002//2 1447//2
f 1447//2 1446//2 998//2
f 1450//3 1002//3 998//3
f 998//3 1448//3 1450//3
f 1446//4 1447//4 1451//4
f 1451//4 1449//4 1446//4
f 1449//5 1451//5 1450//5
f 1450//5 1448//5 1449//5
f 1002//6 1450//6 1451//6
f 1451//6 1447//6 1002//6
f 1007//1 1453//1 1452//1
f 1452//1 1006//1 1007//1
f 1007//2 1011//2 1455//2
f 1455//2 1453//2 1007//2
f 1010//3 1011//3 1007//3
f 1007//3 1006//3 1010//3
f 1453//4 1455//4 1454//4
f 1454//4 1452//4 1453//4
f 1452//5 1454//5 1010//5
f 1010//5 1006//5 1452//5
f 1011//6 1010//6 1454//6
f 1454//6 1455//6 1011//6
f 995//1 1431//1 1430//1
f 1430//1 994//1 995//1
f 995//2 1015//2 1457//2
f 1457//2 1431//2 995//2
f 1014//3 1015//3 995//3
f 995//3 994//3 1014//3
f 1431//4 1457//4 1456//4
f 1456//4 1430//4 1431//4
f 1430//5 1456//5 1014//5
f 1014//5 994//5 1430//5
f 1015//6 1014//6 1456//6
f 1456//6 1457//6 1015//6
f 1458//1 1461//1 1460//1
f 1460//1 1459//1 1458//1
f 1458//2 1462//2 1465//2
f 1465//2 1461//2 1458//2
f 1463//3 1462//3 1458//3
f 1458//3 1459//3 1463//3
f 1461//4 1465//4 1464//4
f 1464//4 1460//4 1461//4
f 1460//5 1464//5 1463//5
f 1463//5 1459//5 1460//5
f 1462//6 1463//6 1464//6
f 1464//6 1465//6 1462//6
f 1459//1 1460//1 1467//1
f 1467//1 1466//1 1459//1
f 1459//2 1463//2 1464//2
f 1464//2 1460//2 1459//2
f 1468//3 1463//3 1459//3
f 1459//3 1466//3 1468//3
f 1460//4 1464//4 1469//4
f 1469//4 1467//4 1460//4
f 1467//5 1469//5 1468//5
f 1468//5 1466//5 1467//5
f 1463//6 1468//6 1469//6
f 1469//6 1464//6 1463//6
f 1466//1 1467//1 1471//1
f 1471//1 1470//1 1466//1
f 1466//2 1468//2 1469//2
f 1469//2 1467//2 1466//2
f 1472//3 1468//3 1466//3
f 1466//3 1470//3 1472//3
f 1467//4 1469//4 1473//4
f 1473//4 1471//4 1467//4
f 1471//5 1473//5 1472//5
f 1472//5 1470//5 1471//5
f 1468//6 1472//6 1473//6
f 1473//6 1469//6 1468//6
f 1474//1 1477//1 1476//1
f 1476//1 1475//1 1474//1
f 1474//2 1478//2 1481//2
f 1481//2 1477//2 1474//2
f 1479//3 1478//3 1474//3
f 1474//3 1475//3 1479//3
f 1477//4 1481//4 1480//4
f 1480//4 1476//4 1477//4
f 1476//5 1480//5 1479//5
f 1479//5 1475//5 1476//5
f 1478//6 1479//6 1480//6
f 1480//6 1481//6 1478//6
f 1482//1 1485//1 1484//1
f 1484//1 1483//1 1482//1
f 1482//2 1486//2 1489//2
f 1489//2 1485//2 1482//2
f 1487//3 1486//3 1482//3
f 1482//3 1483//3 1487//3
f 1485//4 1489//4 1488//4
f 1488//4 1484//4 1485//4
f 1484//5 1488//5 1487//5
f 1487//5 1483//5 1484//5
f 1486//6 1487//6 1488//6
f 1488//6 1489//6 1486//6
f 1490//1 1493//1 1492//1
f 1492//1 1491//1 1490//1
f 1490//2 1494//2 1497//2
f 1497//2 1493//2 1490//2
f 1495//3 1494//3 1490//3
f 1490//3 1491//3 1495//3
f 1493//4 1497//4 1496//4
f 1496//4 1492//4 1493//4
f 1492//5 1496//5 1495//5
f 1495//5 1491//5 1492//5
f 1494//6 1495//6 1496//6
f 1496//6 1497//6 1494//6
f 1498//1 1501//1 1500//1
f 1500//1 1499//1 1498//1
f 1498//2 1502//2 1505//2
f 1505//2 1501//2 1498//2
f 1503//3 1502//3 1498//3
f 1498//3 1499//3 1503//3
f 1501//4 1505//4 1504//4
f 1504//4 1500//4 1501//4
f 1500//5 1504//5 1503//5
f 1503//5 1499//5 1500//5
f 1502//6 1503//6 1504//6
f 1504//6 1505//6 1502//6
f 1499//1 1500//1 1507//1
f 1507//1 1506//1 1499//1
f 1499//2 1503//2 1504//2
f 1504//2 1500//2 1499//2
f 1508//3 1503//3 1499//3
f 1499//3 1506//3 1508//3
f 1500//4 1504//4 1509//4
f 1509//4 1507//4 1500//4
f 1507//5 1509//5 1508//5
f 1508//5 1506//5 1507//5
f 1503//6 1508//6 1509//6
f 1509//6 1504//6 1503//6
f 1506//1 1507//1 1511//1
f 1511//1 1510//1 1506//1
f 1506//2 1508//2 1509//2
f 1509//2 1507//2 1506//2
f 1512//3 1508//3 1506//3
f 1506//3 1510//3 1512//3
f 1507//4 1509//4 1513//4
f 1513//4 1511//4 1507//4
f 1511//5 1513//5 1512//5
f 1512//5 1510//5 1511//5
f 1508//6 1512//6 1513//6
f 1513//6 1509//6 1508//6
f 1514//1 1515//1 1439//1
f 1439//1 1436//1 1514//1
f 1514//2 1516//2 1519//2
f 1519//2 1515//2 1514//2
f 1517//3 1516//3 1514//3
f 1514//3 1436//3 1517//3
f 1515//4 1519//4 1518//4
f 1518//4 1439//4 1515//4
f 1439//5 1518//5 1517//5
f 1517//5 1436//5 1439//5
f 1516//6 1517//6 1518//6
f 1518//6 1519//6 1516//6
f 1002//1 1447//1 1451//1
f 1451//1 1450//1 1002//1
f 1002//2 1520//2 1523//2
f 1523//2 1447//2 1002//2
f 1521//3 1520//3 1002//3
f 1002//3 1450//3 1521//3
f 1447//4 1523//4 1522//4
f 1522//4 1451//4 1447//4
f 1451//5 1522//5 1521//5
f 1521//5 1450//5 1451//5
f 1520//6 1521//6 1522//6
f 1522//6 1523//6 1520//6
f 1524//1 1527//1 1526//1
f 1526//1 1525//1 1524//1
f 1524//2 1528//2 1531//2
f 1531//2 1527//2 1524//2
f 1529//3 1528//3 1524//3
f 1524//3 1525//3 1529//3
f 1527//4 1531//4 1530//4
f 1530//4 1526//4 1527//4
f 1526//5 1530//5 1529//5
f 1529//5 1525//5 1526//5
f 1528//6 1529//6 1530//6
f 1530//6 1531//6 1528//6
f 1019//1 1533//1 1532//1
f 1532//1 1018//1 1019//1
f 1019//2 1023//2 1535//2
f 1535//2 1533//2 1019//2
f 1022//3 1023//3 1019//3
f 1019//3 1018//3 1022//3
f 1533//4 1535//4 1534//4
f 1534//4 1532//4 1533//4
f 1532//5 1534//5 1022//5
f 1022//5 1018//5 1532//5
f 1023//6 1022//6 1534//6
f 1534//6 1535//6 1023//6
f 1027//1 1537//1 1536//1
f 1536//1 1026//1 1027//1
f 1027//2 1031//2 1539//2
f 1539//2 1537//2 1027//2
f 1030//3 1031//3 1027//3
f 1027//3 1026//3 1030//3
f 1537//4 1539//4 1538//4
f 1538//4 1536//4 1537//4
f 1536//5 1538//5 1030//5
f 1030//5 1026//5 1536//5
f 1031//6 1030//6 1538//6
f 1538//6 1539//6 1031//6
f 1026//1 1536//1 1540//1
f 1540//1 1033//1 1026//1
f 1026//2 1030//2 1538//2
f 1538//2 1536//2 1026//2
f 1035//3 1030//3 1026//3
f 1026//3 1033//3 1035//3
f 1536//4 1538//4 1541//4
f 1541//4 1540//4 1536//4
f 1540//5 1541//5 1035//5
f 1035//5 1033//5 1540//5
f 1030//6 1035//6 1541//6
f 1541//6 1538//6 1030//6
f 1033//1 1540//1 1542//1
f 1542//1 1037//1 1033//1
f 1033//2 1035//2 1541//2
f 1541//2 1540//2 1033//2
f 1039//3 1035//3 1033//3
f 1033//3 1037//3 1039//3
f 1540//4 1541//4 1543//4
f 1543//4 1542//4 1540//4
f 1542//5 1543//5 1039//5
f 1039//5 1037//5 1542//5
f 1035//6 1039//6 1543//6
f 1543//6 1541//6 1035//6
f 1037//1 1542//1 1544//1
f 1544//1 1041//1 1037//1
f 1037//2 1039//2 1543//2
f 1543//2 1542//2 1037//2
f 1043//3 1039//3 1037//3
f 1037//3 1041//3 1043//3
f 1542//4 1543//4 1545//4
f 1545//4 1544//4 1542//4
f 1544//5 1545//5 1043//5
f 1043//5 1041//5 1544//5
f 1039//6 1043//6 1545//6
f 1545//6 1543//6 1039//6
f 1041//1 1544//1 1546//1
f 1546//1 1045//1 1041//1
f 1041//2 1043//2 1545//2
f 1545//2 1544//2 1041//2
f 1047//3 1043//3 1041//3
f 1041//3 1045//3 1047//3
f 1544//4 1545//4 1547//4
f 1547//4 1546//4 1544//4
f 1546//5 1547//5 1047//5
f 1047//5 1045//5 1546//5
f 1043//6 1047//6 1547//6
f 1547//6 1545//6 1043//6
f 1051//1 1549//1 1548//1
f 1548//1 1050//1 1051//1
f 1051//2 1055//2 1551//2
f 1551//2 1549//2 1051//2
f 1054//3 1055//3 1051//3
f 1051//3 1050//3 1054//3
f 1549//4 1551//4 1550//4
f 1550//4 1548//4 1549//4
f 1548//5 1550//5 1054//5
f 1054//5 1050//5 1548//5
f 1055//6 1054//6 1550//6
f 1550//6 1551//6 1055//6
f 1059//1 1553//1 1552//1
f 1552//1 1058//1 1059//1
f 1059//2 1063//2 1555//2
f 1555//2 1553//2 1059//2
f 1062//3 1063//3 1059//3
f 1059//3 1058//3 1062//3
f 1553//4 1555//4 1554//4
f 1554//4 1552//4 1553//4
f 1552//5 1554//5 1062//5
f 1062//5 1058//5 1552//5
f 1063//6 1062//6 1554//6
f 1554//6 1555//6 1063//6
f 1067//1 1557//1 1556//1
f 1556//1 1066//1 1067//1
f 1067//2 1071//2 1559//2
f 1559//2 1557//2 1067//2
f 1070//3 1071//3 1067//3
f 1067//3 1066//3 1070//3
f 1557//4 1559//4 1558//4
f 1558//4 1556//4 1557//4
f 1556//5 1558//5 1070//5
f 1070//5 1066//5 1556//5
f 1071//6 1070//6 1558//6
f 1558//6 1559//6 1071//6
f 1075//1 1561//1 1560//1
f 1560//1 1074//1 1075//1
f 1075//2 1079//2 1563//2
f 1563//2 1561//2 1075//2
f 1078//3 1079//3 1075//3
f 1075//3 1074//3 1078//3
f 1561//4 1563//4 1562//4
f 1562//4 1560//4 1561//4
f 1560//5 1562//5 1078//5
f 1078//5 1074//5 1560//5
f 1079//6 1078//6 1562//6
f 1562//6 1563//6 1079//6
f 1074//1 1560//1 1564//1
f 1564//1 1081//1 1074//1
f 1074//2 1078//2 1562//2
f 1562//2 1560//2 1074//2
f 1083//3 1078//3 1074//3
f 1074//3 1081//3 1083//3
f 1560//4 1562//4 1565//4
f 1565//4 1564//4 1560//4
f 1564//5 1565//5 1083//5
f 1083//5 1081//5 1564//5
f 1078//6 1083//6 1565//6
f 1565//6 1562//6 1078//6
f 1081//1 1564//1 1566//1
f 1566//1 1085//1 1081//1
f 1081//2 1083//2 1565//2
f 1565//2 1564//2 1081//2
f 1087//3 1083//3 1081//3
f 1081//3 1085//3 1087//3
f 1564//4 1565//4 1567//4
f 1567//4 1566//4 1564//4
f 1566//5 1567//5 1087//5
f 1087//5 1085//5 1566//5
f 1083//6 1087//6 1567//6
f 1567//6 1565//6 1083//6
f 1091//1 1569//1 1568//1
f 1568//1 1090//1 1091//1
f 1091//2 1095//2 1571//2
f 1571//2 1569//2 1091//2
f 1094//3 1095//3 1091//3
f 1091//3 1090//3 1094//3
f 1569//4 1571//4 1570//4
f 1570//4 1568//4 1569//4
f 1568//5 1570//5 1094//5
f 1094//5 1090//5 1568//5
f 1095//6 1094//6 1570//6
f 1570//6 1571//6 1095//6
f 1090//1 1568//1 1572//1
f 1572//1 1097//1 1090//1
f 1090//2 1094//2 1570//2
f 1570//2 1568//2 1090//2
f 1099//3 1094//3 1090//3
f 1090//3 1097//3 1099//3
f 1568//4 1570//4 1573//4
f 1573//4 1572//4 1568//4
f 1572//5 1573//5 1099//5
f 1099//5 1097//5 1572//5
f 1094//6 1099//6 1573//6
f 1573//6 1570//6 1094//6
f 1103//1 1575//1 1574//1
f 1574//1 1102//1 1103//1
f 1103//2 1107//2 1577//2
f 1577//2 1575//2 1103//2
f 1106//3 1107//3 1103//3
f 1103//3 1102//3 1106//3
f 1575//4 1577//4 1576//4
f 1576//4 1574//4 1575//4
f 1574//5 1576//5 1106//5
f 1106//5 1102//5 1574//5
f 1107//6 1106//6 1576//6
f 1576//6 1577//6 1107//6
f 1102//1 1574//1 1578//1
f 1578//1 1109//1 1102//1
f 1102//2 1106//2 1576//2
f 1576//2 1574//2 1102//2
f 1111//3 1106//3 1102//3
f 1102//3 1109//3 1111//3
f 1574//4 1576//4 1579//4
f 1579//4 1578//4 1574//4
f 1578//5 1579//5 1111//5
f 1111//5 1109//5 1578//5
f 1106//6 1111//6 1579//6
f 1579//6 1576//6 1106//6
f 1109//1 1578//1 1580//1
f 1580//1 1113//1 1109//1
f 1109//2 1111//2 1579//2
f 1579//2 1578//2 1109//2
f 1115//3 1111//3 1109//3
f 1109//3 1113//3 1115//3
f 1578//4 1579//4 1581//4
f 1581//4 1580//4 1578//4
f 1580//5 1581//5 1115//5
f 1115//5 1113//5 1580//5
f 1111//6 1115//6 1581//6
f 1581//6 1579//6 1111//6
f 1119//1 1583//1 1582//1
f 1582//1 1118//1 1119//1
f 1119//2 1123//2 1585//2
f 1585//2 1583//2 1119//2
f 1122//3 1123//3 1119//3
f 1119//3 1118//3 1122//3
f 1583//4 1585//4 1584//4
f 1584//4 1582//4 1583//4
f 1582//5 1584//5 1122//5
f 1122//5 1118//5 1582//5
f 1123//6 1122//6 1584//6
f 1584//6 1585//6 1123//6
f 1127//1 1587//1 1586//1
f 1586//1 1126//1 1127//1
f 1127//2 1131//2 1589//2
f 1589//2 1587//2 1127//2
f 1130//3 1131//3 1127//3
f 1127//3 1126//3 1130//3
f 1587//4 1589//4 1588//4
f 1588//4 1586//4 1587//4
f 1586//5 1588//5 1130//5
f 1130//5 1126//5 1586//5
f 1131//6 1130//6 1588//6
f 1588//6 1589//6 1131//6
f 1135//1 1591//1 1590//1
f 1590//1 1134//1 1135//1
f 1135//2 1139//2 1593//2
f 1593//2 1591//2 1135//2
f 1138//3 1139//3 1135//3
f 1135//3 1134//3 1138//3
f 1591//4 1593//4 1592//4
f 1592//4 1590//4 1591//4
f 1590//5 1592//5 1138//5
f 1138//5 1134//5 1590//5
f 1139//6 1138//6 1592//6
f 1592//6 1593//6 1139//6
f 1143//1 1595//1 1594//1
f 1594//1 1142//1 1143//1
f 1143//2 1147//2 1597//2
f 1597//2 1595//2 1143//2
f 1146//3 1147//3 1143//3
f 1143//3 1142//3 1146//3
f 1595//4 1597//4 1596//4
f 1596//4 1594//4 1595//4
f 1594//5 1596//5 1146//5
f 1146//5 1142//5 1594//5
f 1147//6 1146//6 1596//6
f 1596//6 1597//6 1147//6
f 1151//1 1599//1 1598//1
f 1598//1 1150//1 1151//1
f 1151//2 1155//2 1601//2
f 1601//2 1599//2 1151//2
f 1154//3 1155//3 1151//3
f 1151//3 1150//3 1154//3
f 1599//4 1601//4 1600//4
f 1600//4 1598//4 1599//4
f 1598//5 1600//5 1154//5
f 1154//5 1150//5 1598//5
f 1155//6 1154//6 1600//6
f 1600//6 1601//6 1155//6
f 1150//1 1598//1 1602//1
f 1602//1 1159//1 1150//1
f 1150//2 1154//2 1600//2
f 1600//2 1598//2 1150//2
f 1163//3 1154//3 1150//3
f 1150//3 1159//3 1163//3
f 1598//4 1600//4 1603//4
f 1603//4 1602//4 1598//4
f 1602//5 1603//5 1163//5
f 1163//5 1159//5 1602//5
f 1154//6 1163//6 1603//6
f 1603//6 1600//6 1154//6
f 1159//1 1602//1 1604//1
f 1604//1 1158//1 1159//1
f 1159//2 1163//2 1603//2
f 1603//2 1602//2 1159//2
f 1162//3 1163//3 1159//3
f 1159//3 1158//3 1162//3
f 1602//4 1603//4 1605//4
f 1605//4 1604//4 1602//4
f 1604//5 1605//5 1162//5
f 1162//5 1158//5 1604//5
f 1163//6 1162//6 1605//6
f 1605//6 1603//6 1163//6
f 1158//1 1604//1 1606//1
f 1606//1 1165//1 1158//1
f 1158//2 1162//2 1605//2
f 1605//2 1604//2 1158//2
f 1167//3 1162//3 1158//3
f 1158//3 1165//3 1167//3
f 1604//4 1605//4 1607//4
f 1607//4 1606//4 1604//4
f 1606//5 1607//5 1167//5
f 1167//5 1165//5 1606//5
f 1162//6 1167//6 1607//6
f 1607//6 1605//6 1162//6
f 1165//1 1606//1 1609//1
f 1609//1 1608//1 1165//1
f 1165//2 1167//2 1607//2
f 1607//2 1606//2 1165//2
f 1610//3 1167//3 1165//3
f 1165//3 1608//3 1610//3
f 1606//4 1607//4 1611//4
f 1611//4 1609//4 1606//4
f 1609//5 1611//5 1610//5
f 1610//5 1608//5 1609//5
f 1167//6 1610//6 1611//6
f 1611//6 1607//6 1167//6
f 1171//1 1613//1 1612//1
f 1612//1 1170//1 1171//1
f 1171//2 1175//2 1615//2
f 1615//2 1613//2 1171//2
f 1174//3 1175//3 1171//3
f 1171//3 1170//3 1174//3
f 1613//4 1615//4 1614//4
f 1614//4 1612//4 1613//4
f 1612//5 1614//5 1174//5
f 1174//5 1170//5 1612//5
f 1175//6 1174//6 1614//6
f 1614//6 1615//6 1175//6
f 1223//1 1617//1 1616//1
f 1616//1 1222//1 1223//1
f 1223//2 1227//2 1619//2
f 1619//2 1617//2 1223//2
f 1226//3 1227//3 1223//3
f 1223//3 1222//3 1226//3
f 1617//4 1619//4 1618//4
f 1618//4 1616//4 1617//4
f 1616//5 1618//5 1226//5
f 1226//5 1222//5 1616//5
f 1227//6 1226//6 1618//6
f 1618//6 1619//6 1227//6
f 1222//1 1616//1 1620//1
f 1620//1 1229//1 1222//1
f 1222//2 1226//2 1618//2
f 1618//2 1616//2 1222//2
f 1231//3 1226//3 1222//3
f 1222//3 1229//3 1231//3
f 1616//4 1618//4 1621//4
f 1621//4 1620//4 1616//4
f 1620//5 1621//5 1231//5
f 1231//5 1229//5 1620//5
f 1226//6 1231//6 1621//6
f 1621//6 1618//6 1226//6
f 1229//1 1620//1 1622//1
f 1622//1 1233//1 1229//1
f 1229//2 1231//2 1621//2
f 1621//2 1620//2 1229//2
f 1235//3 1231//3 1229//3
f 1229//3 1233//3 1235//3
f 1620//4 1621//4 1623//4
f 1623//4 1622//4 1620//4
f 1622//5 1623//5 1235//5
f 1235//5 1233//5 1622//5
f 1231//6 1235//6 1623//6
f 1623//6 1621//6 1231//6
f 1233//1 1622//1 1624//1
f 1624//1 1237//1 1233//1
f 1233//2 1235//2 1623//2
f 1623//2 1622//2 1233//2
f 1239//3 1235//3 1233//3
f 1233//3 1237//3 1239//3
f 1622//4 1623//4 1625//4
f 1625//4 1624//4 1622//4
f 1624//5 1625//5 1239//5
f 1239//5 1237//5 1624//5
f 1235//6 1239//6 1625//6
f 1625//6 1623//6 1235//6
f 1237//1 1624//1 1627//1
f 1627//1 1626//1 1237//1
f 1237//2 1239//2 1625//2
f 1625//2 1624//2 1237//2
f 1628//3 1239//3 1237//3
f 1237//3 1626//3 1628//3
f 1624//4 1625//4 1629//4
f 1629//4 1627//4 1624//4
f 1627//5 1629//5 1628//5
f 1628//5 1626//5 1627//5
f 1239//6 1628//6 1629//6
f 1629//6 1625//6 1239//6
f 1175//1 1615//1 1614//1
f 1614//1 1174//1 1175//1
f 1175//2 1243//2 1631//2
f 1631//2 1615//2 1175//2
f 1242//3 1243//3 1175//3
f 1175//3 1174//3 1242//3
f 1615//4 1631//4 1630//4
f 1630//4 1614//4 1615//4
f 1614//5 1630//5 1242//5
f 1242//5 1174//5 1614//5
f 1243//6 1242//6 1630//6
f 1630//6 1631//6 1243//6
f 1227//1 1619//1 1618//1
f 1618//1 1226//1 1227//1
f 1227//2 1247//2 1633//2
f 1633//2 1619//2 1227//2
f 1246//3 1247//3 1227//3
f 1227//3 1226//3 1246//3
f 1619//4 1633//4 1632//4
f 1632//4 1618//4 1619//4
f 1618//5 1632//5 1246//5
f 1246//5 1226//5 1618//5
f 1247//6 1246//6 1632//6
f 1632//6 1633//6 1247//6
f 1226//1 1618//1 1621//1
f 1621//1 1231//1 1226//1
f 1226//2 1246//2 1632//2
f 1632//2 1618//2 1226//2
f 1249//3 1246//3 1226//3
f 1226//3 1231//3 1249//3
f 1618//4 1632//4 1634//4
f 1634//4 1621//4 1618//4
f 1621//5 1634//5 1249//5
f 1249//5 1231//5 1621//5
f 1246//6 1249//6 1634//6
f 1634//6 1632//6 1246//6
f 1231//1 1621//1 1623//1
f 1623//1 1235//1 1231//1
f 1231//2 1249//2 1634//2
f 1634//2 1621//2 1231//2
f 1251//3 1249//3 1231//3
f 1231//3 1235//3 1251//3
f 1621//4 1634//4 1635//4
f 1635//4 1623//4 1621//4
f 1623//5 1635//5 1251//5
f 1251//5 1235//5 1623//5
f 1249//6 1251//6 1635//6
f 1635//6 1634//6 1249//6
f 1235//1 1623//1 1625//1
f 1625//1 1239//1 1235//1
f 1235//2 1251//2 1635//2
f 1635//2 1623//2 1235//2
f 1636//3 1251//3 1235//3
f 1235//3 1239//3 1636//3
f 1623//4 1635//4 1637//4
f 1637//4 1625//4 1623//4
f 1625//5 1637//5 1636//5
f 1636//5 1239//5 1625//5
f 1251//6 1636//6 1637//6
f 1637//6 1635//6 1251//6
f 1243//1 1631//1 1630//1
f 1630//1 1242//1 1243//1
f 1243//2 1255//2 1639//2
f 1639//2 1631//2 1243//2
f 1254//3 1255//3 1243//3
f 1243//3 1242//3 1254//3
f 1631//4 1639//4 1638//4
f 1638//4 1630//4 1631//4
f 1630//5 1638//5 1254//5
f 1254//5 1242//5 1630//5
f 1255//6 1254//6 1638//6
f 1638//6 1639//6 1255//6
f 1259//1 1641//1 1640//1
f 1640//1 1258//1 1259//1
f 1259//2 1263//2 1643//2
f 1643//2 1641//2 1259//2
f 1262//3 1263//3 1259//3
f 1259//3 1258//3 1262//3
f 1641//4 1643//4 1642//4
f 1642//4 1640//4 1641//4
f 1640//5 1642//5 1262//5
f 1262//5 1258//5 1640//5
f 1263//6 1262//6 1642//6
f 1642//6 1643//6 1263//6
f 1267//1 1645//1 1644//1
f 1644//1 1266//1 1267//1
f 1267//2 1271//2 1647//2
f 1647//2 1645//2 1267//2
f 1270//3 1271//3 1267//3
f 1267//3 1266//3 1270//3
f 1645//4 1647//4 1646//4
f 1646//4 1644//4 1645//4
f 1644//5 1646//5 1270//5
f 1270//5 1266//5 1644//5
f 1271//6 1270//6 1646//6
f 1646//6 1647//6 1271//6
f 1266//1 1644//1 1648//1
f 1648//1 1273//1 1266//1
f 1266//2 1270//2 1646//2
f 1646//2 1644//2 1266//2
f 1275//3 1270//3 1266//3
f 1266//3 1273//3 1275//3
f 1644//4 1646//4 1649//4
f 1649//4 1648//4 1644//4
f 1648//5 1649//5 1275//5
f 1275//5 1273//5 1648//5
f 1270//6 1275//6 1649//6
f 1649//6 1646//6 1270//6
f 1273//1 1648//1 1650//1
f 1650//1 1277//1 1273//1
f 1273//2 1275//2 1649//2
f 1649//2 1648//2 1273//2
f 1279//3 1275//3 1273//3
f 1273//3 1277//3 1279//3
f 1648//4 1649//4 1651//4
f 1651//4 1650//4 1648//4
f 1650//5 1651//5 1279//5
f 1279//5 1277//5 1650//5
f 1275//6 1279//6 1651//6
f 1651//6 1649//6 1275//6
f 1283//1 1653//1 1652//1
f 1652//1 1282//1 1283//1
f 1283//2 1287//2 1655//2
f 1655//2 1653//2 1283//2
f 1286//3 1287//3 1283//3
f 1283//3 1282//3 1286//3
f 1653//4 1655//4 1654//4
f 1654//4 1652//4 1653//4
f 1652//5 1654//5 1286//5
f 1286//5 1282//5 1652//5
f 1287//6 1286//6 1654//6
f 1654//6 1655//6 1287//6
f 1282//1 1652//1 1656//1
f 1656//1 1289//1 1282//1
f 1282//2 1286//2 1654//2
f 1654//2 1652//2 1282//2
f 1291//3 1286//3 1282//3
f 1282//3 1289//3 1291//3
f 1652//4 1654//4 1657//4
f 1657//4 1656//4 1652//4
f 1656//5 1657//5 1291//5
f 1291//5 1289//5 1656//5
f 1286//6 1291//6 1657//6
f 1657//6 1654//6 1286//6
f 1295//1 1659//1 1658//1
f 1658//1 1294//1 1295//1
f 1295//2 1299//2 1661//2
f 1661//2 1659//2 1295//2
f 1298//3 1299//3 1295//3
f 1295//3 1294//3 1298//3
f 1659//4 1661//4 1660//4
f 1660//4 1658//4 1659//4
f 1658//5 1660//5 1298//5
f 1298//5 1294//5 1658//5
f 1299//6 1298//6 1660//6
f 1660//6 1661//6 1299//6
f 1294//1 1658//1 1662//1
f 1662//1 1301//1 1294//1
f 1294//2 1298//2 1660//2
f 1660//2 1658//2 1294//2
f 1303//3 1298//3 1294//3
f 1294//3 1301//3 1303//3
f 1658//4 1660//4 1663//4
f 1663//4 1662//4 1658//4
f 1662//5 1663//5 1303//5
f 1303//5 1301//5 1662//5
f 1298//6 1303//6 1663//6
f 1663//6 1660//6 1298//6
f 1301//1 1662//1 1664//1
f 1664//1 1305//1 1301//1
f 1301//2 1303//2 1663//2
f 1663//2 1662//2 1301//2
f 1307//3 1303//3 1301//3
f 1301//3 1305//3 1307//3
f 1662//4 1663//4 1665//4
f 1665//4 1664//4 1662//4
f 1664//5 1665//5 1307//5
f 1307//5 1305//5 1664//5
f 1303//6 1307//6 1665//6
f 1665//6 1663//6 1303//6
f 1311//1 1667//1 1666//1
f 1666//1 1310//1 1311//1
f 1311//2 1315//2 1669//2
f 1669//2 1667//2 1311//2
f 1314//3 1315//3 1311//3
f 1311//3 1310//3 1314//3
f 1667//4 1669//4 1668//4
f 1668//4 1666//4 1667//4
f 1666//5 1668//5 1314//5
f 1314//5 1310//5 1666//5
f 1315//6 1314//6 1668//6
f 1668//6 1669//6 1315//6
f 1319//1 1671//1 1670//1
f 1670//1 1318//1 1319//1
f 1319//2 1323//2 1673//2
f 1673//2 1671//2 1319//2
f 1322//3 1323//3 1319//3
f 1319//3 1318//3 1322//3
f 1671//4 1673//4 1672//4
f 1672//4 1670//4 1671//4
f 1670//5 1672//5 1322//5
f 1322//5 1318//5 1670//5
f 1323//6 1322//6 1672//6
f 1672//6 1673//6 1323//6
f 1327//1 1675//1 1674//1
f 1674//1 1326//1 1327//1
f 1327//2 1331//2 1677//2
f 1677//2 1675//2 1327//2
f 1330//3 1331//3 1327//3
f 1327//3 1326//3 1330//3
f 1675//4 1677//4 1676//4
f 1676//4 1674//4 1675//4
f 1674//5 1676//5 1330//5
f 1330//5 1326//5 1674//5
f 1331//6 1330//6 1676//6
f 1676//6 1677//6 1331//6
f 1335//1 1679//1 1678//1
f 1678//1 1334//1 1335//1
f 1335//2 1339//2 1681//2
f 1681//2 1679//2 1335//2
f 1338//3 1339//3 1335//3
f 1335//3 1334//3 1338//3
f 1679//4 1681//4 1680//4
f 1680//4 1678//4 1679//4
f 1678//5 1680//5 1338//5
f 1338//5 1334//5 1678//5
f 1339//6 1338//6 1680//6
f 1680//6 1681//6 1339//6
f 1247//1 1633//1 1632//1
f 1632//1 1246//1 1247//1
f 1247//2 1343//2 1683//2
f 1683//2 1633//2 1247//2
f 1342//3 1343//3 1247//3
f 1247//3 1246//3 1342//3
f 1633//4 1683//4 1682//4
f 1682//4 1632//4 1633//4
f 1632//5 1682//5 1342//5
f 1342//5 1246//5 1632//5
f 1343//6 1342//6 1682//6
f 1682//6 1683//6 1343//6
f 1255//1 1639//1 1638//1
f 1638//1 1254//1 1255//1
f 1255//2 1347//2 1685//2
f 1685//2 1639//2 1255//2
f 1346//3 1347//3 1255//3
f 1255//3 1254//3 1346//3
f 1639//4 1685//4 1684//4
f 1684//4 1638//4 1639//4
f 1638//5 1684//5 1346//5
f 1346//5 1254//5 1638//5
f 1347//6 1346//6 1684//6
f 1684//6 1685//6 1347//6
f 1349//1 1687//1 1686//1
f 1686//1 1353//1 1349//1
f 1349//2 1351//2 1689//2
f 1689//2 1687//2 1349//2
f 1355//3 1351//3 1349//3
f 1349//3 1353//3 1355//3
f 1687//4 1689//4 1688//4
f 1688//4 1686//4 1687//4
f 1686//5 1688//5 1355//5
f 1355//5 1353//5 1686//5
f 1351//6 1355//6 1688//6
f 1688//6 1689//6 1351//6
f 1353//1 1686//1 1690//1
f 1690//1 1357//1 1353//1
f 1353//2 1355//2 1688//2
f 1688//2 1686//2 1353//2
f 1359//3 1355//3 1353//3
f 1353//3 1357//3 1359//3
f 1686//4 1688//4 1691//4
f 1691//4 1690//4 1686//4
f 1690//5 1691//5 1359//5
f 1359//5 1357//5 1690//5
f 1355//6 1359//6 1691//6
f 1691//6 1688//6 1355//6
f 1357//1 1690//1 1692//1
f 1692//1 1361//1 1357//1
f 1357//2 1359//2 1691//2
f 1691//2 1690//2 1357//2
f 1363//3 1359//3 1357//3
f 1357//3 1361//3 1363//3
f 1690//4 1691//4 1693//4
f 1693//4 1692//4 1690//4
f 1692//5 1693//5 1363//5
f 1363//5 1361//5 1692//5
f 1359//6 1363//6 1693//6
f 1693//6 1691//6 1359//6
f 1367//1 1695//1 1694//1
f 1694//1 1366//1 1367//1
f 1367//2 1371//2 1697//2
f 1697//2 1695//2 1367//2
f 1370//3 1371//3 1367//3
f 1367//3 1366//3 1370//3
f 1695//4 1697//4 1696//4
f 1696//4 1694//4 1695//4
f 1694//5 1696//5 1370//5
f 1370//5 1366//5 1694//5
f 1371//6 1370//6 1696//6
f 1696//6 1697//6 1371//6
f 1375//1 1699//1 1698//1
f 1698//1 1374//1 1375//1
f 1375//2 1379//2 1701//2
f 1701//2 1699//2 1375//2
f 1378//3 1379//3 1375//3
f 1375//3 1374//3 1378//3
f 1699//4 1701//4 1700//4
f 1700//4 1698//4 1699//4
f 1698//5 1700//5 1378//5
f 1378//5 1374//5 1698//5
f 1379//6 1378//6 1700//6
f 1700//6 1701//6 1379//6
f 1263//1 1643//1 1642//1
f 1642//1 1262//1 1263//1
f 1263//2 1383//2 1703//2
f 1703//2 1643//2 1263//2
f 1382//3 1383//3 1263//3
f 1263//3 1262//3 1382//3
f 1643//4 1703//4 1702//4
f 1702//4 1642//4 1643//4
f 1642//5 1702//5 1382//5
f 1382//5 1262//5 1642//5
f 1383//6 1382//6 1702//6
f 1702//6 1703//6 1383//6
f 1271//1 1647//1 1646//1
f 1646//1 1270//1 1271//1
f 1271//2 1387//2 1705//2
f 1705//2 1647//2 1271//2
f 1386//3 1387//3 1271//3
f 1271//3 1270//3 1386//3
f 1647//4 1705//4 1704//4
f 1704//4 1646//4 1647//4
f 1646//5 1704//5 1386//5
f 1386//5 1270//5 1646//5
f 1387//6 1386//6 1704//6
f 1704//6 1705//6 1387//6
f 1270//1 1646//1 1649//1
f 1649//1 1275//1 1270//1
f 1270//2 1386//2 1704//2
f 1704//2 1646//2 1270//2
f 1391//3 1386//3 1270//3
f 1270//3 1275//3 1391//3
f 1646//4 1704//4 1706//4
f 1706//4 1649//4 1646//4
f 1649//5 1706//5 1391//5
f 1391//5 1275//5 1649//5
f 1386//6 1391//6 1706//6
f 1706//6 1704//6 1386//6
f 1275//1 1649//1 1651//1
f 1651//1 1279//1 1275//1
f 1275//2 1391//2 1706//2
f 1706//2 1649//2 1275//2
f 1390//3 1391//3 1275//3
f 1275//3 1279//3 1390//3
f 1649//4 1706//4 1707//4
f 1707//4 1651//4 1649//4
f 1651//5 1707//5 1390//5
f 1390//5 1279//5 1651//5
f 1391//6 1390//6 1707//6
f 1707//6 1706//6 1391//6
f 1287//1 1655//1 1654//1
f 1654//1 1286//1 1287//1
f 1287//2 1395//2 1709//2
f 1709//2 1655//2 1287//2
f 1394//3 1395//3 1287//3
f 1287//3 1286//3 1394//3
f 1655//4 1709//4 1708//4
f 1708//4 1654//4 1655//4
f 1654//5 1708//5 1394//5
f 1394//5 1286//5 1654//5
f 1395//6 1394//6 1708//6
f 1708//6 1709//6 1395//6
f 1286//1 1654//1 1657//1
f 1657//1 1291//1 1286//1
f 1286//2 1394//2 1708//2
f 1708//2 1654//2 1286//2
f 1710//3 1394//3 1286//3
f 1286//3 1291//3 1710//3
f 1654//4 1708//4 1711//4
f 1711//4 1657//4 1654//4
f 1657//5 1711//5 1710//5
f 1710//5 1291//5 1657//5
f 1394//6 1710//6 1711//6
f 1711//6 1708//6 1394//6
f 1323//1 1673//1 1672//1
f 1672//1 1322//1 1323//1
f 1323//2 1399//2 1713//2
f 1713//2 1673//2 1323//2
f 1398//3 1399//3 1323//3
f 1323//3 1322//3 1398//3
f 1673//4 1713//4 1712//4
f 1712//4 1672//4 1673//4
f 1672//5 1712//5 1398//5
f 1398//5 1322//5 1672//5
f 1399//6 1398//6 1712//6
f 1712//6 1713//6 1399//6
f 1347//1 1685//1 1684//1
f 1684//1 1346//1 1347//1
f 1347//2 1403//2 1715//2
f 1715//2 1685//2 1347//2
f 1402//3 1403//3 1347//3
f 1347//3 1346//3 1402//3
f 1685//4 1715//4 1714//4
f 1714//4 1684//4 1685//4
f 1684//5 1714//5 1402//5
f 1402//5 1346//5 1684//5
f 1403//6 1402//6 1714//6
f 1714//6 1715//6 1403//6
f 1346//1 1684//1 1689//1
f 1689//1 1351//1 1346//1
f 1346//2 1402//2 1714//2
f 1714//2 1684//2 1346//2
f 1405//3 1402//3 1346//3
f 1346//3 1351//3 1405//3
f 1684//4 1714//4 1716//4
f 1716//4 1689//4 1684//4
f 1689//5 1716//5 1405//5
f 1405//5 1351//5 1689//5
f 1402//6 1405//6 1716//6
f 1716//6 1714//6 1402//6
f 1351//1 1689//1 1688//1
f 1688//1 1355//1 1351//1
f 1351//2 1405//2 1716//2
f 1716//2 1689//2 1351//2
f 1407//3 1405//3 1351//3
f 1351//3 1355//3 1407//3
f 1689//4 1716//4 1717//4
f 1717//4 1688//4 1689//4
f 1688//5 1717//5 1407//5
f 1407//5 1355//5 1688//5
f 1405//6 1407//6 1717//6
f 1717//6 1716//6 1405//6
f 1359//1 1691//1 1693//1
f 1693//1 1363//1 1359//1
f 1359//2 1718//2 1721//2
f 1721//2 1691//2 1359//2
f 1719//3 1718//3 1359//3
f 1359//3 1363//3 1719//3
f 1691//4 1721//4 1720//4
f 1720//4 1693//4 1691//4
f 1693//5 1720//5 1719//5
f 1719//5 1363//5 1693//5
f 1718//6 1719//6 1720//6
f 1720//6 1721//6 1718//6
f 1403//1 1715//1 1714//1
f 1714//1 1402//1 1403//1
f 1403//2 1411//2 1723//2
f 1723//2 1715//2 1403//2
f 1410//3 1411//3 1403//3
f 1403//3 1402//3 1410//3
f 1715//4 1723//4 1722//4
f 1722//4 1714//4 1715//4
f 1714//5 1722//5 1410//5
f 1410//5 1402//5 1714//5
f 1411//6 1410//6 1722//6
f 1722//6 1723//6 1411//6
f 1724//1 1727//1 1726//1
f 1726//1 1725//1 1724//1
f 1724//2 1728//2 1731//2
f 1731//2 1727//2 1724//2
f 1729//3 1728//3 1724//3
f 1724//3 1725//3 1729//3
f 1727//4 1731//4 1730//4
f 1730//4 1726//4 1727//4
f 1726//5 1730//5 1729//5
f 1729//5 1725//5 1726//5
f 1728//6 1729//6 1730//6
f 1730//6 1731//6 1728//6
f 1732//1 1735//1 1734//1
f 1734//1 1733//1 1732//1
f 1732//2 1736//2 1739//2
f 1739//2 1735//2 1732//2
f 1737//3 1736//3 1732//3
f 1732//3 1733//3 1737//3
f 1735//4 1739//4 1738//4
f 1738//4 1734//4 1735//4
f 1734//5 1738//5 1737//5
f 1737//5 1733//5 1734//5
f 1736//6 1737//6 1738//6
f 1738//6 1739//6 1736//6
f 1740//1 1743//1 1742//1
f 1742//1 1741//1 1740//1
f 1740//2 1744//2 1747//2
f 1747//2 1743//2 1740//2
f 1745//3 1744//3 1740//3
f 1740//3 1741//3 1745//3
f 1743//4 1747//4 1746//4
f 1746//4 1742//4 1743//4
f 1742//5 1746//5 1745//5
f 1745//5 1741//5 1742//5
f 1744//6 1745//6 1746//6
f 1746//6 1747//6 1744//6
f 1748//1 1751//1 1750//1
f 1750//1 1749//1 1748//1
f 1748//2 1752//2 1755//2
f 1755//2 1751//2 1748//2
f 1753//3 1752//3 1748//3
f 1748//3 1749//3 1753//3
f 1751//4 1755//4 1754//4
f 1754//4 1750//4 1751//4
f 1750//5 1754//5 1753//5
f 1753//5 1749//5 1750//5
f 1752//6 1753//6 1754//6
f 1754//6 1755//6 1752//6
f 1736//1 1739//1 1738//1
f 1738//1 1737//1 1736//1
f 1736//2 1756//2 1759//2
f 1759//2 1739//2 1736//2
f 1757//3 1756//3 1736//3
f 1736//3 1737//3 1757//3
f 1739//4 1759//4 1758//4
f 1758//4 1738//4 1739//4
f 1738//5 1758//5 1757//5
f 1757//5 1737//5 1738//5
f 1756//6 1757//6 1758//6
f 1758//6 1759//6 1756//6
f 1760//1 1763//1 1762//1
f 1762//1 1761//1 1760//1
f 1760//2 1764//2 1767//2
f 1767//2 1763//2 1760//2
f 1765//3 1764//3 1760//3
f 1760//3 1761//3 1765//3
f 1763//4 1767//4 1766//4
f 1766//4 1762//4 1763//4
f 1762//5 1766//5 1765//5
f 1765//5 1761//5 1762//5
f 1764//6 1765//6 1766//6
f 1766//6 1767//6 1764//6
f 1768//1 1771//1 1770//1
f 1770//1 1769//1 1768//1
f 1768//2 1772//2 1775//2
f 1775//2 1771//2 1768//2
f 1773//3 1772//3 1768//3
f 1768//3 1769//3 1773//3
f 1771//4 1775//4 1774//4
f 1774//4 1770//4 1771//4
f 1770//5 1774//5 1773//5
f 1773//5 1769//5 1770//5
f 1772//6 1773//6 1774//6
f 1774//6 1775//6 1772//6
f 1776//1 1779//1 1778//1
f 1778//1 1777//1 1776//1
f 1776//2 1780//2 1783//2
f 1783//2 1779//2 1776//2
f 1781//3 1780//3 1776//3
f 1776//3 1777//3 1781//3
f 1779//4 1783//4 1782//4
f 1782//4 1778//4 1779//4
f 1778//5 1782//5 1781//5
f 1781//5 1777//5 1778//5
f 1780//6 1781//6 1782//6
f 1782//6 1783//6 1780//6
f 1784//1 1787//1 1786//1
f 1786//1 1785//1 1784//1
f 1784//2 1788//2 1791//2
f 1791//2 1787//2 1784//2
f 1789//3 1788//3 1784//3
f 1784//3 1785//3 1789//3
f 1787//4 1791//4 1790//4
f 1790//4 1786//4 1787//4
f 1786//5 1790//5 1789//5
f 1789//5 1785//5 1786//5
f 1788//6 1789//6 1790//6
f 1790//6 1791//6 1788//6
f 1792//1 1795//1 1794//1
f 1794//1 1793//1 1792//1
f 1792//2 1796//2 1799//2
f 1799//2 1795//2 1792//2
f 1797//3 1796//3 1792//3
f 1792//3 1793//3 1797//3
f 1795//4 1799//4 1798//4
f 1798//4 1794//4 1795//4
f 1794//5 1798//5 1797//5
f 1797//5 1793//5 1794//5
f 1796//6 1797//6 1798//6
f 1798//6 1799//6 1796//6
f 1793//1 1794//1 1801//1
f 1801//1 1800//1 1793//1
f 1793//2 1797//2 1798//2
f 1798//2 1794//2 1793//2
f 1802//3 1797//3 1793//3
f 1793//3 1800//3 1802//3
f 1794//4 1798//4 1803//4
f 1803//4 1801//4 1794//4
f 1801//5 1803//5 1802//5
f 1802//5 1800//5 1801//5
f 1797//6 1802//6 1803//6
f 1803//6 1798//6 1797//6
f 1800//1 1801//1 1805//1
f 1805//1 1804//1 1800//1
f 1800//2 1802//2 1803//2
f 1803//2 1801//2 1800//2
f 1806//3 1802//3 1800//3
f 1800//3 1804//3 1806//3
f 1801//4 1803//4 1807//4
f 1807//4 1805//4 1801//4
f 1805//5 1807//5 1806//5
f 1806//5 1804//5 1805//5
f 1802//6 1806//6 1807//6
f 1807//6 1803//6 1802//6
f 1808//1 1811//1 1810//1
f 1810//1 1809//1 1808//1
f 1808//2 1812//2 1815//2
f 1815//2 1811//2 1808//2
f 1813//3 1812//3 1808//3
f 1808//3 1809//3 1813//3
f 1811//4 1815//4 1814//4
f 1814//4 1810//4 1811//4
f 1810//5 1814//5 1813//5
f 1813//5 1809//5 1810//5
f 1812//6 1813//6 1814//6
f 1814//6 1815//6 1812//6
f 1816//1 1819//1 1818//1
f 1818//1 1817//1 1816//1
f 1816//2 1820//2 1823//2
f 1823//2 1819//2 1816//2
f 1821//3 1820//3 1816//3
f 1816//3 1817//3 1821//3
f 1819//4 1823//4 1822//4
f 1822//4 1818//4 1819//4
f 1818//5 1822//5 1821//5
f 1821//5 1817//5 1818//5
f 1820//6 1821//6 1822//6
f 1822//6 1823//6 1820//6
f 1817//1 1818//1 1825//1
f 1825//1 1824//1 1817//1
f 1817//2 1821//2 1822//2
f 1822//2 1818//2 1817//2
f 1826//3 1821//3 1817//3
f 1817//3 1824//3 1826//3
f 1818//4 1822//4 1827//4
f 1827//4 1825//4 1818//4
f 1825//5 1827//5 1826//5
f 1826//5 1824//5 1825//5
f 1821//6 1826//6 1827//6
f 1827//6 1822//6 1821//6
f 1824//1 1825//1 1829//1
f 1829//1 1828//1 1824//1
f 1824//2 1826//2 1827//2
f 1827//2 1825//2 1824//2
f 1830//3 1826//3 1824//3
f 1824//3 1828//3 1830//3
f 1825//4 1827//4 1831//4
f 1831//4 1829//4 1825//4
f 1829//5 1831//5 1830//5
f 1830//5 1828//5 1829//5
f 1826//6 1830//6 1831//6
f 1831//6 1827//6 1826//6
f 1828//1 1829//1 1833//1
f 1833//1 1832//1 1828//1
f 1828//2 1830//2 1831//2
f 1831//2 1829//2 1828//2
f 1834//3 1830//3 1828//3
f 1828//3 1832//3 1834//3
f 1829//4 1831//4 1835//4
f 1835//4 1833//4 1829//4
f 1833//5 1835//5 1834//5
f 1834//5 1832//5 1833//5
f 1830//6 1834//6 1835//6
f 1835//6 1831//6 1830//6
f 1832//1 1833//1 1837//1
f 1837//1 1836//1 1832//1
f 1832//2 1834//2 1835//2
f 1835//2 1833//2 1832//2
f 1838//3 1834//3 1832//3
f 1832//3 1836//3 1838//3
f 1833//4 1835//4 1839//4
f 1839//4 1837//4 1833//4
f 1837//5 1839//5 1838//5
f 1838//5 1836//5 1837//5
f 1834//6 1838//6 1839//6
f 1839//6 1835//6 1834//6
f 1840//1 1843//1 1842//1
f 1842//1 1841//1 1840//1
f 1840//2 1844//2 1847//2
f 1847//2 1843//2 1840//2
f 1845//3 1844//3 1840//3
f 1840//3 1841//3 1845//3
f 1843//4 1847//4 1846//4
f 1846//4 1842//4 1843//4
f 1842//5 1846//5 1845//5
f 1845//5 1841//5 1842//5
f 1844//6 1845//6 1846//6
f 1846//6 1847//6 1844//6
f 1848//1 1851//1 1850//1
f 1850//1 1849//1 1848//1
f 1848//2 1852//2 1855//2
f 1855//2 1851//2 1848//2
f 1853//3 1852//3 1848//3
f 1848//3 1849//3 1853//3
f 1851//4 1855//4 1854//4
f 1854//4 1850//4 1851//4
f 1850//5 1854//5 1853//5
f 1853//5 1849//5 1850//5
f 1852//6 1853//6 1854//6
f 1854//6 1855//6 1852//6
f 1849//1 1850//1 1857//1
f 1857//1 1856//1 1849//1
f 1849//2 1853//2 1854//2
f 1854//2 1850//2 1849//2
f 1858//3 1853//3 1849//3
f 1849//3 1856//3 1858//3
f 1850//4 1854//4 1859//4
f 1859//4 1857//4 1850//4
f 1857//5 1859//5 1858//5
f 1858//5 1856//5 1857//5
f 1853//6 1858//6 1859//6
f 1859//6 1854//6 1853//6
f 1860//1 1863//1 1862//1
f 1862//1 1861//1 1860//1
f 1860//2 1864//2 1867//2
f 1867//2 1863//2 1860//2
f 1865//3 1864//3 1860//3
f 1860//3 1861//3 1865//3
f 1863//4 1867//4 1866//4
f 1866//4 1862//4 1863//4
f 1862//5 1866//5 1865//5
f 1865//5 1861//5 1862//5
f 1864//6 1865//6 1866//6
f 1866//6 1867//6 1864//6
f 1861//1 1862//1 1869//1
f 1869//1 1868//1 1861//1
f 1861//2 1865//2 1866//2
f 1866//2 1862//2 1861//2
f 1870//3 1865//3 1861//3
f 1861//3 1868//3 1870//3
f 1862//4 1866//4 1871//4
f 1871//4 1869//4 1862//4
f 1869//5 1871//5 1870//5
f 1870//5 1868//5 1869//5
f 1865//6 1870//6 1871//6
f 1871//6 1866//6 1865//6
f 1872//1 1875//1 1874//1
f 1874//1 1873//1 1872//1
f 1872//2 1876//2 1879//2
f 1879//2 1875//2 1872//2
f 1877//3 1876//3 1872//3
f 1872//3 1873//3 1877//3
f 1875//4 1879//4 1878//4
f 1878//4 1874//4 1875//4
f 1874//5 1878//5 1877//5
f 1877//5 1873//5 1874//5
f 1876//6 1877//6 1878//6
f 1878//6 1879//6 1876//6
f 1873//1 1874//1 1881//1
f 1881//1 1880//1 1873//1
f 1873//2 1877//2 1878//2
f 1878//2 1874//2 1873//2
f 1882//3 1877//3 1873//3
f 1873//3 1880//3 1882//3
f 1874//4 1878//4 1883//4
f 1883//4 1881//4 1874//4
f 1881//5 1883//5 1882//5
f 1882//5 1880//5 1881//5
f 1877//6 1882//6 1883//6
f 1883//6 1878//6 1877//6
f 1880//1 1881//1 1885//1
f 1885//1 1884//1 1880//1
f 1880//2 1882//2 1883//2
f 1883//2 1881//2 1880//2
f 1886//3 1882//3 1880//3
f 1880//3 1884//3 1886//3
f 1881//4 1883//4 1887//4
f 1887//4 1885//4 1881//4
f 1885//5 1887//5 1886//5
f 1886//5 1884//5 1885//5
f 1882//6 1886//6 1887//6
f 1887//6 1883//6 1882//6
f 1888//1 1891//1 1890//1
f 1890//1 1889//1 1888//1
f 1888//2 1892//2 1895//2
f 1895//2 1891//2 1888//2
f 1893//3 1892//3 1888//3
f 1888//3 1889//3 1893//3
f 1891//4 1895//4 1894//4
f 1894//4 1890//4 1891//4
f 1890//5 1894//5 1893//5
f 1893//5 1889//5 1890//5
f 1892//6 1893//6 1894//6
f 1894//6 1895//6 1892//6
f 1896//1 1899//1 1898//1
f 1898//1 1897//1 1896//1
f 1896//2 1900//2 1903//2
f 1903//2 1899//2 1896//2
f 1901//3 1900//3 1896//3
f 1896//3 1897//3 1901//3
f 1899//4 1903//4 1902//4
f 1902//4 1898//4 1899//4
f 1898//5 1902//5 1901//5
f 1901//5 1897//5 1898//5
f 1900//6 1901//6 1902//6
f 1902//6 1903//6 1900//6
f 1904//1 1907//1 1906//1
f 1906//1 1905//1 1904//1
f 1904//2 1908//2 1911//2
f 1911//2 1907//2 1904//2
f 1909//3 1908//3 1904//3
f 1904//3 1905//3 1909//3
f 1907//4 1911//4 1910//4
f 1910//4 1906//4 1907//4
f 1906//5 1910//5 1909//5
f 1909//5 1905//5 1906//5
f 1908//6 1909//6 1910//6
f 1910//6 1911//6 1908//6
f 1912//1 1915//1 1914//1
f 1914//1 1913//1 1912//1
f 1912//2 1916//2 1919//2
f 1919//2 1915//2 1912//2
f 1917//3 1916//3 1912//3
f 1912//3 1913//3 1917//3
f 1915//4 1919//4 1918//4
f 1918//4 1914//4 1915//4
f 1914//5 1918//5 1917//5
f 1917//5 1913//5 1914//5
f 1916//6 1917//6 1918//6
f 1918//6 1919//6 1916//6
f 1920//1 1923//1 1922//1
f 1922//1 1921//1 1920//1
f 1920//2 1924//2 1927//2
f 1927//2 1923//2 1920//2
f 1925//3 1924//3 1920//3
f 1920//3 1921//3 1925//3
f 1923//4 1927//4 1926//4
f 1926//4 1922//4 1923//4
f 1922//5 1926//5 1925//5
f 1925//5 1921//5 1922//5
f 1924//6 1925//6 1926//6
f 1926//6 1927//6 1924//6
f 1928//1 1931//1 1930//1
f 1930//1 1929//1 1928//1
f 1928//2 1932//2 1935//2
f 1935//2 1931//2 1928//2
f 1933//3 1932//3 1928//3
f 1928//3 1929//3 1933//3
f 1931//4 1935//4 1934//4
f 1934//4 1930//4 1931//4
f 1930//5 1934//5 1933//5
f 1933//5 1929//5 1930//5
f 1932//6 1933//6 1934//6
f 1934//6 1935//6 1932//6
f 1929//1 1930//1 1937//1
f 1937//1 1936//1 1929//1
f 1929//2 1933//2 1934//2
f 1934//2 1930//2 1929//2
f 1938//3 1933//3 1929//3
f 1929//3 1936//3 1938//3
f 1930//4 1934//4 1939//4
f 1939//4 1937//4 1930//4
f 1937//5 1939//5 1938//5
f 1938//5 1936//5 1937//5
f 1933//6 1938//6 1939//6
f 1939//6 1934//6 1933//6
f 1940//1 1943//1 1942//1
f 1942//1 1941//1 1940//1
f 1940//2 1944//2 1947//2
f 1947//2 1943//2 1940//2
f 1945//3 1944//3 1940//3
f 1940//3 1941//3 1945//3
f 1943//4 1947//4 1946//4
f 1946//4 1942//4 1943//4
f 1942//5 1946//5 1945//5
f 1945//5 1941//5 1942//5
f 1944//6 1945//6 1946//6
f 1946//6 1947//6 1944//6
f 1941//1 1942//1 1949//1
f 1949//1 1948//1 1941//1
f 1941//2 1945//2 1946//2
f 1946//2 1942//2 1941//2
f 1950//3 1945//3 1941//3
f 1941//3 1948//3 1950//3
f 1942//4 1946//4 1951//4
f 1951//4 1949//4 1942//4
f 1949//5 1951//5 1950//5
f 1950//5 1948//5 1949//5
f 1945//6 1950//6 1951//6
f 1951//6 1946//6 1945//6
f 1948//1 1949//1 1953//1
f 1953//1 1952//1 1948//1
f 1948//2 1950//2 1951//2
f 1951//2 1949//2 1948//2
f 1954//3 1950//3 1948//3
f 1948//3 1952//3 1954//3
f 1949//4 1951//4 1955//4
f 1955//4 1953//4 1949//4
f 1953//5 1955//5 1954//5
f 1954//5 1952//5 1953//5
f 1950//6 1954//6 1955//6
f 1955//6 1951//6 1950//6
f 1952//1 1953//1 1957//1
f 1957//1 1956//1 1952//1
f 1952//2 1954//2 1955//2
f 1955//2 1953//2 1952//2
f 1958//3 1954//3 1952//3
f 1952//3 1956//3 1958//3
f 1953//4 1955//4 1959//4
f 1959//4 1957//4 1953//4
f 1957//5 1959//5 1958//5
f 1958//5 1956//5 1957//5
f 1954//6 1958//6 1959//6
f 1959//6 1955//6 1954//6
f 1956//1 1957//1 1961//1
f 1961//1 1960//1 1956//1
f 1956//2 1958//2 1959//2
f 1959//2 1957//2 1956//2
f 1962//3 1958//3 1956//3
f 1956//3 1960//3 1962//3
f 1957//4 1959//4 1963//4
f 1963//4 1961//4 1957//4
f 1961//5 1963//5 1962//5
f 1962//5 1960//5 1961//5
f 1958//6 1962//6 1963//6
f 1963//6 1959//6 1958//6
f 1964//1 1967//1 1966//1
f 1966//1 1965//1 1964//1
f 1964//2 1968//2 1971//2
f 1971//2 1967//2 1964//2
f 1969//3 1968//3 1964//3
f 1964//3 1965//3 1969//3
f 1967//4 1971//4 1970//4
f 1970//4 1966//4 1967//4
f 1966//5 1970//5 1969//5
f 1969//5 1965//5 1966//5
f 1968//6 1969//6 1970//6
f 1970//6 1971//6 1968//6
f 1972//1 1975//1 1974//1
f 1974//1 1973//1 1972//1
f 1972//2 1976//2 1979//2
f 1979//2 1975//2 1972//2
f 1977//3 1976//3 1972//3
f 1972//3 1973//3 1977//3
f 1975//4 1979//4 1978//4
f 1978//4 1974//4 1975//4
f 1974//5 1978//5 1977//5
f 1977//5 1973//5 1974//5
f 1976//6 1977//6 1978//6
f 1978//6 1979//6 1976//6
f 1973//1 1974//1 1981//1
f 1981//1 1980//1 1973//1
f 1973//2 1977//2 1978//2
f 1978//2 1974//2 1973//2
f 1982//3 1977//3 1973//3
f 1973//3 1980//3 1982//3
f 1974//4 1978//4 1983//4
f 1983//4 1981//4 1974//4
f 1981//5 1983//5 1982//5
f 1982//5 1980//5 1981//5
f 1977//6 1982//6 1983//6
f 1983//6 1978//6 1977//6
f 1980//1 1981//1 1985//1
f 1985//1 1984//1 1980//1
f 1980//2 1982//2 1983//2
f 1983//2 1981//2 1980//2
f 1986//3 1982//3 1980//3
f 1980//3 1984//3 1986//3
f 1981//4 1983//4 1987//4
f 1987//4 1985//4 1981//4
f 1985//5 1987//5 1986//5
f 1986//5 1984//5 1985//5
f 1982//6 1986//6 1987//6
f 1987//6 1983//6 1982//6
f 1988//1 1991//1 1990//1
f 1990//1 1989//1 1988//1
f 1988//2 1992//2 1995//2
f 1995//2 1991//2 1988//2
f 1993//3 1992//3 1988//3
f 1988//3 1989//3 1993//3
f 1991//4 1995//4 1994//4
f 1994//4 1990//4 1991//4
f 1990//5 1994//5 1993//5
f 1993//5 1989//5 1990//5
f 1992//6 1993//6 1994//6
f 1994//6 1995//6 1992//6
f 1996//1 1999//1 1998//1
f 1998//1 1997//1 1996//1
f 1996//2 2000//2 2003//2
f 2003//2 1999//2 1996//2
f 2001//3 2000//3 1996//3
f 1996//3 1997//3 2001//3
f 1999//4 2003//4 2002//4
f 2002//4 1998//4 1999//4
f 1998//5 2002//5 2001//5
f 2001//5 1997//5 1998//5
f 2000//6 2001//6 2002//6
f 2002//6 2003//6 2000//6
f 2004//1 2007//1 2006//1
f 2006//1 2005//1 2004//1
f 2004//2 2008//2 2011//2
f 2011//2 2007//2 2004//2
f 2009//3 2008//3 2004//3
f 2004//3 2005//3 2009//3
f 2007//4 2011//4 2010//4
f 2010//4 2006//4 2007//4
f 2006//5 2010//5 2009//5
f 2009//5 2005//5 2006//5
f 2008//6 2009//6 2010//6
f 2010//6 2011//6 2008//6
f 2012//1 2015//1 2014//1
f 2014//1 2013//1 2012//1
f 2012//2 2016//2 2019//2
f 2019//2 2015//2 2012//2
f 2017//3 2016//3 2012//3
f 2012//3 2013//3 2017//3
f 2015//4 2019//4 2018//4
f 2018//4 2014//4 2015//4
f 2014//5 2018//5 2017//5
f 2017//5 2013//5 2014//5
f 2016//6 2017//6 2018//6
f 2018//6 2019//6 2016//6
f 2020//1 2023//1 2022//1
f 2022//1 2021//1 2020//1
f 2020//2 2024//2 2027//2
f 2027//2 2023//2 2020//2
f 2025//3 2024//3 2020//3
f 2020//3 2021//3 2025//3
f 2023//4 2027//4 2026//4
f 2026//4 2022//4 2023//4
f 2022//5 2026//5 2025//5
f 2025//5 2021//5 2022//5
f 2024//6 2025//6 2026//6
f 2026//6 2027//6 2024//6
f 2021//1 2022//1 2029//1
f 2029//1 2028//1 2021//1
f 2021//2 2025//2 2026//2
f 2026//2 2022//2 2021//2
f 2030//3 2025//3 2021//3
f 2021//3 2028//3 2030//3
f 2022//4 2026//4 2031//4
f 2031//4 2029//4 2022//4
f 2029//5 2031//5 2030//5
f 2030//5 2028//5 2029//5
f 2025//6 2030//6 2031//6
f 2031//6 2026//6 2025//6
f 2028//1 2029//1 2033//1
f 2033//1 2032//1 2028//1
f 2028//2 2030//2 2031//2
f 2031//2 2029//2 2028//2
f 2034//3 2030//3 2028//3
f 2028//3 2032//3 2034//3
f 2029//4 2031//4 2035//4
f 2035//4 2033//4 2029//4
f 2033//5 2035//5 2034//5
f 2034//5 2032//5 2033//5
f 2030//6 2034//6 2035//6
f 2035//6 2031//6 2030//6
f 2032//1 2033//1 2037//1
f 2037//1 2036//1 2032//1
f 2032//2 2034//2 2035//2
f 2035//2 2033//2 2032//2
f 2038//3 2034//3 2032//3
f 2032//3 2036//3 2038//3
f 2033//4 2035//4 2039//4
f 2039//4 2037//4 2033//4
f 2037//5 2039//5 2038//5
f 2038//5 2036//5 2037//5
f 2034//6 2038//6 2039//6
f 2039//6 2035//6 2034//6
f 1944//1 1947//1 1946//1
f 1946//1 1945//1 1944//1
f 1944//2 2040//2 2043//2
f 2043//2 1947//2 1944//2
f 2041//3 2040//3 1944//3
f 1944//3 1945//3 2041//3
f 1947//4 2043//4 2042//4
f 2042//4 1946//4 1947//4
f 1946//5 2042//5 2041//5
f 2041//5 1945//5 1946//5
f 2040//6 2041//6 2042//6
f 2042//6 2043//6 2040//6
f 2016//1 2019//1 2018//1
f 2018//1 2017//1 2016//1
f 2016//2 2044//2 2047//2
f 2047//2 2019//2 2016//2
f 2045//3 2044//3 2016//3
f 2016//3 2017//3 2045//3
f 2019//4 2047//4 2046//4
f 2046//4 2018//4 2019//4
f 2018//5 2046//5 2045//5
f 2045//5 2017//5 2018//5
f 2044//6 2045//6 2046//6
f 2046//6 2047//6 2044//6
f 2024//1 2027//1 2026//1
f 2026//1 2025//1 2024//1
f 2024//2 2048//2 2051//2
f 2051//2 2027//2 2024//2
f 2049//3 2048//3 2024//3
f 2024//3 2025//3 2049//3
f 2027//4 2051//4 2050//4
f 2050//4 2026//4 2027//4
f 2026//5 2050//5 2049//5
f 2049//5 2025//5 2026//5
f 2048//6 2049//6 2050//6
f 2050//6 2051//6 2048//6
f 2025//1 2026//1 2031//1
f 2031//1 2030//1 2025//1
f 2025//2 2049//2 2050//2
f 2050//2 2026//2 2025//2
f 2052//3 2049//3 2025//3
f 2025//3 2030//3 2052//3
f 2026//4 2050//4 2053//4
f 2053//4 2031//4 2026//4
f 2031//5 2053//5 2052//5
f 2052//5 2030//5 2031//5
f 2049//6 2052//6 2053//6
f 2053//6 2050//6 2049//6
f 2030//1 2031//1 2035//1
f 2035//1 2034//1 2030//1
f 2030//2 2052//2 2053//2
f 2053//2 2031//2 2030//2
f 2054//3 2052//3 2030//3
f 2030//3 2034//3 2054//3
f 2031//4 2053//4 2055//4
f 2055//4 2035//4 2031//4
f 2035//5 2055//5 2054//5
f 2054//5 2034//5 2035//5
f 2052//6 2054//6 2055//6
f 2055//6 2053//6 2052//6
f 2040//1 2043//1 2042//1
f 2042//1 2041//1 2040//1
f 2040//2 2056//2 2059//2
f 2059//2 2043//2 2040//2
f 2057//3 2056//3 2040//3
f 2040//3 2041//3 2057//3
f 2043//4 2059//4 2058//4
f 2058//4 2042//4 2043//4
f 2042//5 2058//5 2057//5
f 2057//5 2041//5 2042//5
f 2056//6 2057//6 2058//6
f 2058//6 2059//6 2056//6
f 2060//1 2063//1 2062//1
f 2062//1 2061//1 2060//1
f 2060//2 2064//2 2067//2
f 2067//2 2063//2 2060//2
f 2065//3 2064//3 2060//3
f 2060//3 2061//3 2065//3
f 2063//4 2067//4 2066//4
f 2066//4 2062//4 2063//4
f 2062//5 2066//5 2065//5
f 2065//5 2061//5 2062//5
f 2064//6 2065//6 2066//6
f 2066//6 2067//6 2064//6
f 2068//1 2071//1 2070//1
f 2070//1 2069//1 2068//1
f 2068//2 2072//2 2075//2
f 2075//2 2071//2 2068//2
f 2073//3 2072//3 2068//3
f 2068//3 2069//3 2073//3
f 2071//4 2075//4 2074//4
f 2074//4 2070//4 2071//4
f 2070//5 2074//5 2073//5
f 2073//5 2069//5 2070//5
f 2072//6 2073//6 2074//6
f 2074//6 2075//6 2072//6
f 2076//1 2079//1 2078//1
f 2078//1 2077//1 2076//1
f 2076//2 2080//2 2083//2
f 2083//2 2079//2 2076//2
f 2081//3 2080//3 2076//3
f 2076//3 2077//3 2081//3
f 2079//4 2083//4 2082//4
f 2082//4 2078//4 2079//4
f 2078//5 2082//5 2081//5
f 2081//5 2077//5 2078//5
f 2080//6 2081//6 2082//6
f 2082//6 2083//6 2080//6
f 2084//1 2087//1 2086//1
f 2086//1 2085//1 2084//1
f 2084//2 2088//2 2091//2
f 2091//2 2087//2 2084//2
f 2089//3 2088//3 2084//3
f 2084//3 2085//3 2089//3
f 2087//4 2091//4 2090//4
f 2090//4 2086//4 2087//4
f 2086//5 2090//5 2089//5
f 2089//5 2085//5 2086//5
f 2088//6 2089//6 2090//6
f 2090//6 2091//6 2088//6
f 2092//1 2095//1 2094//1
f 2094//1 2093//1 2092//1
f 2092//2 2096//2 2099//2
f 2099//2 2095//2 2092//2
f 2097//3 2096//3 2092//3
f 2092//3 2093//3 2097//3
f 2095//4 2099//4 2098//4
f 2098//4 2094//4 2095//4
f 2094//5 2098//5 2097//5
f 2097//5 2093//5 2094//5
f 2096//6 2097//6 2098//6
f 2098//6 2099//6 2096//6
f 2093//1 2094//1 2101//1
f 2101//1 2100//1 2093//1
f 2093//2 2097//2 2098//2
f 2098//2 2094//2 2093//2
f 2102//3 2097//3 2093//3
f 2093//3 2100//3 2102//3
f 2094//4 2098//4 2103//4
f 2103//4 2101//4 2094//4
f 2101//5 2103//5 2102//5
f 2102//5 2100//5 2101//5
f 2097//6 2102//6 2103//6
f 2103//6 2098//6 2097//6
f 2100//1 2101//1 2105//1
f 2105//1 2104//1 2100//1
f 2100//2 2102//2 2103//2
f 2103//2 2101//2 2100//2
f 2106//3 2102//3 2100//3
f 2100//3 2104//3 2106//3
f 2101//4 2103//4 2107//4
f 2107//4 2105//4 2101//4
f 2105//5 2107//5 2106//5
f 2106//5 2104//5 2105//5
f 2102//6 2106//6 2107//6
f 2107//6 2103//6 2102//6
f 2108//1 2111//1 2110//1
f 2110//1 2109//1 2108//1
f 2108//2 2112//2 2115//2
f 2115//2 2111//2 2108//2
f 2113//3 2112//3 2108//3
f 2108//3 2109//3 2113//3
f 2111//4 2115//4 2114//4
f 2114//4 2110//4 2111//4
f 2110//5 2114//5 2113//5
f 2113//5 2109//5 2110//5
f 2112//6 2113//6 2114//6
f 2114//6 2115//6 2112//6
f 2109//1 2110//1 2117//1
f 2117//1 2116//1 2109//1
f 2109//2 2113//2 2114//2
f 2114//2 2110//2 2109//2
f 2118//3 2113//3 2109//3
f 2109//3 2116//3 2118//3
f 2110//4 2114//4 2119//4
f 2119//4 2117//4 2110//4
f 2117//5 2119//5 2118//5
f 2118//5 2116//5 2117//5
f 2113//6 2118//6 2119//6
f 2119//6 2114//6 2113//6
f 2120//1 2123//1 2122//1
f 2122//1 2121//1 2120//1
f 2120//2 2124//2 2127//2
f 2127//2 2123//2 2120//2
f 2125//3 2124//3 2120//3
f 2120//3 2121//3 2125//3
f 2123//4 2127//4 2126//4
f 2126//4 2122//4 2123//4
f 2122//5 2126//5 2125//5
f 2125//5 2121//5 2122//5
f 2124//6 2125//6 2126//6
f 2126//6 2127//6 2124//6
f 2121//1 2122//1 2129//1
f 2129//1 2128//1 2121//1
f 2121//2 2125//2 2126//2
f 2126//2 2122//2 2121//2
f 2130//3 2125//3 2121//3
f 2121//3 2128//3 2130//3
f 2122//4 2126//4 2131//4
f 2131//4 2129//4 2122//4
f 2129//5 2131//5 2130//5
f 2130//5 2128//5 2129//5
f 2125//6 2130//6 2131//6
f 2131//6 2126//6 2125//6
f 2128//1 2129//1 2133//1
f 2133//1 2132//1 2128//1
f 2128//2 2130//2 2131//2
f 2131//2 2129//2 2128//2
f 2134//3 2130//3 2128//3
f 2128//3 2132//3 2134//3
f 2129//4 2131//4 2135//4
f 2135//4 2133//4 2129//4
f 2133//5 2135//5 2134//5
f 2134//5 2132//5 2133//5
f 2130//6 2134//6 2135//6
f 2135//6 2131//6 2130//6
f 2136//1 2139//1 2138//1
f 2138//1 2137//1 2136//1
f 2136//2 2140//2 2143//2
f 2143//2 2139//2 2136//2
f 2141//3 2140//3 2136//3
f 2136//3 2137//3 2141//3
f 2139//4 2143//4 2142//4
f 2142//4 2138//4 2139//4
f 2138//5 2142//5 2141//5
f 2141//5 2137//5 2138//5
f 2140//6 2141//6 2142//6
f 2142//6 2143//6 2140//6
f 2144//1 2147//1 2146//1
f 2146//1 2145//1 2144//1
f 2144//2 2148//2 2151//2
f 2151//2 2147//2 2144//2
f 2149//3 2148//3 2144//3
f 2144//3 2145//3 2149//3
f 2147//4 2151//4 2150//4
f 2150//4 2146//4 2147//4
f 2146//5 2150//5 2149//5
f 2149//5 2145//5 2146//5
f 2148//6 2149//6 2150//6
f 2150//6 2151//6 2148//6
f 2152//1 2155//1 2154//1
f 2154//1 2153//1 2152//1
f 2152//2 2156//2 2159//2
f 2159//2 2155//2 2152//2
f 2157//3 2156//3 2152//3
f 2152//3 2153//3 2157//3
f 2155//4 2159//4 2158//4
f 2158//4 2154//4 2155//4
f 2154//5 2158//5 2157//5
f 2157//5 2153//5 2154//5
f 2156//6 2157//6 2158//6
f 2158//6 2159//6 2156//6
f 2044//1 2047//1 2046//1
f 2046//1 2045//1 2044//1
f 2044//2 2160//2 2163//2
f 2163//2 2047//2 2044//2
f 2161//3 2160//3 2044//3
f 2044//3 2045//3 2161//3
f 2047//4 2163//4 2162//4
f 2162//4 2046//4 2047//4
f 2046//5 2162//5 2161//5
f 2161//5 2045//5 2046//5
f 2160//6 2161//6 2162//6
f 2162//6 2163//6 2160//6
f 2048//1 2051//1 2050//1
f 2050//1 2049//1 2048//1
f 2048//2 2164//2 2167//2
f 2167//2 2051//2 2048//2
f 2165//3 2164//3 2048//3
f 2048//3 2049//3 2165//3
f 2051//4 2167//4 2166//4
f 2166//4 2050//4 2051//4
f 2050//5 2166//5 2165//5
f 2165//5 2049//5 2050//5
f 2164//6 2165//6 2166//6
f 2166//6 2167//6 2164//6
f 2056//1 2059//1 2058//1
f 2058//1 2057//1 2056//1
f 2056//2 2168//2 2171//2
f 2171//2 2059//2 2056//2
f 2169//3 2168//3 2056//3
f 2056//3 2057//3 2169//3
f 2059//4 2171//4 2170//4
f 2170//4 2058//4 2059//4
f 2058//5 2170//5 2169//5
f 2169//5 2057//5 2058//5
f 2168//6 2169//6 2170//6
f 2170//6 2171//6 2168//6
f 2057//1 2058//1 2173//1
f 2173//1 2172//1 2057//1
f 2057//2 2169//2 2170//2
f 2170//2 2058//2 2057//2
f 2174//3 2169//3 2057//3
f 2057//3 2172//3 2174//3
f 2058//4 2170//4 2175//4
f 2175//4 2173//4 2058//4
f 2173//5 2175//5 2174//5
f 2174//5 2172//5 2173//5
f 2169//6 2174//6 2175//6
f 2175//6 2170//6 2169//6
f 2172//1 2173//1 2177//1
f 2177//1 2176//1 2172//1
f 2172//2 2174//2 2175//2
f 2175//2 2173//2 2172//2
f 2178//3 2174//3 2172//3
f 2172//3 2176//3 2178//3
f 2173//4 2175//4 2179//4
f 2179//4 2177//4 2173//4
f 2177//5 2179//5 2178//5
f 2178//5 2176//5 2177//5
f 2174//6 2178//6 2179//6
f 2179//6 2175//6 2174//6
f 2176//1 2177//1 2067//1
f 2067//1 2064//1 2176//1
f 2176//2 2178//2 2179//2
f 2179//2 2177//2 2176//2
f 2180//3 2178//3 2176//3
f 2176//3 2064//3 2180//3
f 2177//4 2179//4 2181//4
f 2181//4 2067//4 2177//4
f 2067//5 2181//5 2180//5
f 2180//5 2064//5 2067//5
f 2178//6 2180//6 2181//6
f 2181//6 2179//6 2178//6
f 2064//1 2067//1 2066//1
f 2066//1 2065//1 2064//1
f 2064//2 2180//2 2181//2
f 2181//2 2067//2 2064//2
f 2182//3 2180//3 2064//3
f 2064//3 2065//3 2182//3
f 2067//4 2181//4 2183//4
f 2183//4 2066//4 2067//4
f 2066//5 2183//5 2182//5
f 2182//5 2065//5 2066//5
f 2180//6 2182//6 2183//6
f 2183//6 2181//6 2180//6
f 2072//1 2075//1 2074//1
f 2074//1 2073//1 2072//1
f 2072//2 2184//2 2187//2
f 2187//2 2075//2 2072//2
f 2185//3 2184//3 2072//3
f 2072//3 2073//3 2185//3
f 2075//4 2187//4 2186//4
f 2186//4 2074//4 2075//4
f 2074//5 2186//5 2185//5
f 2185//5 2073//5 2074//5
f 2184//6 2185//6 2186//6
f 2186//6 2187//6 2184//6
f 2080//1 2083//1 2082//1
f 2082//1 2081//1 2080//1
f 2080//2 2188//2 2191//2
f 2191//2 2083//2 2080//2
f 2189//3 2188//3 2080//3
f 2080//3 2081//3 2189//3
f 2083//4 2191//4 2190//4
f 2190//4 2082//4 2083//4
f 2082//5 2190//5 2189//5
f 2189//5 2081//5 2082//5
f 2188//6 2189//6 2190//6
f 2190//6 2191//6 2188//6
f 2088//1 2091//1 2090//1
f 2090//1 2089//1 2088//1
f 2088//2 2192//2 2195//2
f 2195//2 2091//2 2088//2
f 2193//3 2192//3 2088//3
f 2088//3 2089//3 2193//3
f 2091//4 2195//4 2194//4
f 2194//4 2090//4 2091//4
f 2090//5 2194//5 2193//5
f 2193//5 2089//5 2090//5
f 2192//6 2193//6 2194//6
f 2194//6 2195//6 2192//6
f 2097//1 2098//1 2103//1
f 2103//1 2102//1 2097//1
f 2097//2 2196//2 2199//2
f 2199//2 2098//2 2097//2
f 2197//3 2196//3 2097//3
f 2097//3 2102//3 2197//3
f 2098//4 2199//4 2198//4
f 2198//4 2103//4 2098//4
f 2103//5 2198//5 2197//5
f 2197//5 2102//5 2103//5
f 2196//6 2197//6 2198//6
f 2198//6 2199//6 2196//6
f 2112//1 2115//1 2114//1
f 2114//1 2113//1 2112//1
f 2112//2 2200//2 2203//2
f 2203//2 2115//2 2112//2
f 2201//3 2200//3 2112//3
f 2112//3 2113//3 2201//3
f 2115//4 2203//4 2202//4
f 2202//4 2114//4 2115//4
f 2114//5 2202//5 2201//5
f 2201//5 2113//5 2114//5
f 2200//6 2201//6 2202//6
f 2202//6 2203//6 2200//6
f 2168//1 2171//1 2170//1
f 2170//1 2169//1 2168//1
f 2168//2 2204//2 2207//2
f 2207//2 2171//2 2168//2
f 2205//3 2204//3 2168//3
f 2168//3 2169//3 2205//3
f 2171//4 2207//4 2206//4
f 2206//4 2170//4 2171//4
f 2170//5 2206//5 2205//5
f 2205//5 2169//5 2170//5
f 2204//6 2205//6 2206//6
f 2206//6 2207//6 2204//6
f 2169//1 2170//1 2175//1
f 2175//1 2174//1 2169//1
f 2169//2 2205//2 2206//2
f 2206//2 2170//2 2169//2
f 2208//3 2205//3 2169//3
f 2169//3 2174//3 2208//3
f 2170//4 2206//4 2209//4
f 2209//4 2175//4 2170//4
f 2175//5 2209//5 2208//5
f 2208//5 2174//5 2175//5
f 2205//6 2208//6 2209//6
f 2209//6 2206//6 2205//6
f 2174//1 2175//1 2179//1
f 2179//1 2178//1 2174//1
f 2174//2 2208//2 2209//2
f 2209//2 2175//2 2174//2
f 2210//3 2208//3 2174//3
f 2174//3 2178//3 2210//3
f 2175//4 2209//4 2211//4
f 2211//4 2179//4 2175//4
f 2179//5 2211//5 2210//5
f 2210//5 2178//5 2179//5
f 2208//6 2210//6 2211//6
f 2211//6 2209//6 2208//6
f 2204//1 2207//1 2206//1
f 2206//1 2205//1 2204//1
f 2204//2 2212//2 2215//2
f 2215//2 2207//2 2204//2
f 2213//3 2212//3 2204//3
f 2204//3 2205//3 2213//3
f 2207//4 2215//4 2214//4
f 2214//4 2206//4 2207//4
f 2206//5 2214//5 2213//5
f 2213//5 2205//5 2206//5
f 2212//6 2213//6 2214//6
f 2214//6 2215//6 2212//6
f 1735//1 2217//1 2216//1
f 2216//1 1734//1 1735//1
f 1735//2 1739//2 2219//2
f 2219//2 2217//2 1735//2
f 1738//3 1739//3 1735//3
f 1735//3 1734//3 1738//3
f 2217//4 2219//4 2218//4
f 2218//4 2216//4 2217//4
f 2216//5 2218//5 1738//5
f 1738//5 1734//5 2216//5
f 1739//6 1738//6 2218//6
f 2218//6 2219//6 1739//6
f 1751//1 2221//1 2220//1
f 2220//1 1750//1 1751//1
f 1751//2 1755//2 2223//2
f 2223//2 2221//2 1751//2
f 1754//3 1755//3 1751//3
f 1751//3 1750//3 1754//3
f 2221//4 2223//4 2222//4
f 2222//4 2220//4 2221//4
f 2220//5 2222//5 1754//5
f 1754//5 1750//5 2220//5
f 1755//6 1754//6 2222//6
f 2222//6 2223//6 1755//6
f 1739//1 2219//1 2218//1
f 2218//1 1738//1 1739//1
f 1739//2 1759//2 2225//2
f 2225//2 2219//2 1739//2
f 1758//3 1759//3 1739//3
f 1739//3 1738//3 1758//3
f 2219//4 2225//4 2224//4
f 2224//4 2218//4 2219//4
f 2218//5 2224//5 1758//5
f 1758//5 1738//5 2218//5
f 1759//6 1758//6 2224//6
f 2224//6 2225//6 1759//6
f 1771//1 2227//1 2226//1
f 2226//1 1770//1 1771//1
f 1771//2 1775//2 2229//2
f 2229//2 2227//2 1771//2
f 1774//3 1775//3 1771//3
f 1771//3 1770//3 1774//3
f 2227//4 2229//4 2228//4
f 2228//4 2226//4 2227//4
f 2226//5 2228//5 1774//5
f 1774//5 1770//5 2226//5
f 1775//6 1774//6 2228//6
f 2228//6 2229//6 1775//6
f 1779//1 2231//1 2230//1
f 2230//1 1778//1 1779//1
f 1779//2 1783//2 2233//2
f 2233//2 2231//2 1779//2
f 1782//3 1783//3 1779//3
f 1779//3 1778//3 1782//3
f 2231//4 2233//4 2232//4
f 2232//4 2230//4 2231//4
f 2230//5 2232//5 1782//5
f 1782//5 1778//5 2230//5
f 1783//6 1782//6 2232//6
f 2232//6 2233//6 1783//6
f 1787//1 2235//1 2234//1
f 2234//1 1786//1 1787//1
f 1787//2 1791//2 2237//2
f 2237//2 2235//2 1787//2
f 1790//3 1791//3 1787//3
f 1787//3 1786//3 1790//3
f 2235//4 2237//4 2236//4
f 2236//4 2234//4 2235//4
f 2234//5 2236//5 1790//5
f 1790//5 1786//5 2234//5
f 1791//6 1790//6 2236//6
f 2236//6 2237//6 1791//6
f 1795//1 2239//1 2238//1
f 2238//1 1794//1 1795//1
f 1795//2 1799//2 2241//2
f 2241//2 2239//2 1795//2
f 1798//3 1799//3 1795//3
f 1795//3 1794//3 1798//3
f 2239//4 2241//4 2240//4
f 2240//4 2238//4 2239//4
f 2238//5 2240//5 1798//5
f 1798//5 1794//5 2238//5
f 1799//6 1798//6 2240//6
f 2240//6 2241//6 1799//6
f 1794//1 2238//1 2242//1
f 2242//1 1801//1 1794//1
f 1794//2 1798//2 2240//2
f 2240//2 2238//2 1794//2
f 1803//3 1798//3 1794//3
f 1794//3 1801//3 1803//3
f 2238//4 2240//4 2243//4
f 2243//4 2242//4 2238//4
f 2242//5 2243//5 1803//5
f 1803//5 1801//5 2242//5
f 1798//6 1803//6 2243//6
f 2243//6 2240//6 1798//6
f 1755//1 2223//1 2222//1
f 2222//1 1754//1 1755//1
f 1755//2 2244//2 2247//2
f 2247//2 2223//2 1755//2
f 2245//3 2244//3 1755//3
f 1755//3 1754//3 2245//3
f 2223//4 2247//4 2246//4
f 2246//4 2222//4 2223//4
f 2222//5 2246//5 2245//5
f 2245//5 1754//5 2222//5
f 2244//6 2245//6 2246//6
f 2246//6 2247//6 2244//6
f 1819//1 2249//1 2248//1
f 2248//1 1818//1 1819//1
f 1819//2 1823//2 2251//2
f 2251//2 2249//2 1819//2
f 1822//3 1823//3 1819//3
f 1819//3 1818//3 1822//3
f 2249//4 2251//4 2250//4
f 2250//4 2248//4 2249//4
f 2248//5 2250//5 1822//5
f 1822//5 1818//5 2248//5
f 1823//6 1822//6 2250//6
f 2250//6 2251//6 1823//6
f 1818//1 2248//1 2252//1
f 2252//1 1825//1 1818//1
f 1818//2 1822//2 2250//2
f 2250//2 2248//2 1818//2
f 1827//3 1822//3 1818//3
f 1818//3 1825//3 1827//3
f 2248//4 2250//4 2253//4
f 2253//4 2252//4 2248//4
f 2252//5 2253//5 1827//5
f 1827//5 1825//5 2252//5
f 1822//6 1827//6 2253//6
f 2253//6 2250//6 1822//6
f 1843//1 2255//1 2254//1
f 2254//1 1842//1 1843//1
f 1843//2 1847//2 2257//2
f 2257//2 2255//2 1843//2
f 1846//3 1847//3 1843//3
f 1843//3 1842//3 1846//3
f 2255//4 2257//4 2256//4
f 2256//4 2254//4 2255//4
f 2254//5 2256//5 1846//5
f 1846//5 1842//5 2254//5
f 1847//6 1846//6 2256//6
f 2256//6 2257//6 1847//6
f 2258//1 2261//1 2260//1
f 2260//1 2259//1 2258//1
f 2258//2 2262//2 2265//2
f 2265//2 2261//2 2258//2
f 2263//3 2262//3 2258//3
f 2258//3 2259//3 2263//3
f 2261//4 2265//4 2264//4
f 2264//4 2260//4 2261//4
f 2260//5 2264//5 2263//5
f 2263//5 2259//5 2260//5
f 2262//6 2263//6 2264//6
f 2264//6 2265//6 2262//6
f 2266//1 2269//1 2268//1
f 2268//1 2267//1 2266//1
f 2266//2 2270//2 2273//2
f 2273//2 2269//2 2266//2
f 2271//3 2270//3 2266//3
f 2266//3 2267//3 2271//3
f 2269//4 2273//4 2272//4
f 2272//4 2268//4 2269//4
f 2268//5 2272//5 2271//5
f 2271//5 2267//5 2268//5
f 2270//6 2271//6 2272//6
f 2272//6 2273//6 2270//6
f 2274//1 2276//1 2275//1
f 2275//1 1851//1 2274//1
f 2274//2 2277//2 2279//2
f 2279//2 2276//2 2274//2
f 1855//3 2277//3 2274//3
f 2274//3 1851//3 1855//3
f 2276//4 2279//4 2278//4
f 2278//4 2275//4 2276//4
f 2275//5 2278//5 1855//5
f 1855//5 1851//5 2275//5
f 2277//6 1855//6 2278//6
f 2278//6 2279//6 2277//6
f 1851//1 2275//1 2280//1
f 2280//1 1850//1 1851//1
f 1851//2 1855//2 2278//2
f 2278//2 2275//2 1851//2
f 1854//3 1855//3 1851//3
f 1851//3 1850//3 1854//3
f 2275//4 2278//4 2281//4
f 2281//4 2280//4 2275//4
f 2280//5 2281//5 1854//5
f 1854//5 1850//5 2280//5
f 1855//6 1854//6 2281//6
f 2281//6 2278//6 1855//6
f 1850//1 2280//1 2282//1
f 2282//1 1857//1 1850//1
f 1850//2 1854//2 2281//2
f 2281//2 2280//2 1850//2
f 1859//3 1854//3 1850//3
f 1850//3 1857//3 1859//3
f 2280//4 2281//4 2283//4
f 2283//4 2282//4 2280//4
f 2282//5 2283//5 1859//5
f 1859//5 1857//5 2282//5
f 1854//6 1859//6 2283//6
f 2283//6 2281//6 1854//6
f 1863//1 2285//1 2284//1
f 2284//1 1862//1 1863//1
f 1863//2 1867//2 2287//2
f 2287//2 2285//2 1863//2
f 1866//3 1867//3 1863//3
f 1863//3 1862//3 1866//3
f 2285//4 2287//4 2286//4
f 2286//4 2284//4 2285//4
f 2284//5 2286//5 1866//5
f 1866//5 1862//5 2284//5
f 1867//6 1866//6 2286//6
f 2286//6 2287//6 1867//6
f 1862//1 2284//1 2288//1
f 2288//1 1869//1 1862//1
f 1862//2 1866//2 2286//2
f 2286//2 2284//2 1862//2
f 1871//3 1866//3 1862//3
f 1862//3 1869//3 1871//3
f 2284//4 2286//4 2289//4
f 2289//4 2288//4 2284//4
f 2288//5 2289//5 1871//5
f 1871//5 1869//5 2288//5
f 1866//6 1871//6 2289//6
f 2289//6 2286//6 1866//6
f 1875//1 2291//1 2290//1
f 2290//1 1874//1 1875//1
f 1875//2 1879//2 2293//2
f 2293//2 2291//2 1875//2
f 1878//3 1879//3 1875//3
f 1875//3 1874//3 1878//3
f 2291//4 2293//4 2292//4
f 2292//4 2290//4 2291//4
f 2290//5 2292//5 1878//5
f 1878//5 1874//5 2290//5
f 1879//6 1878//6 2292//6
f 2292//6 2293//6 1879//6
f 1891//1 2295//1 2294//1
f 2294//1 1890//1 1891//1
f 1891//2 1895//2 2297//2
f 2297//2 2295//2 1891//2
f 1894//3 1895//3 1891//3
f 1891//3 1890//3 1894//3
f 2295//4 2297//4 2296//4
f 2296//4 2294//4 2295//4
f 2294//5 2296//5 1894//5
f 1894//5 1890//5 2294//5
f 1895//6 1894//6 2296//6
f 2296//6 2297//6 1895//6
f 1907//1 2299//1 2298//1
f 2298//1 1906//1 1907//1
f 1907//2 1911//2 2301//2
f 2301//2 2299//2 1907//2
f 1910//3 1911//3 1907//3
f 1907//3 1906//3 1910//3
f 2299//4 2301//4 2300//4
f 2300//4 2298//4 2299//4
f 2298//5 2300//5 1910//5
f 1910//5 1906//5 2298//5
f 1911//6 1910//6 2300//6
f 2300//6 2301//6 1911//6
f 1915//1 2303//1 2302//1
f 2302//1 1914//1 1915//1
f 1915//2 1919//2 2305//2
f 2305//2 2303//2 1915//2
f 1918//3 1919//3 1915//3
f 1915//3 1914//3 1918//3
f 2303//4 2305//4 2304//4
f 2304//4 2302//4 2303//4
f 2302//5 2304//5 1918//5
f 1918//5 1914//5 2302//5
f 1919//6 1918//6 2304//6
f 2304//6 2305//6 1919//6
f 1943//1 2307//1 2306//1
f 2306//1 1942//1 1943//1
f 1943//2 1947//2 2309//2
f 2309//2 2307//2 1943//2
f 1946//3 1947//3 1943//3
f 1943//3 1942//3 1946//3
f 2307//4 2309//4 2308//4
f 2308//4 2306//4 2307//4
f 2306//5 2308//5 1946//5
f 1946//5 1942//5 2306//5
f 1947//6 1946//6 2308//6
f 2308//6 2309//6 1947//6
f 1942//1 2306//1 2310//1
f 2310//1 1949//1 1942//1
f 1942//2 1946//2 2308//2
f 2308//2 2306//2 1942//2
f 1951//3 1946//3 1942//3
f 1942//3 1949//3 1951//3
f 2306//4 2308//4 2311//4
f 2311//4 2310//4 2306//4
f 2310//5 2311//5 1951//5
f 1951//5 1949//5 2310//5
f 1946//6 1951//6 2311//6
f 2311//6 2308//6 1946//6
f 1949//1 2310//1 2312//1
f 2312//1 1953//1 1949//1
f 1949//2 1951//2 2311//2
f 2311//2 2310//2 1949//2
f 1955//3 1951//3 1949//3
f 1949//3 1953//3 1955//3
f 2310//4 2311//4 2313//4
f 2313//4 2312//4 2310//4
f 2312//5 2313//5 1955//5
f 1955//5 1953//5 2312//5
f 1951//6 1955//6 2313//6
f 2313//6 2311//6 1951//6
f 1953//1 2312//1 2314//1
f 2314//1 1957//1 1953//1
f 1953//2 1955//2 2313//2
f 2313//2 2312//2 1953//2
f 1959//3 1955//3 1953//3
f 1953//3 1957//3 1959//3
f 2312//4 2313//4 2315//4
f 2315//4 2314//4 2312//4
f 2314//5 2315//5 1959//5
f 1959//5 1957//5 2314//5
f 1955//6 1959//6 2315//6
f 2315//6 2313//6 1955//6
f 1957//1 2314//1 2316//1
f 2316//1 1961//1 1957//1
f 1957//2 1959//2 2315//2
f 2315//2 2314//2 1957//2
f 1963//3 1959//3 1957//3
f 1957//3 1961//3 1963//3
f 2314//4 2315//4 2317//4
f 2317//4 2316//4 2314//4
f 2316//5 2317//5 1963//5
f 1963//5 1961//5 2316//5
f 1959//6 1963//6 2317//6
f 2317//6 2315//6 1959//6
f 1967//1 2319//1 2318//1
f 2318//1 1966//1 1967//1
f 1967//2 1971//2 2321//2
f 2321//2 2319//2 1967//2
f 1970//3 1971//3 1967//3
f 1967//3 1966//3 1970//3
f 2319//4 2321//4 2320//4
f 2320//4 2318//4 2319//4
f 2318//5 2320//5 1970//5
f 1970//5 1966//5 2318//5
f 1971//6 1970//6 2320//6
f 2320//6 2321//6 1971//6
f 2322//1 2325//1 2324//1
f 2324//1 2323//1 2322//1
f 2322//2 2326//2 2329//2
f 2329//2 2325//2 2322//2
f 2327//3 2326//3 2322//3
f 2322//3 2323//3 2327//3
f 2325//4 2329//4 2328//4
f 2328//4 2324//4 2325//4
f 2324//5 2328//5 2327//5
f 2327//5 2323//5 2324//5
f 2326//6 2327//6 2328//6
f 2328//6 2329//6 2326//6
f 2330//1 2333//1 2332//1
f 2332//1 2331//1 2330//1
f 2330//2 2334//2 2337//2
f 2337//2 2333//2 2330//2
f 2335//3 2334//3 2330//3
f 2330//3 2331//3 2335//3
f 2333//4 2337//4 2336//4
f 2336//4 2332//4 2333//4
f 2332//5 2336//5 2335//5
f 2335//5 2331//5 2332//5
f 2334//6 2335//6 2336//6
f 2336//6 2337//6 2334//6
f 2331//1 2332//1 2339//1
f 2339//1 2338//1 2331//1
f 2331//2 2335//2 2336//2
f 2336//2 2332//2 2331//2
f 2340//3 2335//3 2331//3
f 2331//3 2338//3 2340//3
f 2332//4 2336//4 2341//4
f 2341//4 2339//4 2332//4
f 2339//5 2341//5 2340//5
f 2340//5 2338//5 2339//5
f 2335//6 2340//6 2341//6
f 2341//6 2336//6 2335//6
f 2338//1 2339//1 2343//1
f 2343//1 2342//1 2338//1
f 2338//2 2340//2 2341//2
f 2341//2 2339//2 2338//2
f 2344//3 2340//3 2338//3
f 2338//3 2342//3 2344//3
f 2339//4 2341//4 2345//4
f 2345//4 2343//4 2339//4
f 2343//5 2345//5 2344//5
f 2344//5 2342//5 2343//5
f 2340//6 2344//6 2345//6
f 2345//6 2341//6 2340//6
f 2346//1 2349//1 2348//1
f 2348//1 2347//1 2346//1
f 2346//2 2350//2 2353//2
f 2353//2 2349//2 2346//2
f 2351//3 2350//3 2346//3
f 2346//3 2347//3 2351//3
f 2349//4 2353//4 2352//4
f 2352//4 2348//4 2349//4
f 2348//5 2352//5 2351//5
f 2351//5 2347//5 2348//5
f 2350//6 2351//6 2352//6
f 2352//6 2353//6 2350//6
f 2347//1 2348//1 2355//1
f 2355//1 2354//1 2347//1
f 2347//2 2351//2 2352//2
f 2352//2 2348//2 2347//2
f 2356//3 2351//3 2347//3
f 2347//3 2354//3 2356//3
f 2348//4 2352//4 2357//4
f 2357//4 2355//4 2348//4
f 2355//5 2357//5 2356//5
f 2356//5 2354//5 2355//5
f 2351//6 2356//6 2357//6
f 2357//6 2352//6 2351//6
f 1975//1 2359//1 2358//1
f 2358//1 1974//1 1975//1
f 1975//2 1979//2 2361//2
f 2361//2 2359//2 1975//2
f 1978//3 1979//3 1975//3
f 1975//3 1974//3 1978//3
f 2359//4 2361//4 2360//4
f 2360//4 2358//4 2359//4
f 2358//5 2360//5 1978//5
f 1978//5 1974//5 2358//5
f 1979//6 1978//6 2360//6
f 2360//6 2361//6 1979//6
f 1974//1 2358//1 2362//1
f 2362//1 1981//1 1974//1
f 1974//2 1978//2 2360//2
f 2360//2 2358//2 1974//2
f 1983//3 1978//3 1974//3
f 1974//3 1981//3 1983//3
f 2358//4 2360//4 2363//4
f 2363//4 2362//4 2358//4
f 2362//5 2363//5 1983//5
f 1983//5 1981//5 2362//5
f 1978//6 1983//6 2363//6
f 2363//6 2360//6 1978//6
f 1981//1 2362//1 2364//1
f 2364//1 1985//1 1981//1
f 1981//2 1983//2 2363//2
f 2363//2 2362//2 1981//2
f 1987//3 1983//3 1981//3
f 1981//3 1985//3 1987//3
f 2362//4 2363//4 2365//4
f 2365//4 2364//4 2362//4
f 2364//5 2365//5 1987//5
f 1987//5 1985//5 2364//5
f 1983//6 1987//6 2365//6
f 2365//6 2363//6 1983//6
f 1991//1 2367//1 2366//1
f 2366//1 1990//1 1991//1
f 1991//2 1995//2 2369//2
f 2369//2 2367//2 1991//2
f 1994//3 1995//3 1991//3
f 1991//3 1990//3 1994//3
f 2367//4 2369//4 2368//4
f 2368//4 2366//4 2367//4
f 2366//5 2368//5 1994//5
f 1994//5 1990//5 2366//5
f 1995//6 1994//6 2368//6
f 2368//6 2369//6 1995//6
f 1999//1 2371//1 2370//1
f 2370//1 1998//1 1999//1
f 1999//2 2003//2 2373//2
f 2373//2 2371//2 1999//2
f 2002//3 2003//3 1999//3
f 1999//3 1998//3 2002//3
f 2371//4 2373//4 2372//4
f 2372//4 2370//4 2371//4
f 2370//5 2372//5 2002//5
f 2002//5 1998//5 2370//5
f 2003//6 2002//6 2372//6
f 2372//6 2373//6 2003//6
f 2007//1 2375//1 2374//1
f 2374//1 2006//1 2007//1
f 2007//2 2011//2 2377//2
f 2377//2 2375//2 2007//2
f 2010//3 2011//3 2007//3
f 2007//3 2006//3 2010//3
f 2375//4 2377//4 2376//4
f 2376//4 2374//4 2375//4
f 2374//5 2376//5 2010//5
f 2010//5 2006//5 2374//5
f 2011//6 2010//6 2376//6
f 2376//6 2377//6 2011//6
f 2015//1 2379//1 2378//1
f 2378//1 2014//1 2015//1
f 2015//2 2019//2 2381//2
f 2381//2 2379//2 2015//2
f 2018//3 2019//3 2015//3
f 2015//3 2014//3 2018//3
f 2379//4 2381//4 2380//4
f 2380//4 2378//4 2379//4
f 2378//5 2380//5 2018//5
f 2018//5 2014//5 2378//5
f 2019//6 2018//6 2380//6
f 2380//6 2381//6 2019//6
f 2023//1 2383//1 2382//1
f 2382//1 2022//1 2023//1
f 2023//2 2027//2 2385//2
f 2385//2 2383//2 2023//2
f 2026//3 2027//3 2023//3
f 2023//3 2022//3 2026//3
f 2383//4 2385//4 2384//4
f 2384//4 2382//4 2383//4
f 2382//5 2384//5 2026//5
f 2026//5 2022//5 2382//5
f 2027//6 2026//6 2384//6
f 2384//6 2385//6 2027//6
f 1947//1 2309//1 2308//1
f 2308//1 1946//1 1947//1
f 1947//2 2043//2 2387//2
f 2387//2 2309//2 1947//2
f 2042//3 2043//3 1947//3
f 1947//3 1946//3 2042//3
f 2309//4 2387//4 2386//4
f 2386//4 2308//4 2309//4
f 2308//5 2386//5 2042//5
f 2042//5 1946//5 2308//5
f 2043//6 2042//6 2386//6
f 2386//6 2387//6 2043//6
f 1946//1 2308//1 2311//1
f 2311//1 1951//1 1946//1
f 1946//2 2042//2 2386//2
f 2386//2 2308//2 1946//2
f 2388//3 2042//3 1946//3
f 1946//3 1951//3 2388//3
f 2308//4 2386//4 2389//4
f 2389//4 2311//4 2308//4
f 2311//5 2389//5 2388//5
f 2388//5 1951//5 2311//5
f 2042//6 2388//6 2389//6
f 2389//6 2386//6 2042//6
f 1951//1 2311//1 2313//1
f 2313//1 1955//1 1951//1
f 1951//2 2388//2 2389//2
f 2389//2 2311//2 1951//2
f 2390//3 2388//3 1951//3
f 1951//3 1955//3 2390//3
f 2311//4 2389//4 2391//4
f 2391//4 2313//4 2311//4
f 2313//5 2391//5 2390//5
f 2390//5 1955//5 2313//5
f 2388//6 2390//6 2391//6
f 2391//6 2389//6 2388//6
f 1955//1 2313//1 2315//1
f 2315//1 1959//1 1955//1
f 1955//2 2390//2 2391//2
f 2391//2 2313//2 1955//2
f 2063//3 2390//3 1955//3
f 1955//3 1959//3 2063//3
f 2313//4 2391//4 2392//4
f 2392//4 2315//4 2313//4
f 2315//5 2392//5 2063//5
f 2063//5 1959//5 2315//5
f 2390//6 2063//6 2392//6
f 2392//6 2391//6 2390//6
f 1959//1 2315//1 2317//1
f 2317//1 1963//1 1959//1
f 1959//2 2063//2 2392//2
f 2392//2 2315//2 1959//2
f 2062//3 2063//3 1959//3
f 1959//3 1963//3 2062//3
f 2315//4 2392//4 2393//4
f 2393//4 2317//4 2315//4
f 2317//5 2393//5 2062//5
f 2062//5 1963//5 2317//5
f 2063//6 2062//6 2393//6
f 2393//6 2392//6 2063//6
f 2394//1 2397//1 2396//1
f 2396//1 2395//1 2394//1
f 2394//2 2087//2 2399//2
f 2399//2 2397//2 2394//2
f 2086//3 2087//3 2394//3
f 2394//3 2395//3 2086//3
f 2397//4 2399//4 2398//4
f 2398//4 2396//4 2397//4
f 2396//5 2398//5 2086//5
f 2086//5 2395//5 2396//5
f 2087//6 2086//6 2398//6
f 2398//6 2399//6 2087//6
f 2334//1 2337//1 2336//1
f 2336//1 2335//1 2334//1
f 2334//2 2095//2 2401//2
f 2401//2 2337//2 2334//2
f 2094//3 2095//3 2334//3
f 2334//3 2335//3 2094//3
f 2337//4 2401//4 2400//4
f 2400//4 2336//4 2337//4
f 2336//5 2400//5 2094//5
f 2094//5 2335//5 2336//5
f 2095//6 2094//6 2400//6
f 2400//6 2401//6 2095//6
f 2335//1 2336//1 2341//1
f 2341//1 2340//1 2335//1
f 2335//2 2094//2 2400//2
f 2400//2 2336//2 2335//2
f 2101//3 2094//3 2335//3
f 2335//3 2340//3 2101//3
f 2336//4 2400//4 2402//4
f 2402//4 2341//4 2336//4
f 2341//5 2402//5 2101//5
f 2101//5 2340//5 2341//5
f 2094//6 2101//6 2402//6
f 2402//6 2400//6 2094//6
f 2340//1 2341//1 2345//1
f 2345//1 2344//1 2340//1
f 2340//2 2101//2 2402//2
f 2402//2 2341//2 2340//2
f 2105//3 2101//3 2340//3
f 2340//3 2344//3 2105//3
f 2341//4 2402//4 2403//4
f 2403//4 2345//4 2341//4
f 2345//5 2403//5 2105//5
f 2105//5 2344//5 2345//5
f 2101//6 2105//6 2403//6
f 2403//6 2402//6 2101//6
f 2350//1 2353//1 2352//1
f 2352//1 2351//1 2350//1
f 2350//2 2111//2 2405//2
f 2405//2 2353//2 2350//2
f 2110//3 2111//3 2350//3
f 2350//3 2351//3 2110//3
f 2353//4 2405//4 2404//4
f 2404//4 2352//4 2353//4
f 2352//5 2404//5 2110//5
f 2110//5 2351//5 2352//5
f 2111//6 2110//6 2404//6
f 2404//6 2405//6 2111//6
f 2351//1 2352//1 2357//1
f 2357//1 2356//1 2351//1
f 2351//2 2110//2 2404//2
f 2404//2 2352//2 2351//2
f 2117//3 2110//3 2351//3
f 2351//3 2356//3 2117//3
f 2352//4 2404//4 2406//4
f 2406//4 2357//4 2352//4
f 2357//5 2406//5 2117//5
f 2117//5 2356//5 2357//5
f 2110//6 2117//6 2406//6
f 2406//6 2404//6 2110//6
f 1979//1 2361//1 2360//1
f 2360//1 1978//1 1979//1
f 1979//2 2123//2 2408//2
f 2408//2 2361//2 1979//2
f 2122//3 2123//3 1979//3
f 1979//3 1978//3 2122//3
f 2361//4 2408//4 2407//4
f 2407//4 2360//4 2361//4
f 2360//5 2407//5 2122//5
f 2122//5 1978//5 2360//5
f 2123//6 2122//6 2407//6
f 2407//6 2408//6 2123//6
f 1978//1 2360//1 2363//1
f 2363//1 1983//1 1978//1
f 1978//2 2122//2 2407//2
f 2407//2 2360//2 1978//2
f 2129//3 2122//3 1978//3
f 1978//3 1983//3 2129//3
f 2360//4 2407//4 2409//4
f 2409//4 2363//4 2360//4
f 2363//5 2409//5 2129//5
f 2129//5 1983//5 2363//5
f 2122//6 2129//6 2409//6
f 2409//6 2407//6 2122//6
f 1983//1 2363//1 2365//1
f 2365//1 1987//1 1983//1
f 1983//2 2129//2 2409//2
f 2409//2 2363//2 1983//2
f 2133//3 2129//3 1983//3
f 1983//3 1987//3 2133//3
f 2363//4 2409//4 2410//4
f 2410//4 2365//4 2363//4
f 2365//5 2410//5 2133//5
f 2133//5 1987//5 2365//5
f 2129//6 2133//6 2410//6
f 2410//6 2409//6 2129//6
f 1995//1 2369//1 2368//1
f 2368//1 1994//1 1995//1
f 1995//2 2139//2 2412//2
f 2412//2 2369//2 1995//2
f 2138//3 2139//3 1995//3
f 1995//3 1994//3 2138//3
f 2369//4 2412//4 2411//4
f 2411//4 2368//4 2369//4
f 2368//5 2411//5 2138//5
f 2138//5 1994//5 2368//5
f 2139//6 2138//6 2411//6
f 2411//6 2412//6 2139//6
f 2003//1 2373//1 2372//1
f 2372//1 2002//1 2003//1
f 2003//2 2147//2 2414//2
f 2414//2 2373//2 2003//2
f 2146//3 2147//3 2003//3
f 2003//3 2002//3 2146//3
f 2373//4 2414//4 2413//4
f 2413//4 2372//4 2373//4
f 2372//5 2413//5 2146//5
f 2146//5 2002//5 2372//5
f 2147//6 2146//6 2413//6
f 2413//6 2414//6 2147//6
f 2011//1 2377//1 2376//1
f 2376//1 2010//1 2011//1
f 2011//2 2155//2 2416//2
f 2416//2 2377//2 2011//2
f 2154//3 2155//3 2011//3
f 2011//3 2010//3 2154//3
f 2377//4 2416//4 2415//4
f 2415//4 2376//4 2377//4
f 2376//5 2415//5 2154//5
f 2154//5 2010//5 2376//5
f 2155//6 2154//6 2415//6
f 2415//6 2416//6 2155//6
f 2019//1 2381//1 2380//1
f 2380//1 2018//1 2019//1
f 2019//2 2047//2 2418//2
f 2418//2 2381//2 2019//2
f 2046//3 2047//3 2019//3
f 2019//3 2018//3 2046//3
f 2381//4 2418//4 2417//4
f 2417//4 2380//4 2381//4
f 2380//5 2417//5 2046//5
f 2046//5 2018//5 2380//5
f 2047//6 2046//6 2417//6
f 2417//6 2418//6 2047//6
f 2027//1 2385//1 2384//1
f 2384//1 2026//1 2027//1
f 2027//2 2051//2 2420//2
f 2420//2 2385//2 2027//2
f 2050//3 2051//3 2027//3
f 2027//3 2026//3 2050//3
f 2385//4 2420//4 2419//4
f 2419//4 2384//4 2385//4
f 2384//5 2419//5 2050//5
f 2050//5 2026//5 2384//5
f 2051//6 2050//6 2419//6
f 2419//6 2420//6 2051//6
f 2026//1 2384//1 2421//1
f 2421//1 2031//1 2026//1
f 2026//2 2050//2 2419//2
f 2419//2 2384//2 2026//2
f 2053//3 2050//3 2026//3
f 2026//3 2031//3 2053//3
f 2384//4 2419//4 2422//4
f 2422//4 2421//4 2384//4
f 2421//5 2422//5 2053//5
f 2053//5 2031//5 2421//5
f 2050//6 2053//6 2422//6
f 2422//6 2419//6 2050//6
f 2043//1 2387//1 2386//1
f 2386//1 2042//1 2043//1
f 2043//2 2059//2 2424//2
f 2424//2 2387//2 2043//2
f 2058//3 2059//3 2043//3
f 2043//3 2042//3 2058//3
f 2387//4 2424//4 2423//4
f 2423//4 2386//4 2387//4
f 2386//5 2423//5 2058//5
f 2058//5 2042//5 2386//5
f 2059//6 2058//6 2423//6
f 2423//6 2424//6 2059//6
f 2042//1 2386//1 2389//1
f 2389//1 2388//1 2042//1
f 2042//2 2058//2 2423//2
f 2423//2 2386//2 2042//2
f 2173//3 2058//3 2042//3
f 2042//3 2388//3 2173//3
f 2386//4 2423//4 2425//4
f 2425//4 2389//4 2386//4
f 2389//5 2425//5 2173//5
f 2173//5 2388//5 2389//5
f 2058//6 2173//6 2425//6
f 2425//6 2423//6 2058//6
f 2388//1 2389//1 2391//1
f 2391//1 2390//1 2388//1
f 2388//2 2173//2 2425//2
f 2425//2 2389//2 2388//2
f 2177//3 2173//3 2388//3
f 2388//3 2390//3 2177//3
f 2389//4 2425//4 2426//4
f 2426//4 2391//4 2389//4
f 2391//5 2426//5 2177//5
f 2177//5 2390//5 2391//5
f 2173//6 2177//6 2426//6
f 2426//6 2425//6 2173//6
f 2390//1 2391//1 2392//1
f 2392//1 2063//1 2390//1
f 2390//2 2177//2 2426//2
f 2426//2 2391//2 2390//2
f 2067//3 2177//3 2390//3
f 2390//3 2063//3 2067//3
f 2391//4 2426//4 2427//4
f 2427//4 2392//4 2391//4
f 2392//5 2427//5 2067//5
f 2067//5 2063//5 2392//5
f 2177//6 2067//6 2427//6
f 2427//6 2426//6 2177//6
f 2063//1 2392//1 2393//1
f 2393//1 2062//1 2063//1
f 2063//2 2067//2 2427//2
f 2427//2 2392//2 2063//2
f 2066//3 2067//3 2063//3
f 2063//3 2062//3 2066//3
f 2392//4 2427//4 2428//4
f 2428//4 2393//4 2392//4
f 2393//5 2428//5 2066//5
f 2066//5 2062//5 2393//5
f 2067//6 2066//6 2428//6
f 2428//6 2427//6 2067//6
f 2071//1 2430//1 2429//1
f 2429//1 2070//1 2071//1
f 2071//2 2075//2 2432//2
f 2432//2 2430//2 2071//2
f 2074//3 2075//3 2071//3
f 2071//3 2070//3 2074//3
f 2430//4 2432//4 2431//4
f 2431//4 2429//4 2430//4
f 2429//5 2431//5 2074//5
f 2074//5 2070//5 2429//5
f 2075//6 2074//6 2431//6
f 2431//6 2432//6 2075//6
f 2079//1 2434//1 2433//1
f 2433//1 2078//1 2079//1
f 2079//2 2083//2 2436//2
f 2436//2 2434//2 2079//2
f 2082//3 2083//3 2079//3
f 2079//3 2078//3 2082//3
f 2434//4 2436//4 2435//4
f 2435//4 2433//4 2434//4
f 2433//5 2435//5 2082//5
f 2082//5 2078//5 2433//5
f 2083//6 2082//6 2435//6
f 2435//6 2436//6 2083//6
f 2087//1 2399//1 2398//1
f 2398//1 2086//1 2087//1
f 2087//2 2091//2 2438//2
f 2438//2 2399//2 2087//2
f 2090//3 2091//3 2087//3
f 2087//3 2086//3 2090//3
f 2399//4 2438//4 2437//4
f 2437//4 2398//4 2399//4
f 2398//5 2437//5 2090//5
f 2090//5 2086//5 2398//5
f 2091//6 2090//6 2437//6
f 2437//6 2438//6 2091//6
f 2095//1 2401//1 2400//1
f 2400//1 2094//1 2095//1
f 2095//2 2099//2 2440//2
f 2440//2 2401//2 2095//2
f 2098//3 2099//3 2095//3
f 2095//3 2094//3 2098//3
f 2401//4 2440//4 2439//4
f 2439//4 2400//4 2401//4
f 2400//5 2439//5 2098//5
f 2098//5 2094//5 2400//5
f 2099//6 2098//6 2439//6
f 2439//6 2440//6 2099//6
f 2094//1 2400//1 2402//1
f 2402//1 2101//1 2094//1
f 2094//2 2098//2 2439//2
f 2439//2 2400//2 2094//2
f 2103//3 2098//3 2094//3
f 2094//3 2101//3 2103//3
f 2400//4 2439//4 2441//4
f 2441//4 2402//4 2400//4
f 2402//5 2441//5 2103//5
f 2103//5 2101//5 2402//5
f 2098//6 2103//6 2441//6
f 2441//6 2439//6 2098//6
f 2101//1 2402//1 2403//1
f 2403//1 2105//1 2101//1
f 2101//2 2103//2 2441//2
f 2441//2 2402//2 2101//2
f 2107//3 2103//3 2101//3
f 2101//3 2105//3 2107//3
f 2402//4 2441//4 2442//4
f 2442//4 2403//4 2402//4
f 2403//5 2442//5 2107//5
f 2107//5 2105//5 2403//5
f 2103//6 2107//6 2442//6
f 2442//6 2441//6 2103//6
f 2111//1 2405//1 2404//1
f 2404//1 2110//1 2111//1
f 2111//2 2115//2 2444//2
f 2444//2 2405//2 2111//2
f 2114//3 2115//3 2111//3
f 2111//3 2110//3 2114//3
f 2405//4 2444//4 2443//4
f 2443//4 2404//4 2405//4
f 2404//5 2443//5 2114//5
f 2114//5 2110//5 2404//5
f 2115//6 2114//6 2443//6
f 2443//6 2444//6 2115//6
f 2110//1 2404//1 2406//1
f 2406//1 2117//1 2110//1
f 2110//2 2114//2 2443//2
f 2443//2 2404//2 2110//2
f 2119//3 2114//3 2110//3
f 2110//3 2117//3 2119//3
f 2404//4 2443//4 2445//4
f 2445//4 2406//4 2404//4
f 2406//5 2445//5 2119//5
f 2119//5 2117//5 2406//5
f 2114//6 2119//6 2445//6
f 2445//6 2443//6 2114//6
f 2123//1 2408//1 2407//1
f 2407//1 2122//1 2123//1
f 2123//2 2127//2 2447//2
f 2447//2 2408//2 2123//2
f 2126//3 2127//3 2123//3
f 2123//3 2122//3 2126//3
f 2408//4 2447//4 2446//4
f 2446//4 2407//4 2408//4
f 2407//5 2446//5 2126//5
f 2126//5 2122//5 2407//5
f 2127//6 2126//6 2446//6
f 2446//6 2447//6 2127//6
f 2122//1 2407//1 2409//1
f 2409//1 2129//1 2122//1
f 2122//2 2126//2 2446//2
f 2446//2 2407//2 2122//2
f 2131//3 2126//3 2122//3
f 2122//3 2129//3 2131//3
f 2407//4 2446//4 2448//4
f 2448//4 2409//4 2407//4
f 2409//5 2448//5 2131//5
f 2131//5 2129//5 2409//5
f 2126//6 2131//6 2448//6
f 2448//6 2446//6 2126//6
f 2129//1 2409//1 2410//1
f 2410//1 2133//1 2129//1
f 2129//2 2131//2 2448//2
f 2448//2 2409//2 2129//2
f 2135//3 2131//3 2129//3
f 2129//3 2133//3 2135//3
f 2409//4 2448//4 2449//4
f 2449//4 2410//4 2409//4
f 2410//5 2449//5 2135//5
f 2135//5 2133//5 2410//5
f 2131//6 2135//6 2449//6
f 2449//6 2448//6 2131//6
f 2139//1 2412//1 2411//1
f 2411//1 2138//1 2139//1
f 2139//2 2143//2 2451//2
f 2451//2 2412//2 2139//2
f 2142//3 2143//3 2139//3
f 2139//3 2138//3 2142//3
f 2412//4 2451//4 2450//4
f 2450//4 2411//4 2412//4
f 2411//5 2450//5 2142//5
f 2142//5 2138//5 2411//5
f 2143//6 2142//6 2450//6
f 2450//6 2451//6 2143//6
f 2147//1 2414//1 2413//1
f 2413//1 2146//1 2147//1
f 2147//2 2151//2 2453//2
f 2453//2 2414//2 2147//2
f 2150//3 2151//3 2147//3
f 2147//3 2146//3 2150//3
f 2414//4 2453//4 2452//4
f 2452//4 2413//4 2414//4
f 2413//5 2452//5 2150//5
f 2150//5 2146//5 2413//5
f 2151//6 2150//6 2452//6
f 2452//6 2453//6 2151//6
f 2155//1 2416//1 2415//1
f 2415//1 2154//1 2155//1
f 2155//2 2159//2 2455//2
f 2455//2 2416//2 2155//2
f 2158//3 2159//3 2155//3
f 2155//3 2154//3 2158//3
f 2416//4 2455//4 2454//4
f 2454//4 2415//4 2416//4
f 2415//5 2454//5 2158//5
f 2158//5 2154//5 2415//5
f 2159//6 2158//6 2454//6
f 2454//6 2455//6 2159//6
f 2047//1 2418//1 2417//1
f 2417//1 2046//1 2047//1
f 2047//2 2163//2 2457//2
f 2457//2 2418//2 2047//2
f 2162//3 2163//3 2047//3
f 2047//3 2046//3 2162//3
f 2418//4 2457//4 2456//4
f 2456//4 2417//4 2418//4
f 2417//5 2456//5 2162//5
f 2162//5 2046//5 2417//5
f 2163//6 2162//6 2456//6
f 2456//6 2457//6 2163//6
f 2059//1 2424//1 2423//1
f 2423//1 2058//1 2059//1
f 2059//2 2171//2 2459//2
f 2459//2 2424//2 2059//2
f 2170//3 2171//3 2059//3
f 2059//3 2058//3 2170//3
f 2424//4 2459//4 2458//4
f 2458//4 2423//4 2424//4
f 2423//5 2458//5 2170//5
f 2170//5 2058//5 2423//5
f 2171//6 2170//6 2458//6
f 2458//6 2459//6 2171//6
f 2058//1 2423//1 2425//1
f 2425//1 2173//1 2058//1
f 2058//2 2170//2 2458//2
f 2458//2 2423//2 2058//2
f 2175//3 2170//3 2058//3
f 2058//3 2173//3 2175//3
f 2423//4 2458//4 2460//4
f 2460//4 2425//4 2423//4
f 2425//5 2460//5 2175//5
f 2175//5 2173//5 2425//5
f 2170//6 2175//6 2460//6
f 2460//6 2458//6 2170//6
f 2173//1 2425//1 2426//1
f 2426//1 2177//1 2173//1
f 2173//2 2175//2 2460//2
f 2460//2 2425//2 2173//2
f 2179//3 2175//3 2173//3
f 2173//3 2177//3 2179//3
f 2425//4 2460//4 2461//4
f 2461//4 2426//4 2425//4
f 2426//5 2461//5 2179//5
f 2179//5 2177//5 2426//5
f 2175//6 2179//6 2461//6
f 2461//6 2460//6 2175//6
f 2177//1 2426//1 2427//1
f 2427//1 2067//1 2177//1
f 2177//2 2179//2 2461//2
f 2461//2 2426//2 2177//2
f 2181//3 2179//3 2177//3
f 2177//3 2067//3 2181//3
f 2426//4 2461//4 2462//4
f 2462//4 2427//4 2426//4
f 2427//5 2462//5 2181//5
f 2181//5 2067//5 2427//5
f 2179//6 2181//6 2462//6
f 2462//6 2461//6 2179//6
f 2067//1 2427//1 2428//1
f 2428//1 2066//1 2067//1
f 2067//2 2181//2 2462//2
f 2462//2 2427//2 2067//2
f 2183//3 2181//3 2067//3
f 2067//3 2066//3 2183//3
f 2427//4 2462//4 2463//4
f 2463//4 2428//4 2427//4
f 2428//5 2463//5 2183//5
f 2183//5 2066//5 2428//5
f 2181//6 2183//6 2463//6
f 2463//6 2462//6 2181//6
f 2099//1 2440//1 2439//1
f 2439//1 2098//1 2099//1
f 2099//2 2464//2 2466//2
f 2466//2 2440//2 2099//2
f 2199//3 2464//3 2099//3
f 2099//3 2098//3 2199//3
f 2440//4 2466//4 2465//4
f 2465//4 2439//4 2440//4
f 2439//5 2465//5 2199//5
f 2199//5 2098//5 2439//5
f 2464//6 2199//6 2465//6
f 2465//6 2466//6 2464//6
f 2171//1 2459//1 2458//1
f 2458//1 2170//1 2171//1
f 2171//2 2207//2 2468//2
f 2468//2 2459//2 2171//2
f 2206//3 2207//3 2171//3
f 2171//3 2170//3 2206//3
f 2459//4 2468//4 2467//4
f 2467//4 2458//4 2459//4
f 2458//5 2467//5 2206//5
f 2206//5 2170//5 2458//5
f 2207//6 2206//6 2467//6
f 2467//6 2468//6 2207//6
f 2170//1 2458//1 2460//1
f 2460//1 2175//1 2170//1
f 2170//2 2206//2 2467//2
f 2467//2 2458//2 2170//2
f 2209//3 2206//3 2170//3
f 2170//3 2175//3 2209//3
f 2458//4 2467//4 2469//4
f 2469//4 2460//4 2458//4
f 2460//5 2469//5 2209//5
f 2209//5 2175//5 2460//5
f 2206//6 2209//6 2469//6
f 2469//6 2467//6 2206//6
f 2217//1 2471//1 2470//1
f 2470//1 2216//1 2217//1
f 2217//2 2219//2 2473//2
f 2473//2 2471//2 2217//2
f 2218//3 2219//3 2217//3
f 2217//3 2216//3 2218//3
f 2471//4 2473//4 2472//4
f 2472//4 2470//4 2471//4
f 2470//5 2472//5 2218//5
f 2218//5 2216//5 2470//5
f 2219//6 2218//6 2472//6
f 2472//6 2473//6 2219//6
f 2474//1 2477//1 2476//1
f 2476//1 2475//1 2474//1
f 2474//2 2478//2 2481//2
f 2481//2 2477//2 2474//2
f 2479//3 2478//3 2474//3
f 2474//3 2475//3 2479//3
f 2477//4 2481//4 2480//4
f 2480//4 2476//4 2477//4
f 2476//5 2480//5 2479//5
f 2479//5 2475//5 2476//5
f 2478//6 2479//6 2480//6
f 2480//6 2481//6 2478//6
f 2221//1 2483//1 2482//1
f 2482//1 2220//1 2221//1
f 2221//2 2223//2 2485//2
f 2485//2 2483//2 2221//2
f 2222//3 2223//3 2221//3
f 2221//3 2220//3 2222//3
f 2483//4 2485//4 2484//4
f 2484//4 2482//4 2483//4
f 2482//5 2484//5 2222//5
f 2222//5 2220//5 2482//5
f 2223//6 2222//6 2484//6
f 2484//6 2485//6 2223//6
f 2219//1 2473//1 2472//1
f 2472//1 2218//1 2219//1
f 2219//2 2225//2 2487//2
f 2487//2 2473//2 2219//2
f 2224//3 2225//3 2219//3
f 2219//3 2218//3 2224//3
f 2473//4 2487//4 2486//4
f 2486//4 2472//4 2473//4
f 2472//5 2486//5 2224//5
f 2224//5 2218//5 2472//5
f 2225//6 2224//6 2486//6
f 2486//6 2487//6 2225//6
f 2227//1 2489//1 2488//1
f 2488//1 2226//1 2227//1
f 2227//2 2229//2 2491//2
f 2491//2 2489//2 2227//2
f 2228//3 2229//3 2227//3
f 2227//3 2226//3 2228//3
f 2489//4 2491//4 2490//4
f 2490//4 2488//4 2489//4
f 2488//5 2490//5 2228//5
f 2228//5 2226//5 2488//5
f 2229//6 2228//6 2490//6
f 2490//6 2491//6 2229//6
f 2231//1 2493//1 2492//1
f 2492//1 2230//1 2231//1
f 2231//2 2233//2 2495//2
f 2495//2 2493//2 2231//2
f 2232//3 2233//3 2231//3
f 2231//3 2230//3 2232//3
f 2493//4 2495//4 2494//4
f 2494//4 2492//4 2493//4
f 2492//5 2494//5 2232//5
f 2232//5 2230//5 2492//5
f 2233//6 2232//6 2494//6
f 2494//6 2495//6 2233//6
f 2496//1 2499//1 2498//1
f 2498//1 2497//1 2496//1
f 2496//2 2500//2 2503//2
f 2503//2 2499//2 2496//2
f 2501//3 2500//3 2496//3
f 2496//3 2497//3 2501//3
f 2499//4 2503//4 2502//4
f 2502//4 2498//4 2499//4
f 2498//5 2502//5 2501//5
f 2501//5 2497//5 2498//5
f 2500//6 2501//6 2502//6
f 2502//6 2503//6 2500//6
f 2497//1 2498//1 2481//1
f 2481//1 2478//1 2497//1
f 2497//2 2501//2 2502//2
f 2502//2 2498//2 2497//2
f 2504//3 2501//3 2497//3
f 2497//3 2478//3 2504//3
f 2498//4 2502//4 2505//4
f 2505//4 2481//4 2498//4
f 2481//5 2505//5 2504//5
f 2504//5 2478//5 2481//5
f 2501//6 2504//6 2505//6
f 2505//6 2502//6 2501//6
f 2478//1 2481//1 2480//1
f 2480//1 2479//1 2478//1
f 2478//2 2504//2 2505//2
f 2505//2 2481//2 2478//2
f 2506//3 2504//3 2478//3
f 2478//3 2479//3 2506//3
f 2481//4 2505//4 2507//4
f 2507//4 2480//4 2481//4
f 2480//5 2507//5 2506//5
f 2506//5 2479//5 2480//5
f 2504//6 2506//6 2507//6
f 2507//6 2505//6 2504//6
f 2223//1 2485//1 2484//1
f 2484//1 2222//1 2223//1
f 2223//2 2247//2 2509//2
f 2509//2 2485//2 2223//2
f 2246//3 2247//3 2223//3
f 2223//3 2222//3 2246//3
f 2485//4 2509//4 2508//4
f 2508//4 2484//4 2485//4
f 2484//5 2508//5 2246//5
f 2246//5 2222//5 2484//5
f 2247//6 2246//6 2508//6
f 2508//6 2509//6 2247//6
f 2249//1 2511//1 2510//1
f 2510//1 2248//1 2249//1
f 2249//2 2251//2 2513//2
f 2513//2 2511//2 2249//2
f 2250//3 2251//3 2249//3
f 2249//3 2248//3 2250//3
f 2511//4 2513//4 2512//4
f 2512//4 2510//4 2511//4
f 2510//5 2512//5 2250//5
f 2250//5 2248//5 2510//5
f 2251//6 2250//6 2512//6
f 2512//6 2513//6 2251//6
f 2248//1 2510//1 2514//1
f 2514//1 2252//1 2248//1
f 2248//2 2250//2 2512//2
f 2512//2 2510//2 2248//2
f 2253//3 2250//3 2248//3
f 2248//3 2252//3 2253//3
f 2510//4 2512//4 2515//4
f 2515//4 2514//4 2510//4
f 2514//5 2515//5 2253//5
f 2253//5 2252//5 2514//5
f 2250//6 2253//6 2515//6
f 2515//6 2512//6 2250//6
f 2261//1 2517//1 2516//1
f 2516//1 2260//1 2261//1
f 2261//2 2265//2 2519//2
f 2519//2 2517//2 2261//2
f 2264//3 2265//3 2261//3
f 2261//3 2260//3 2264//3
f 2517//4 2519//4 2518//4
f 2518//4 2516//4 2517//4
f 2516//5 2518//5 2264//5
f 2264//5 2260//5 2516//5
f 2265//6 2264//6 2518//6
f 2518//6 2519//6 2265//6
f 2269//1 2521//1 2520//1
f 2520//1 2268//1 2269//1
f 2269//2 2273//2 2523//2
f 2523//2 2521//2 2269//2
f 2272//3 2273//3 2269//3
f 2269//3 2268//3 2272//3
f 2521//4 2523//4 2522//4
f 2522//4 2520//4 2521//4
f 2520//5 2522//5 2272//5
f 2272//5 2268//5 2520//5
f 2273//6 2272//6 2522//6
f 2522//6 2523//6 2273//6
f 2276//1 2525//1 2524//1
f 2524//1 2275//1 2276//1
f 2276//2 2279//2 2527//2
f 2527//2 2525//2 2276//2
f 2278//3 2279//3 2276//3
f 2276//3 2275//3 2278//3
f 2525//4 2527//4 2526//4
f 2526//4 2524//4 2525//4
f 2524//5 2526//5 2278//5
f 2278//5 2275//5 2524//5
f 2279//6 2278//6 2526//6
f 2526//6 2527//6 2279//6
f 2290//1 2530//1 2529//1
f 2529//1 2528//1 2290//1
f 2290//2 2292//2 2533//2
f 2533//2 2530//2 2290//2
f 2531//3 2292//3 2290//3
f 2290//3 2528//3 2531//3
f 2530//4 2533//4 2532//4
f 2532//4 2529//4 2530//4
f 2529//5 2532//5 2531//5
f 2531//5 2528//5 2529//5
f 2292//6 2531//6 2532//6
f 2532//6 2533//6 2292//6
f 2528//1 2529//1 2535//1
f 2535//1 2534//1 2528//1
f 2528//2 2531//2 2532//2
f 2532//2 2529//2 2528//2
f 2536//3 2531//3 2528//3
f 2528//3 2534//3 2536//3
f 2529//4 2532//4 2537//4
f 2537//4 2535//4 2529//4
f 2535//5 2537//5 2536//5
f 2536//5 2534//5 2535//5
f 2531//6 2536//6 2537//6
f 2537//6 2532//6 2531//6
f 2295//1 2539//1 2538//1
f 2538//1 2294//1 2295//1
f 2295//2 2297//2 2541//2
f 2541//2 2539//2 2295//2
f 2296//3 2297//3 2295//3
f 2295//3 2294//3 2296//3
f 2539//4 2541//4 2540//4
f 2540//4 2538//4 2539//4
f 2538//5 2540//5 2296//5
f 2296//5 2294//5 2538//5
f 2297//6 2296//6 2540//6
f 2540//6 2541//6 2297//6
f 2542//1 2545//1 2544//1
f 2544//1 2543//1 2542//1
f 2542//2 2546//2 2549//2
f 2549//2 2545//2 2542//2
f 2547//3 2546//3 2542//3
f 2542//3 2543//3 2547//3
f 2545//4 2549//4 2548//4
f 2548//4 2544//4 2545//4
f 2544//5 2548//5 2547//5
f 2547//5 2543//5 2544//5
f 2546//6 2547//6 2548//6
f 2548//6 2549//6 2546//6
f 2307//1 2551//1 2550//1
f 2550//1 2306//1 2307//1
f 2307//2 2309//2 2553//2
f 2553//2 2551//2 2307//2
f 2308//3 2309//3 2307//3
f 2307//3 2306//3 2308//3
f 2551//4 2553//4 2552//4
f 2552//4 2550//4 2551//4
f 2550//5 2552//5 2308//5
f 2308//5 2306//5 2550//5
f 2309//6 2308//6 2552//6
f 2552//6 2553//6 2309//6
f 2306//1 2550//1 2554//1
f 2554//1 2310//1 2306//1
f 2306//2 2308//2 2552//2
f 2552//2 2550//2 2306//2
f 2311//3 2308//3 2306//3
f 2306//3 2310//3 2311//3
f 2550//4 2552//4 2555//4
f 2555//4 2554//4 2550//4
f 2554//5 2555//5 2311//5
f 2311//5 2310//5 2554//5
f 2308//6 2311//6 2555//6
f 2555//6 2552//6 2308//6
f 2314//1 2557//1 2556//1
f 2556//1 2316//1 2314//1
f 2314//2 2315//2 2559//2
f 2559//2 2557//2 2314//2
f 2317//3 2315//3 2314//3
f 2314//3 2316//3 2317//3
f 2557//4 2559//4 2558//4
f 2558//4 2556//4 2557//4
f 2556//5 2558//5 2317//5
f 2317//5 2316//5 2556//5
f 2315//6 2317//6 2558//6
f 2558//6 2559//6 2315//6
f 2319//1 2561//1 2560//1
f 2560//1 2318//1 2319//1
f 2319//2 2321//2 2563//2
f 2563//2 2561//2 2319//2
f 2320//3 2321//3 2319//3
f 2319//3 2318//3 2320//3
f 2561//4 2563//4 2562//4
f 2562//4 2560//4 2561//4
f 2560//5 2562//5 2320//5
f 2320//5 2318//5 2560//5
f 2321//6 2320//6 2562//6
f 2562//6 2563//6 2321//6
f 2325//1 2565//1 2564//1
f 2564//1 2324//1 2325//1
f 2325//2 2329//2 2567//2
f 2567//2 2565//2 2325//2
f 2328//3 2329//3 2325//3
f 2325//3 2324//3 2328//3
f 2565//4 2567//4 2566//4
f 2566//4 2564//4 2565//4
f 2564//5 2566//5 2328//5
f 2328//5 2324//5 2564//5
f 2329//6 2328//6 2566//6
f 2566//6 2567//6 2329//6
f 2568//1 2571//1 2570//1
f 2570//1 2569//1 2568//1
f 2568//2 2397//2 2573//2
f 2573//2 2571//2 2568//2
f 2396//3 2397//3 2568//3
f 2568//3 2569//3 2396//3
f 2571//4 2573//4 2572//4
f 2572//4 2570//4 2571//4
f 2570//5 2572//5 2396//5
f 2396//5 2569//5 2570//5
f 2397//6 2396//6 2572//6
f 2572//6 2573//6 2397//6
f 2333//1 2575//1 2574//1
f 2574//1 2332//1 2333//1
f 2333//2 2337//2 2577//2
f 2577//2 2575//2 2333//2
f 2336//3 2337//3 2333//3
f 2333//3 2332//3 2336//3
f 2575//4 2577//4 2576//4
f 2576//4 2574//4 2575//4
f 2574//5 2576//5 2336//5
f 2336//5 2332//5 2574//5
f 2337//6 2336//6 2576//6
f 2576//6 2577//6 2337//6
f 2332//1 2574//1 2578//1
f 2578//1 2339//1 2332//1
f 2332//2 2336//2 2576//2
f 2576//2 2574//2 2332//2
f 2341//3 2336//3 2332//3
f 2332//3 2339//3 2341//3
f 2574//4 2576//4 2579//4
f 2579//4 2578//4 2574//4
f 2578//5 2579//5 2341//5
f 2341//5 2339//5 2578//5
f 2336//6 2341//6 2579//6
f 2579//6 2576//6 2336//6
f 2339//1 2578//1 2580//1
f 2580//1 2343//1 2339//1
f 2339//2 2341//2 2579//2
f 2579//2 2578//2 2339//2
f 2345//3 2341//3 2339//3
f 2339//3 2343//3 2345//3
f 2578//4 2579//4 2581//4
f 2581//4 2580//4 2578//4
f 2580//5 2581//5 2345//5
f 2345//5 2343//5 2580//5
f 2341//6 2345//6 2581//6
f 2581//6 2579//6 2341//6
f 2349//1 2583//1 2582//1
f 2582//1 2348//1 2349//1
f 2349//2 2353//2 2585//2
f 2585//2 2583//2 2349//2
f 2352//3 2353//3 2349//3
f 2349//3 2348//3 2352//3
f 2583//4 2585//4 2584//4
f 2584//4 2582//4 2583//4
f 2582//5 2584//5 2352//5
f 2352//5 2348//5 2582//5
f 2353//6 2352//6 2584//6
f 2584//6 2585//6 2353//6
f 2348//1 2582//1 2586//1
f 2586//1 2355//1 2348//1
f 2348//2 2352//2 2584//2
f 2584//2 2582//2 2348//2
f 2357//3 2352//3 2348//3
f 2348//3 2355//3 2357//3
f 2582//4 2584//4 2587//4
f 2587//4 2586//4 2582//4
f 2586//5 2587//5 2357//5
f 2357//5 2355//5 2586//5
f 2352//6 2357//6 2587//6
f 2587//6 2584//6 2352//6
f 2359//1 2589//1 2588//1
f 2588//1 2358//1 2359//1
f 2359//2 2361//2 2591//2
f 2591//2 2589//2 2359//2
f 2360//3 2361//3 2359//3
f 2359//3 2358//3 2360//3
f 2589//4 2591//4 2590//4
f 2590//4 2588//4 2589//4
f 2588//5 2590//5 2360//5
f 2360//5 2358//5 2588//5
f 2361//6 2360//6 2590//6
f 2590//6 2591//6 2361//6
f 2358//1 2588//1 2592//1
f 2592//1 2362//1 2358//1
f 2358//2 2360//2 2590//2
f 2590//2 2588//2 2358//2
f 2363//3 2360//3 2358//3
f 2358//3 2362//3 2363//3
f 2588//4 2590//4 2593//4
f 2593//4 2592//4 2588//4
f 2592//5 2593//5 2363//5
f 2363//5 2362//5 2592//5
f 2360//6 2363//6 2593//6
f 2593//6 2590//6 2360//6
f 2362//1 2592//1 2594//1
f 2594//1 2364//1 2362//1
f 2362//2 2363//2 2593//2
f 2593//2 2592//2 2362//2
f 2365//3 2363//3 2362//3
f 2362//3 2364//3 2365//3
f 2592//4 2593//4 2595//4
f 2595//4 2594//4 2592//4
f 2594//5 2595//5 2365//5
f 2365//5 2364//5 2594//5
f 2363//6 2365//6 2595//6
f 2595//6 2593//6 2363//6
f 2367//1 2597//1 2596//1
f 2596//1 2366//1 2367//1
f 2367//2 2369//2 2599//2
f 2599//2 2597//2 2367//2
f 2368//3 2369//3 2367//3
f 2367//3 2366//3 2368//3
f 2597//4 2599//4 2598//4
f 2598//4 2596//4 2597//4
f 2596//5 2598//5 2368//5
f 2368//5 2366//5 2596//5
f 2369//6 2368//6 2598//6
f 2598//6 2599//6 2369//6
f 2371//1 2601//1 2600//1
f 2600//1 2370//1 2371//1
f 2371//2 2373//2 2603//2
f 2603//2 2601//2 2371//2
f 2372//3 2373//3 2371//3
f 2371//3 2370//3 2372//3
f 2601//4 2603//4 2602//4
f 2602//4 2600//4 2601//4
f 2600//5 2602//5 2372//5
f 2372//5 2370//5 2600//5
f 2373//6 2372//6 2602//6
f 2602//6 2603//6 2373//6
f 2375//1 2605//1 2604//1
f 2604//1 2374//1 2375//1
f 2375//2 2377//2 2607//2
f 2607//2 2605//2 2375//2
f 2376//3 2377//3 2375//3
f 2375//3 2374//3 2376//3
f 2605//4 2607//4 2606//4
f 2606//4 2604//4 2605//4
f 2604//5 2606//5 2376//5
f 2376//5 2374//5 2604//5
f 2377//6 2376//6 2606//6
f 2606//6 2607//6 2377//6
f 2379//1 2609//1 2608//1
f 2608//1 2378//1 2379//1
f 2379//2 2381//2 2611//2
f 2611//2 2609//2 2379//2
f 2380//3 2381//3 2379//3
f 2379//3 2378//3 2380//3
f 2609//4 2611//4 2610//4
f 2610//4 2608//4 2609//4
f 2608//5 2610//5 2380//5
f 2380//5 2378//5 2608//5
f 2381//6 2380//6 2610//6
f 2610//6 2611//6 2381//6
f 2309//1 2553//1 2552//1
f 2552//1 2308//1 2309//1
f 2309//2 2387//2 2613//2
f 2613//2 2553//2 2309//2
f 2386//3 2387//3 2309//3
f 2309//3 2308//3 2386//3
f 2553//4 2613//4 2612//4
f 2612//4 2552//4 2553//4
f 2552//5 2612//5 2386//5
f 2386//5 2308//5 2552//5
f 2387//6 2386//6 2612//6
f 2612//6 2613//6 2387//6
f 2308//1 2552//1 2555//1
f 2555//1 2311//1 2308//1
f 2308//2 2386//2 2612//2
f 2612//2 2552//2 2308//2
f 2389//3 2386//3 2308//3
f 2308//3 2311//3 2389//3
f 2552//4 2612//4 2614//4
f 2614//4 2555//4 2552//4
f 2555//5 2614//5 2389//5
f 2389//5 2311//5 2555//5
f 2386//6 2389//6 2614//6
f 2614//6 2612//6 2386//6
f 2311//1 2555//1 2615//1
f 2615//1 2313//1 2311//1
f 2311//2 2389//2 2614//2
f 2614//2 2555//2 2311//2
f 2391//3 2389//3 2311//3
f 2311//3 2313//3 2391//3
f 2555//4 2614//4 2616//4
f 2616//4 2615//4 2555//4
f 2615//5 2616//5 2391//5
f 2391//5 2313//5 2615//5
f 2389//6 2391//6 2616//6
f 2616//6 2614//6 2389//6
f 2313//1 2615//1 2559//1
f 2559//1 2315//1 2313//1
f 2313//2 2391//2 2616//2
f 2616//2 2615//2 2313//2
f 2392//3 2391//3 2313//3
f 2313//3 2315//3 2392//3
f 2615//4 2616//4 2617//4
f 2617//4 2559//4 2615//4
f 2559//5 2617//5 2392//5
f 2392//5 2315//5 2559//5
f 2391//6 2392//6 2617//6
f 2617//6 2616//6 2391//6
f 2315//1 2559//1 2558//1
f 2558//1 2317//1 2315//1
f 2315//2 2392//2 2617//2
f 2617//2 2559//2 2315//2
f 2393//3 2392//3 2315//3
f 2315//3 2317//3 2393//3
f 2559//4 2617//4 2618//4
f 2618//4 2558//4 2559//4
f 2558//5 2618//5 2393//5
f 2393//5 2317//5 2558//5
f 2392//6 2393//6 2618//6
f 2618//6 2617//6 2392//6
f 2321//1 2563//1 2562//1
f 2562//1 2320//1 2321//1
f 2321//2 2430//2 2620//2
f 2620//2 2563//2 2321//2
f 2429//3 2430//3 2321//3
f 2321//3 2320//3 2429//3
f 2563//4 2620//4 2619//4
f 2619//4 2562//4 2563//4
f 2562//5 2619//5 2429//5
f 2429//5 2320//5 2562//5
f 2430//6 2429//6 2619//6
f 2619//6 2620//6 2430//6
f 2329//1 2567//1 2566//1
f 2566//1 2328//1 2329//1
f 2329//2 2434//2 2622//2
f 2622//2 2567//2 2329//2
f 2433//3 2434//3 2329//3
f 2329//3 2328//3 2433//3
f 2567//4 2622//4 2621//4
f 2621//4 2566//4 2567//4
f 2566//5 2621//5 2433//5
f 2433//5 2328//5 2566//5
f 2434//6 2433//6 2621//6
f 2621//6 2622//6 2434//6
f 2397//1 2573//1 2572//1
f 2572//1 2396//1 2397//1
f 2397//2 2399//2 2624//2
f 2624//2 2573//2 2397//2
f 2398//3 2399//3 2397//3
f 2397//3 2396//3 2398//3
f 2573//4 2624//4 2623//4
f 2623//4 2572//4 2573//4
f 2572//5 2623//5 2398//5
f 2398//5 2396//5 2572//5
f 2399//6 2398//6 2623//6
f 2623//6 2624//6 2399//6
f 2337//1 2577//1 2576//1
f 2576//1 2336//1 2337//1
f 2337//2 2401//2 2626//2
f 2626//2 2577//2 2337//2
f 2400//3 2401//3 2337//3
f 2337//3 2336//3 2400//3
f 2577//4 2626//4 2625//4
f 2625//4 2576//4 2577//4
f 2576//5 2625//5 2400//5
f 2400//5 2336//5 2576//5
f 2401//6 2400//6 2625//6
f 2625//6 2626//6 2401//6
f 2336//1 2576//1 2579//1
f 2579//1 2341//1 2336//1
f 2336//2 2400//2 2625//2
f 2625//2 2576//2 2336//2
f 2402//3 2400//3 2336//3
f 2336//3 2341//3 2402//3
f 2576//4 2625//4 2627//4
f 2627//4 2579//4 2576//4
f 2579//5 2627//5 2402//5
f 2402//5 2341//5 2579//5
f 2400//6 2402//6 2627//6
f 2627//6 2625//6 2400//6
f 2341//1 2579//1 2581//1
f 2581//1 2345//1 2341//1
f 2341//2 2402//2 2627//2
f 2627//2 2579//2 2341//2
f 2403//3 2402//3 2341//3
f 2341//3 2345//3 2403//3
f 2579//4 2627//4 2628//4
f 2628//4 2581//4 2579//4
f 2581//5 2628//5 2403//5
f 2403//5 2345//5 2581//5
f 2402//6 2403//6 2628//6
f 2628//6 2627//6 2402//6
f 2353//1 2585//1 2584//1
f 2584//1 2352//1 2353//1
f 2353//2 2405//2 2630//2
f 2630//2 2585//2 2353//2
f 2404//3 2405//3 2353//3
f 2353//3 2352//3 2404//3
f 2585//4 2630//4 2629//4
f 2629//4 2584//4 2585//4
f 2584//5 2629//5 2404//5
f 2404//5 2352//5 2584//5
f 2405//6 2404//6 2629//6
f 2629//6 2630//6 2405//6
f 2352//1 2584//1 2587//1
f 2587//1 2357//1 2352//1
f 2352//2 2404//2 2629//2
f 2629//2 2584//2 2352//2
f 2406//3 2404//3 2352//3
f 2352//3 2357//3 2406//3
f 2584//4 2629//4 2631//4
f 2631//4 2587//4 2584//4
f 2587//5 2631//5 2406//5
f 2406//5 2357//5 2587//5
f 2404//6 2406//6 2631//6
f 2631//6 2629//6 2404//6
f 2361//1 2591//1 2590//1
f 2590//1 2360//1 2361//1
f 2361//2 2408//2 2633//2
f 2633//2 2591//2 2361//2
f 2407//3 2408//3 2361//3
f 2361//3 2360//3 2407//3
f 2591//4 2633//4 2632//4
f 2632//4 2590//4 2591//4
f 2590//5 2632//5 2407//5
f 2407//5 2360//5 2590//5
f 2408//6 2407//6 2632//6
f 2632//6 2633//6 2408//6
f 2360//1 2590//1 2593//1
f 2593//1 2363//1 2360//1
f 2360//2 2407//2 2632//2
f 2632//2 2590//2 2360//2
f 2409//3 2407//3 2360//3
f 2360//3 2363//3 2409//3
f 2590//4 2632//4 2634//4
f 2634//4 2593//4 2590//4
f 2593//5 2634//5 2409//5
f 2409//5 2363//5 2593//5
f 2407//6 2409//6 2634//6
f 2634//6 2632//6 2407//6
f 2363//1 2593//1 2595//1
f 2595//1 2365//1 2363//1
f 2363//2 2409//2 2634//2
f 2634//2 2593//2 2363//2
f 2410//3 2409//3 2363//3
f 2363//3 2365//3 2410//3
f 2593//4 2634//4 2635//4
f 2635//4 2595//4 2593//4
f 2595//5 2635//5 2410//5
f 2410//5 2365//5 2595//5
f 2409//6 2410//6 2635//6
f 2635//6 2634//6 2409//6
f 2369//1 2599//1 2598//1
f 2598//1 2368//1 2369//1
f 2369//2 2412//2 2637//2
f 2637//2 2599//2 2369//2
f 2411//3 2412//3 2369//3
f 2369//3 2368//3 2411//3
f 2599//4 2637//4 2636//4
f 2636//4 2598//4 2599//4
f 2598//5 2636//5 2411//5
f 2411//5 2368//5 2598//5
f 2412//6 2411//6 2636//6
f 2636//6 2637//6 2412//6
f 2373//1 2603//1 2602//1
f 2602//1 2372//1 2373//1
f 2373//2 2414//2 2639//2
f 2639//2 2603//2 2373//2
f 2413//3 2414//3 2373//3
f 2373//3 2372//3 2413//3
f 2603//4 2639//4 2638//4
f 2638//4 2602//4 2603//4
f 2602//5 2638//5 2413//5
f 2413//5 2372//5 2602//5
f 2414//6 2413//6 2638//6
f 2638//6 2639//6 2414//6
f 2377//1 2607//1 2606//1
f 2606//1 2376//1 2377//1
f 2377//2 2416//2 2641//2
f 2641//2 2607//2 2377//2
f 2415//3 2416//3 2377//3
f 2377//3 2376//3 2415//3
f 2607//4 2641//4 2640//4
f 2640//4 2606//4 2607//4
f 2606//5 2640//5 2415//5
f 2415//5 2376//5 2606//5
f 2416//6 2415//6 2640//6
f 2640//6 2641//6 2416//6
f 2381//1 2611//1 2610//1
f 2610//1 2380//1 2381//1
f 2381//2 2418//2 2643//2
f 2643//2 2611//2 2381//2
f 2417//3 2418//3 2381//3
f 2381//3 2380//3 2417//3
f 2611//4 2643//4 2642//4
f 2642//4 2610//4 2611//4
f 2610//5 2642//5 2417//5
f 2417//5 2380//5 2610//5
f 2418//6 2417//6 2642//6
f 2642//6 2643//6 2418//6
f 2385//1 2645//1 2644//1
f 2644//1 2384//1 2385//1
f 2385//2 2420//2 2647//2
f 2647//2 2645//2 2385//2
f 2419//3 2420//3 2385//3
f 2385//3 2384//3 2419//3
f 2645//4 2647//4 2646//4
f 2646//4 2644//4 2645//4
f 2644//5 2646//5 2419//5
f 2419//5 2384//5 2644//5
f 2420//6 2419//6 2646//6
f 2646//6 2647//6 2420//6
f 2387//1 2613//1 2612//1
f 2612//1 2386//1 2387//1
f 2387//2 2424//2 2649//2
f 2649//2 2613//2 2387//2
f 2423//3 2424//3 2387//3
f 2387//3 2386//3 2423//3
f 2613//4 2649//4 2648//4
f 2648//4 2612//4 2613//4
f 2612//5 2648//5 2423//5
f 2423//5 2386//5 2612//5
f 2424//6 2423//6 2648//6
f 2648//6 2649//6 2424//6
f 2386//1 2612//1 2614//1
f 2614//1 2389//1 2386//1
f 2386//2 2423//2 2648//2
f 2648//2 2612//2 2386//2
f 2425//3 2423//3 2386//3
f 2386//3 2389//3 2425//3
f 2612//4 2648//4 2650//4
f 2650//4 2614//4 2612//4
f 2614//5 2650//5 2425//5
f 2425//5 2389//5 2614//5
f 2423//6 2425//6 2650//6
f 2650//6 2648//6 2423//6
f 2389//1 2614//1 2616//1
f 2616//1 2391//1 2389//1
f 2389//2 2425//2 2650//2
f 2650//2 2614//2 2389//2
f 2426//3 2425//3 2389//3
f 2389//3 2391//3 2426//3
f 2614//4 2650//4 2651//4
f 2651//4 2616//4 2614//4
f 2616//5 2651//5 2426//5
f 2426//5 2391//5 2616//5
f 2425//6 2426//6 2651//6
f 2651//6 2650//6 2425//6
f 2391//1 2616//1 2617//1
f 2617//1 2392//1 2391//1
f 2391//2 2426//2 2651//2
f 2651//2 2616//2 2391//2
f 2427//3 2426//3 2391//3
f 2391//3 2392//3 2427//3
f 2616//4 2651//4 2652//4
f 2652//4 2617//4 2616//4
f 2617//5 2652//5 2427//5
f 2427//5 2392//5 2617//5
f 2426//6 2427//6 2652//6
f 2652//6 2651//6 2426//6
f 2392//1 2617//1 2618//1
f 2618//1 2393//1 2392//1
f 2392//2 2427//2 2652//2
f 2652//2 2617//2 2392//2
f 2428//3 2427//3 2392//3
f 2392//3 2393//3 2428//3
f 2617//4 2652//4 2653//4
f 2653//4 2618//4 2617//4
f 2618//5 2653//5 2428//5
f 2428//5 2393//5 2618//5
f 2427//6 2428//6 2653//6
f 2653//6 2652//6 2427//6
f 2430//1 2620//1 2619//1
f 2619//1 2429//1 2430//1
f 2430//2 2432//2 2655//2
f 2655//2 2620//2 2430//2
f 2431//3 2432//3 2430//3
f 2430//3 2429//3 2431//3
f 2620//4 2655//4 2654//4
f 2654//4 2619//4 2620//4
f 2619//5 2654//5 2431//5
f 2431//5 2429//5 2619//5
f 2432//6 2431//6 2654//6
f 2654//6 2655//6 2432//6
f 2434//1 2622//1 2621//1
f 2621//1 2433//1 2434//1
f 2434//2 2436//2 2657//2
f 2657//2 2622//2 2434//2
f 2435//3 2436//3 2434//3
f 2434//3 2433//3 2435//3
f 2622//4 2657//4 2656//4
f 2656//4 2621//4 2622//4
f 2621//5 2656//5 2435//5
f 2435//5 2433//5 2621//5
f 2436//6 2435//6 2656//6
f 2656//6 2657//6 2436//6
f 2399//1 2624//1 2623//1
f 2623//1 2398//1 2399//1
f 2399//2 2438//2 2659//2
f 2659//2 2624//2 2399//2
f 2437//3 2438//3 2399//3
f 2399//3 2398//3 2437//3
f 2624//4 2659//4 2658//4
f 2658//4 2623//4 2624//4
f 2623//5 2658//5 2437//5
f 2437//5 2398//5 2623//5
f 2438//6 2437//6 2658//6
f 2658//6 2659//6 2438//6
f 2402//1 2627//1 2628//1
f 2628//1 2403//1 2402//1
f 2402//2 2441//2 2661//2
f 2661//2 2627//2 2402//2
f 2442//3 2441//3 2402//3
f 2402//3 2403//3 2442//3
f 2627//4 2661//4 2660//4
f 2660//4 2628//4 2627//4
f 2628//5 2660//5 2442//5
f 2442//5 2403//5 2628//5
f 2441//6 2442//6 2660//6
f 2660//6 2661//6 2441//6
f 2405//1 2630//1 2629//1
f 2629//1 2404//1 2405//1
f 2405//2 2444//2 2663//2
f 2663//2 2630//2 2405//2
f 2443//3 2444//3 2405//3
f 2405//3 2404//3 2443//3
f 2630//4 2663//4 2662//4
f 2662//4 2629//4 2630//4
f 2629//5 2662//5 2443//5
f 2443//5 2404//5 2629//5
f 2444//6 2443//6 2662//6
f 2662//6 2663//6 2444//6
f 2408//1 2633//1 2632//1
f 2632//1 2407//1 2408//1
f 2408//2 2447//2 2665//2
f 2665//2 2633//2 2408//2
f 2446//3 2447//3 2408//3
f 2408//3 2407//3 2446//3
f 2633//4 2665//4 2664//4
f 2664//4 2632//4 2633//4
f 2632//5 2664//5 2446//5
f 2446//5 2407//5 2632//5
f 2447//6 2446//6 2664//6
f 2664//6 2665//6 2447//6
f 2424//1 2649//1 2648//1
f 2648//1 2423//1 2424//1
f 2424//2 2459//2 2667//2
f 2667//2 2649//2 2424//2
f 2458//3 2459//3 2424//3
f 2424//3 2423//3 2458//3
f 2649//4 2667//4 2666//4
f 2666//4 2648//4 2649//4
f 2648//5 2666//5 2458//5
f 2458//5 2423//5 2648//5
f 2459//6 2458//6 2666//6
f 2666//6 2667//6 2459//6
f 2423//1 2648//1 2650//1
f 2650//1 2425//1 2423//1
f 2423//2 2458//2 2666//2
f 2666//2 2648//2 2423//2
f 2460//3 2458//3 2423//3
f 2423//3 2425//3 2460//3
f 2648//4 2666//4 2668//4
f 2668//4 2650//4 2648//4
f 2650//5 2668//5 2460//5
f 2460//5 2425//5 2650//5
f 2458//6 2460//6 2668//6
f 2668//6 2666//6 2458//6
f 2669//1 2672//1 2671//1
f 2671//1 2670//1 2669//1
f 2669//2 2673//2 2676//2
f 2676//2 2672//2 2669//2
f 2674//3 2673//3 2669//3
f 2669//3 2670//3 2674//3
f 2672//4 2676//4 2675//4
f 2675//4 2671//4 2672//4
f 2671//5 2675//5 2674//5
f 2674//5 2670//5 2671//5
f 2673//6 2674//6 2675//6
f 2675//6 2676//6 2673//6
f 2670//1 2671//1 2678//1
f 2678//1 2677//1 2670//1
f 2670//2 2674//2 2675//2
f 2675//2 2671//2 2670//2
f 2679//3 2674//3 2670//3
f 2670//3 2677//3 2679//3
f 2671//4 2675//4 2680//4
f 2680//4 2678//4 2671//4
f 2678//5 2680//5 2679//5
f 2679//5 2677//5 2678//5
f 2674//6 2679//6 2680//6
f 2680//6 2675//6 2674//6
f 2681//1 2684//1 2683//1
f 2683//1 2682//1 2681//1
f 2681//2 2685//2 2688//2
f 2688//2 2684//2 2681//2
f 2686//3 2685//3 2681//3
f 2681//3 2682//3 2686//3
f 2684//4 2688//4 2687//4
f 2687//4 2683//4 2684//4
f 2683//5 2687//5 2686//5
f 2686//5 2682//5 2683//5
f 2685//6 2686//6 2687//6
f 2687//6 2688//6 2685//6
f 2689//1 2692//1 2691//1
f 2691//1 2690//1 2689//1
f 2689//2 2693//2 2696//2
f 2696//2 2692//2 2689//2
f 2694//3 2693//3 2689//3
f 2689//3 2690//3 2694//3
f 2692//4 2696//4 2695//4
f 2695//4 2691//4 2692//4
f 2691//5 2695//5 2694//5
f 2694//5 2690//5 2691//5
f 2693//6 2694//6 2695//6
f 2695//6 2696//6 2693//6
f 2697//1 2700//1 2699//1
f 2699//1 2698//1 2697//1
f 2697//2 2701//2 2704//2
f 2704//2 2700//2 2697//2
f 2702//3 2701//3 2697//3
f 2697//3 2698//3 2702//3
f 2700//4 2704//4 2703//4
f 2703//4 2699//4 2700//4
f 2699//5 2703//5 2702//5
f 2702//5 2698//5 2699//5
f 2701//6 2702//6 2703//6
f 2703//6 2704//6 2701//6
f 2705//1 2708//1 2707//1
f 2707//1 2706//1 2705//1
f 2705//2 2709//2 2712//2
f 2712//2 2708//2 2705//2
f 2710//3 2709//3 2705//3
f 2705//3 2706//3 2710//3
f 2708//4 2712//4 2711//4
f 2711//4 2707//4 2708//4
f 2707//5 2711//5 2710//5
f 2710//5 2706//5 2707//5
f 2709//6 2710//6 2711//6
f 2711//6 2712//6 2709//6
f 2706//1 2707//1 2714//1
f 2714//1 2713//1 2706//1
f 2706//2 2710//2 2711//2
f 2711//2 2707//2 2706//2
f 2715//3 2710//3 2706//3
f 2706//3 2713//3 2715//3
f 2707//4 2711//4 2716//4
f 2716//4 2714//4 2707//4
f 2714//5 2716//5 2715//5
f 2715//5 2713//5 2714//5
f 2710//6 2715//6 2716//6
f 2716//6 2711//6 2710//6
f 2713//1 2714//1 2718//1
f 2718//1 2717//1 2713//1
f 2713//2 2715//2 2716//2
f 2716//2 2714//2 2713//2
f 2719//3 2715//3 2713//3
f 2713//3 2717//3 2719//3
f 2714//4 2716//4 2720//4
f 2720//4 2718//4 2714//4
f 2718//5 2720//5 2719//5
f 2719//5 2717//5 2718//5
f 2715//6 2719//6 2720//6
f 2720//6 2716//6 2715//6
f 2721//1 2724//1 2723//1
f 2723//1 2722//1 2721//1
f 2721//2 2725//2 2728//2
f 2728//2 2724//2 2721//2
f 2726//3 2725//3 2721//3
f 2721//3 2722//3 2726//3
f 2724//4 2728//4 2727//4
f 2727//4 2723//4 2724//4
f 2723//5 2727//5 2726//5
f 2726//5 2722//5 2723//5
f 2725//6 2726//6 2727//6
f 2727//6 2728//6 2725//6
f 2722//1 2723//1 2730//1
f 2730//1 2729//1 2722//1
f 2722//2 2726//2 2727//2
f 2727//2 2723//2 2722//2
f 2731//3 2726//3 2722//3
f 2722//3 2729//3 2731//3
f 2723//4 2727//4 2732//4
f 2732//4 2730//4 2723//4
f 2730//5 2732//5 2731//5
f 2731//5 2729//5 2730//5
f 2726//6 2731//6 2732//6
f 2732//6 2727//6 2726//6
f 2733//1 2736//1 2735//1
f 2735//1 2734//1 2733//1
f 2733//2 2737//2 2740//2
f 2740//2 2736//2 2733//2
f 2738//3 2737//3 2733//3
f 2733//3 2734//3 2738//3
f 2736//4 2740//4 2739//4
f 2739//4 2735//4 2736//4
f 2735//5 2739//5 2738//5
f 2738//5 2734//5 2735//5
f 2737//6 2738//6 2739//6
f 2739//6 2740//6 2737//6
f 2734//1 2735//1 2742//1
f 2742//1 2741//1 2734//1
f 2734//2 2738//2 2739//2
f 2739//2 2735//2 2734//2
f 2743//3 2738//3 2734//3
f 2734//3 2741//3 2743//3
f 2735//4 2739//4 2744//4
f 2744//4 2742//4 2735//4
f 2742//5 2744//5 2743//5
f 2743//5 2741//5 2742//5
f 2738//6 2743//6 2744//6
f 2744//6 2739//6 2738//6
f 2741//1 2742//1 2746//1
f 2746//1 2745//1 2741//1
f 2741//2 2743//2 2744//2
f 2744//2 2742//2 2741//2
f 2747//3 2743//3 2741//3
f 2741//3 2745//3 2747//3
f 2742//4 2744//4 2748//4
f 2748//4 2746//4 2742//4
f 2746//5 2748//5 2747//5
f 2747//5 2745//5 2746//5
f 2743//6 2747//6 2748//6
f 2748//6 2744//6 2743//6
f 2749//1 2752//1 2751//1
f 2751//1 2750//1 2749//1
f 2749//2 2753//2 2756//2
f 2756//2 2752//2 2749//2
f 2754//3 2753//3 2749//3
f 2749//3 2750//3 2754//3
f 2752//4 2756//4 2755//4
f 2755//4 2751//4 2752//4
f 2751//5 2755//5 2754//5
f 2754//5 2750//5 2751//5
f 2753//6 2754//6 2755//6
f 2755//6 2756//6 2753//6
f 2757//1 2760//1 2759//1
f 2759//1 2758//1 2757//1
f 2757//2 2761//2 2764//2
f 2764//2 2760//2 2757//2
f 2762//3 2761//3 2757//3
f 2757//3 2758//3 2762//3
f 2760//4 2764//4 2763//4
f 2763//4 2759//4 2760//4
f 2759//5 2763//5 2762//5
f 2762//5 2758//5 2759//5
f 2761//6 2762//6 2763//6
f 2763//6 2764//6 2761//6
f 2765//1 2768//1 2767//1
f 2767//1 2766//1 2765//1
f 2765//2 2769//2 2772//2
f 2772//2 2768//2 2765//2
f 2770//3 2769//3 2765//3
f 2765//3 2766//3 2770//3
f 2768//4 2772//4 2771//4
f 2771//4 2767//4 2768//4
f 2767//5 2771//5 2770//5
f 2770//5 2766//5 2767//5
f 2769//6 2770//6 2771//6
f 2771//6 2772//6 2769//6
f 2773//1 2776//1 2775//1
f 2775//1 2774//1 2773//1
f 2773//2 2777//2 2780//2
f 2780//2 2776//2 2773//2
f 2778//3 2777//3 2773//3
f 2773//3 2774//3 2778//3
f 2776//4 2780//4 2779//4
f 2779//4 2775//4 2776//4
f 2775//5 2779//5 2778//5
f 2778//5 2774//5 2775//5
f 2777//6 2778//6 2779//6
f 2779//6 2780//6 2777//6
f 2781//1 2784//1 2783//1
f 2783//1 2782//1 2781//1
f 2781//2 2785//2 2788//2
f 2788//2 2784//2 2781//2
f 2786//3 2785//3 2781//3
f 2781//3 2782//3 2786//3
f 2784//4 2788//4 2787//4
f 2787//4 2783//4 2784//4
f 2783//5 2787//5 2786//5
f 2786//5 2782//5 2783//5
f 2785//6 2786//6 2787//6
f 2787//6 2788//6 2785//6
f 2789//1 2792//1 2791//1
f 2791//1 2790//1 2789//1
f 2789//2 2793//2 2796//2
f 2796//2 2792//2 2789//2
f 2794//3 2793//3 2789//3
f 2789//3 2790//3 2794//3
f 2792//4 2796//4 2795//4
f 2795//4 2791//4 2792//4
f 2791//5 2795//5 2794//5
f 2794//5 2790//5 2791//5
f 2793//6 2794//6 2795//6
f 2795//6 2796//6 2793//6
f 2790//1 2791//1 2798//1
f 2798//1 2797//1 2790//1
f 2790//2 2794//2 2795//2
f 2795//2 2791//2 2790//2
f 2799//3 2794//3 2790//3
f 2790//3 2797//3 2799//3
f 2791//4 2795//4 2800//4
f 2800//4 2798//4 2791//4
f 2798//5 2800//5 2799//5
f 2799//5 2797//5 2798//5
f 2794//6 2799//6 2800//6
f 2800//6 2795//6 2794//6
f 2797//1 2798//1 2802//1
f 2802//1 2801//1 2797//1
f 2797//2 2799//2 2800//2
f 2800//2 2798//2 2797//2
f 2803//3 2799//3 2797//3
f 2797//3 2801//3 2803//3
f 2798//4 2800//4 2804//4
f 2804//4 2802//4 2798//4
f 2802//5 2804//5 2803//5
f 2803//5 2801//5 2802//5
f 2799//6 2803//6 2804//6
f 2804//6 2800//6 2799//6
f 2805//1 2808//1 2807//1
f 2807//1 2806//1 2805//1
f 2805//2 2809//2 2812//2
f 2812//2 2808//2 2805//2
f 2810//3 2809//3 2805//3
f 2805//3 2806//3 2810//3
f 2808//4 2812//4 2811//4
f 2811//4 2807//4 2808//4
f 2807//5 2811//5 2810//5
f 2810//5 2806//5 2807//5
f 2809//6 2810//6 2811//6
f 2811//6 2812//6 2809//6
f 2806//1 2807//1 2814//1
f 2814//1 2813//1 2806//1
f 2806//2 2810//2 2811//2
f 2811//2 2807//2 2806//2
f 2815//3 2810//3 2806//3
f 2806//3 2813//3 2815//3
f 2807//4 2811//4 2816//4
f 2816//4 2814//4 2807//4
f 2814//5 2816//5 2815//5
f 2815//5 2813//5 2814//5
f 2810//6 2815//6 2816//6
f 2816//6 2811//6 2810//6
f 2817//1 2820//1 2819//1
f 2819//1 2818//1 2817//1
f 2817//2 2821//2 2824//2
f 2824//2 2820//2 2817//2
f 2822//3 2821//3 2817//3
f 2817//3 2818//3 2822//3
f 2820//4 2824//4 2823//4
f 2823//4 2819//4 2820//4
f 2819//5 2823//5 2822//5
f 2822//5 2818//5 2819//5
f 2821//6 2822//6 2823//6
f 2823//6 2824//6 2821//6
f 2818//1 2819//1 2826//1
f 2826//1 2825//1 2818//1
f 2818//2 2822//2 2823//2
f 2823//2 2819//2 2818//2
f 2827//3 2822//3 2818//3
f 2818//3 2825//3 2827//3
f 2819//4 2823//4 2828//4
f 2828//4 2826//4 2819//4
f 2826//5 2828//5 2827//5
f 2827//5 2825//5 2826//5
f 2822//6 2827//6 2828//6
f 2828//6 2823//6 2822//6
f 2825//1 2826//1 2830//1
f 2830//1 2829//1 2825//1
f 2825//2 2827//2 2828//2
f 2828//2 2826//2 2825//2
f 2831//3 2827//3 2825//3
f 2825//3 2829//3 2831//3
f 2826//4 2828//4 2832//4
f 2832//4 2830//4 2826//4
f 2830//5 2832//5 2831//5
f 2831//5 2829//5 2830//5
f 2827//6 2831//6 2832//6
f 2832//6 2828//6 2827//6
f 2833//1 2836//1 2835//1
f 2835//1 2834//1 2833//1
f 2833//2 2837//2 2840//2
f 2840//2 2836//2 2833//2
f 2838//3 2837//3 2833//3
f 2833//3 2834//3 2838//3
f 2836//4 2840//4 2839//4
f 2839//4 2835//4 2836//4
f 2835//5 2839//5 2838//5
f 2838//5 2834//5 2835//5
f 2837//6 2838//6 2839//6
f 2839//6 2840//6 2837//6
f 2841//1 2844//1 2843//1
f 2843//1 2842//1 2841//1
f 2841//2 2845//2 2848//2
f 2848//2 2844//2 2841//2
f 2846//3 2845//3 2841//3
f 2841//3 2842//3 2846//3
f 2844//4 2848//4 2847//4
f 2847//4 2843//4 2844//4
f 2843//5 2847//5 2846//5
f 2846//5 2842//5 2843//5
f 2845//6 2846//6 2847//6
f 2847//6 2848//6 2845//6
f 2849//1 2852//1 2851//1
f 2851//1 2850//1 2849//1
f 2849//2 2853//2 2856//2
f 2856//2 2852//2 2849//2
f 2854//3 2853//3 2849//3
f 2849//3 2850//3 2854//3
f 2852//4 2856//4 2855//4
f 2855//4 2851//4 2852//4
f 2851//5 2855//5 2854//5
f 2854//5 2850//5 2851//5
f 2853//6 2854//6 2855//6
f 2855//6 2856//6 2853//6
f 2769//1 2772//1 2771//1
f 2771//1 2770//1 2769//1
f 2769//2 2857//2 2860//2
f 2860//2 2772//2 2769//2
f 2858//3 2857//3 2769//3
f 2769//3 2770//3 2858//3
f 2772//4 2860//4 2859//4
f 2859//4 2771//4 2772//4
f 2771//5 2859//5 2858//5
f 2858//5 2770//5 2771//5
f 2857//6 2858//6 2859//6
f 2859//6 2860//6 2857//6
f 2770//1 2771//1 2862//1
f 2862//1 2861//1 2770//1
f 2770//2 2858//2 2859//2
f 2859//2 2771//2 2770//2
f 2863//3 2858//3 2770//3
f 2770//3 2861//3 2863//3
f 2771//4 2859//4 2864//4
f 2864//4 2862//4 2771//4
f 2862//5 2864//5 2863//5
f 2863//5 2861//5 2862//5
f 2858//6 2863//6 2864//6
f 2864//6 2859//6 2858//6
f 2865//1 2868//1 2867//1
f 2867//1 2866//1 2865//1
f 2865//2 2869//2 2872//2
f 2872//2 2868//2 2865//2
f 2870//3 2869//3 2865//3
f 2865//3 2866//3 2870//3
f 2868//4 2872//4 2871//4
f 2871//4 2867//4 2868//4
f 2867//5 2871//5 2870//5
f 2870//5 2866//5 2867//5
f 2869//6 2870//6 2871//6
f 2871//6 2872//6 2869//6
f 2777//1 2780//1 2779//1
f 2779//1 2778//1 2777//1
f 2777//2 2873//2 2876//2
f 2876//2 2780//2 2777//2
f 2874//3 2873//3 2777//3
f 2777//3 2778//3 2874//3
f 2780//4 2876//4 2875//4
f 2875//4 2779//4 2780//4
f 2779//5 2875//5 2874//5
f 2874//5 2778//5 2779//5
f 2873//6 2874//6 2875//6
f 2875//6 2876//6 2873//6
f 2785//1 2788//1 2787//1
f 2787//1 2786//1 2785//1
f 2785//2 2877//2 2880//2
f 2880//2 2788//2 2785//2
f 2878//3 2877//3 2785//3
f 2785//3 2786//3 2878//3
f 2788//4 2880//4 2879//4
f 2879//4 2787//4 2788//4
f 2787//5 2879//5 2878//5
f 2878//5 2786//5 2787//5
f 2877//6 2878//6 2879//6
f 2879//6 2880//6 2877//6
f 2793//1 2796//1 2795//1
f 2795//1 2794//1 2793//1
f 2793//2 2881//2 2884//2
f 2884//2 2796//2 2793//2
f 2882//3 2881//3 2793//3
f 2793//3 2794//3 2882//3
f 2796//4 2884//4 2883//4
f 2883//4 2795//4 2796//4
f 2795//5 2883//5 2882//5
f 2882//5 2794//5 2795//5
f 2881//6 2882//6 2883//6
f 2883//6 2884//6 2881//6
f 2794//1 2795//1 2800//1
f 2800//1 2799//1 2794//1
f 2794//2 2882//2 2883//2
f 2883//2 2795//2 2794//2
f 2885//3 2882//3 2794//3
f 2794//3 2799//3 2885//3
f 2795//4 2883//4 2886//4
f 2886//4 2800//4 2795//4
f 2800//5 2886//5 2885//5
f 2885//5 2799//5 2800//5
f 2882//6 2885//6 2886//6
f 2886//6 2883//6 2882//6
f 2799//1 2800//1 2804//1
f 2804//1 2803//1 2799//1
f 2799//2 2885//2 2886//2
f 2886//2 2800//2 2799//2
f 2887//3 2885//3 2799//3
f 2799//3 2803//3 2887//3
f 2800//4 2886//4 2888//4
f 2888//4 2804//4 2800//4
f 2804//5 2888//5 2887//5
f 2887//5 2803//5 2804//5
f 2885//6 2887//6 2888//6
f 2888//6 2886//6 2885//6
f 2821//1 2824//1 2823//1
f 2823//1 2822//1 2821//1
f 2821//2 2889//2 2892//2
f 2892//2 2824//2 2821//2
f 2890//3 2889//3 2821//3
f 2821//3 2822//3 2890//3
f 2824//4 2892//4 2891//4
f 2891//4 2823//4 2824//4
f 2823//5 2891//5 2890//5
f 2890//5 2822//5 2823//5
f 2889//6 2890//6 2891//6
f 2891//6 2892//6 2889//6
f 2822//1 2823//1 2828//1
f 2828//1 2827//1 2822//1
f 2822//2 2890//2 2891//2
f 2891//2 2823//2 2822//2
f 2893//3 2890//3 2822//3
f 2822//3 2827//3 2893//3
f 2823//4 2891//4 2894//4
f 2894//4 2828//4 2823//4
f 2828//5 2894//5 2893//5
f 2893//5 2827//5 2828//5
f 2890//6 2893//6 2894//6
f 2894//6 2891//6 2890//6
f 2827//1 2828//1 2832//1
f 2832//1 2831//1 2827//1
f 2827//2 2893//2 2894//2
f 2894//2 2828//2 2827//2
f 2895//3 2893//3 2827//3
f 2827//3 2831//3 2895//3
f 2828//4 2894//4 2896//4
f 2896//4 2832//4 2828//4
f 2832//5 2896//5 2895//5
f 2895//5 2831//5 2832//5
f 2893//6 2895//6 2896//6
f 2896//6 2894//6 2893//6
f 2837//1 2840//1 2839//1
f 2839//1 2838//1 2837//1
f 2837//2 2897//2 2900//2
f 2900//2 2840//2 2837//2
f 2898//3 2897//3 2837//3
f 2837//3 2838//3 2898//3
f 2840//4 2900//4 2899//4
f 2899//4 2839//4 2840//4
f 2839//5 2899//5 2898//5
f 2898//5 2838//5 2839//5
f 2897//6 2898//6 2899//6
f 2899//6 2900//6 2897//6
f 2845//1 2848//1 2847//1
f 2847//1 2846//1 2845//1
f 2845//2 2901//2 2904//2
f 2904//2 2848//2 2845//2
f 2902//3 2901//3 2845//3
f 2845//3 2846//3 2902//3
f 2848//4 2904//4 2903//4
f 2903//4 2847//4 2848//4
f 2847//5 2903//5 2902//5
f 2902//5 2846//5 2847//5
f 2901//6 2902//6 2903//6
f 2903//6 2904//6 2901//6
f 2853//1 2856//1 2855//1
f 2855//1 2854//1 2853//1
f 2853//2 2905//2 2908//2
f 2908//2 2856//2 2853//2
f 2906//3 2905//3 2853//3
f 2853//3 2854//3 2906//3
f 2856//4 2908//4 2907//4
f 2907//4 2855//4 2856//4
f 2855//5 2907//5 2906//5
f 2906//5 2854//5 2855//5
f 2905//6 2906//6 2907//6
f 2907//6 2908//6 2905//6
f 2909//1 2912//1 2911//1
f 2911//1 2910//1 2909//1
f 2909//2 2913//2 2916//2
f 2916//2 2912//2 2909//2
f 2914//3 2913//3 2909//3
f 2909//3 2910//3 2914//3
f 2912//4 2916//4 2915//4
f 2915//4 2911//4 2912//4
f 2911//5 2915//5 2914//5
f 2914//5 2910//5 2911//5
f 2913//6 2914//6 2915//6
f 2915//6 2916//6 2913//6
f 2857//1 2860//1 2859//1
f 2859//1 2858//1 2857//1
f 2857//2 2917//2 2920//2
f 2920//2 2860//2 2857//2
f 2918//3 2917//3 2857//3
f 2857//3 2858//3 2918//3
f 2860//4 2920//4 2919//4
f 2919//4 2859//4 2860//4
f 2859//5 2919//5 2918//5
f 2918//5 2858//5 2859//5
f 2917//6 2918//6 2919//6
f 2919//6 2920//6 2917//6
f 2858//1 2859//1 2864//1
f 2864//1 2863//1 2858//1
f 2858//2 2918//2 2919//2
f 2919//2 2859//2 2858//2
f 2921//3 2918//3 2858//3
f 2858//3 2863//3 2921//3
f 2859//4 2919//4 2922//4
f 2922//4 2864//4 2859//4
f 2864//5 2922//5 2921//5
f 2921//5 2863//5 2864//5
f 2918//6 2921//6 2922//6
f 2922//6 2919//6 2918//6
f 2923//1 2926//1 2925//1
f 2925//1 2924//1 2923//1
f 2923//2 2927//2 2930//2
f 2930//2 2926//2 2923//2
f 2928//3 2927//3 2923//3
f 2923//3 2924//3 2928//3
f 2926//4 2930//4 2929//4
f 2929//4 2925//4 2926//4
f 2925//5 2929//5 2928//5
f 2928//5 2924//5 2925//5
f 2927//6 2928//6 2929//6
f 2929//6 2930//6 2927//6
f 2931//1 2934//1 2933//1
f 2933//1 2932//1 2931//1
f 2931//2 2935//2 2938//2
f 2938//2 2934//2 2931//2
f 2936//3 2935//3 2931//3
f 2931//3 2932//3 2936//3
f 2934//4 2938//4 2937//4
f 2937//4 2933//4 2934//4
f 2933//5 2937//5 2936//5
f 2936//5 2932//5 2933//5
f 2935//6 2936//6 2937//6
f 2937//6 2938//6 2935//6
f 2939//1 2942//1 2941//1
f 2941//1 2940//1 2939//1
f 2939//2 2943//2 2946//2
f 2946//2 2942//2 2939//2
f 2944//3 2943//3 2939//3
f 2939//3 2940//3 2944//3
f 2942//4 2946//4 2945//4
f 2945//4 2941//4 2942//4
f 2941//5 2945//5 2944//5
f 2944//5 2940//5 2941//5
f 2943//6 2944//6 2945//6
f 2945//6 2946//6 2943//6
f 2947//1 2950//1 2949//1
f 2949//1 2948//1 2947//1
f 2947//2 2951//2 2954//2
f 2954//2 2950//2 2947//2
f 2952//3 2951//3 2947//3
f 2947//3 2948//3 2952//3
f 2950//4 2954//4 2953//4
f 2953//4 2949//4 2950//4
f 2949//5 2953//5 2952//5
f 2952//5 2948//5 2949//5
f 2951//6 2952//6 2953//6
f 2953//6 2954//6 2951//6
f 2955//1 2958//1 2957//1
f 2957//1 2956//1 2955//1
f 2955//2 2959//2 2962//2
f 2962//2 2958//2 2955//2
f 2960//3 2959//3 2955//3
f 2955//3 2956//3 2960//3
f 2958//4 2962//4 2961//4
f 2961//4 2957//4 2958//4
f 2957//5 2961//5 2960//5
f 2960//5 2956//5 2957//5
f 2959//6 2960//6 2961//6
f 2961//6 2962//6 2959//6
f 2963//1 2966//1 2965//1
f 2965//1 2964//1 2963//1
f 2963//2 2967//2 2970//2
f 2970//2 2966//2 2963//2
f 2968//3 2967//3 2963//3
f 2963//3 2964//3 2968//3
f 2966//4 2970//4 2969//4
f 2969//4 2965//4 2966//4
f 2965//5 2969//5 2968//5
f 2968//5 2964//5 2965//5
f 2967//6 2968//6 2969//6
f 2969//6 2970//6 2967//6
# Vertices: 2970, normals: 6, texture coordinates: 0, faces: 8640

